id_partida,mapa,kills,asistencias,muertes,headshots,rango,subrango,acs,fb,fd,racha,rondas_ganadas,rondas_perdidas,es_main,num_amigos,desconocidos
21b6b62f-7cb1-4773-9835-db4101800fc0,Pearl,19.0,4.0,12.0,6.0,Gold,3.0,323.059,3.0,2.0,1.0,13.0,4.0,1,1,3
8ac3d251-b92a-4e06-a10b-9330481e4dcf,Lotus,14.0,3.0,8.0,5.0,Gold,3.0,225.562,2.0,1.0,2.0,13.0,3.0,0,1,3
57bf22f5-2530-4e47-9811-a909fd1c2966,Fracture,9.0,2.0,8.0,4.0,Gold,3.0,141.133,1.0,0.0,3.0,10.0,2.0,0,1,3
1910a185-4da5-421d-9458-d215b41ae5ec,Split,31.0,12.0,18.0,14.0,Platinum,1.0,310.607,4.0,3.0,0.0,14.0,14.0,0,1,3
816870a4-a03f-4375-aefe-a594b3efdf97,Pearl,12.0,3.0,15.0,7.0,Platinum,1.0,194.111,1.0,3.0,0.0,5.0,13.0,1,1,3
30334f0a-ab00-44eb-a0f7-bc9a579e45da,Lotus,22.0,6.0,11.0,12.0,Gold,3.0,341.0,5.0,0.0,1.0,13.0,6.0,1,1,3
d1f19aea-3a52-4d1a-b5e4-df1db5409751,Bind,8.0,10.0,10.0,3.0,Gold,3.0,156.611,1.0,0.0,2.0,13.0,5.0,0,1,3
d077d941-eaf0-4904-b35f-005fb0490ac0,Split,14.0,8.0,11.0,3.0,Gold,3.0,244.167,3.0,0.0,3.0,13.0,5.0,0,1,3
255825b8-b18a-4421-99ec-f1b00f2c0621,Fracture,21.0,6.0,14.0,2.0,Platinum,1.0,272.727,4.0,1.0,0.0,9.0,13.0,0,1,3
cb3d7345-b2c4-48c0-8410-92502c39db42,Bind,34.0,15.0,21.0,11.0,Platinum,1.0,388.308,3.0,3.0,0.0,12.0,14.0,0,4,0
96932143-e504-4428-b94b-5ea7089a1b63,Split,17.0,9.0,18.0,10.0,Gold,3.0,233.087,5.0,1.0,3.0,13.0,10.0,0,1,3
c08e6fd1-bbcd-43e2-8507-26135ca9cd78,Fracture,23.0,5.0,16.0,10.0,Platinum,1.0,305.591,4.0,0.0,0.0,9.0,13.0,0,1,3
633ccb39-8dc4-42f2-ad42-889be51899d7,Bind,19.0,12.0,16.0,11.0,Platinum,1.0,241.25,1.0,2.0,0.0,11.0,13.0,0,1,3
e8b56652-ec85-40c4-97e8-591e74797545,Haven,35.0,1.0,16.0,11.0,Platinum,1.0,502.65,5.0,1.0,0.0,7.0,13.0,1,3,1
f3000f1d-21b7-4cd7-be92-d7feb0c62d94,Lotus,18.0,8.0,12.0,9.0,Platinum,1.0,263.9,4.0,0.0,1.0,13.0,7.0,0,1,3
e47d1d34-69f2-41ca-8893-8ed0d8a9d6eb,Breeze,28.0,7.0,11.0,11.0,Platinum,1.0,419.65,8.0,2.0,2.0,13.0,7.0,1,3,1
cb103d02-7899-4e69-b4a7-0afda2765d9a,Fracture,31.0,4.0,15.0,12.0,Platinum,1.0,387.783,4.0,4.0,0.0,10.0,13.0,1,3,1
6d560583-ef81-4706-9f6e-70ddf975d62d,Split,17.0,4.0,17.0,7.0,Platinum,1.0,264.1,5.0,2.0,0.0,7.0,13.0,1,4,0
cdd051d9-f54e-4b14-816a-b9b72b0fd00e,Haven,12.0,9.0,19.0,10.0,Platinum,1.0,209.238,2.0,6.0,0.0,8.0,13.0,0,4,0
dc7d378e-7919-4a77-b767-0615665ca4a9,Fracture,39.0,7.0,17.0,16.0,Platinum,1.0,394.179,7.0,1.0,2.0,14.0,14.0,1,4,0
133916b0-27ed-44df-bb4b-e3805cfb8f89,Ascent,25.0,6.0,20.0,14.0,Platinum,1.0,334.87,2.0,6.0,0.0,10.0,13.0,0,3,1
eb306a08-8c72-4915-9016-204696d4ff5e,Fracture,9.0,1.0,14.0,2.0,Platinum,1.0,175.133,2.0,3.0,0.0,2.0,13.0,1,3,1
d034107a-37cd-4789-9a6e-69b9496e0e3d,Split,15.0,9.0,15.0,8.0,Platinum,1.0,303.588,3.0,6.0,0.0,4.0,13.0,0,4,0
5f3154c4-4862-4b92-a687-a833063aeb43,Breeze,18.0,7.0,19.0,9.0,Platinum,1.0,264.905,3.0,2.0,0.0,8.0,13.0,0,4,0
4ca2af9c-4b00-42b5-8cd5-40f28908d28d,Fracture,12.0,4.0,8.0,4.0,Platinum,1.0,199.579,2.0,2.0,3.0,13.0,6.0,1,2,2
503a70f6-527c-4c01-bc90-2ef3b7f39931,Pearl,14.0,7.0,14.0,7.0,Platinum,1.0,286.875,5.0,3.0,0.0,3.0,13.0,1,4,0
89d6795c-c17e-40cc-845b-d8faca4f5121,Pearl,25.0,3.0,14.0,12.0,Platinum,1.0,378.105,6.0,2.0,0.0,6.0,13.0,1,4,0
87dba074-8141-4f21-8d13-8fa9c9f3eedc,Haven,34.0,4.0,12.0,14.0,Platinum,1.0,429.955,4.0,1.0,1.0,13.0,9.0,1,4,0
62c98dd2-a9d7-483d-9e3d-3823e7939b2f,Ascent,18.0,4.0,14.0,8.0,Platinum,1.0,289.474,1.0,1.0,0.0,6.0,13.0,1,1,3
a720fdba-ae12-44bd-b069-d061a8b28a93,Haven,18.0,5.0,15.0,5.0,Platinum,1.0,262.714,1.0,1.0,0.0,8.0,13.0,0,1,3
6f196955-1794-42b4-8ae1-b9e3960d2615,Ascent,15.0,12.0,14.0,13.0,Platinum,1.0,229.6,2.0,1.0,1.0,13.0,7.0,0,1,3
1b088ab7-944f-41f9-976b-5eaf6c9bd2de,Split,19.0,3.0,13.0,4.0,Platinum,1.0,268.667,6.0,2.0,2.0,13.0,8.0,1,1,3
029af2c3-6446-413d-a35e-11bcaa0f4d88,Pearl,29.0,5.0,18.0,16.0,Platinum,1.0,389.261,4.0,4.0,0.0,10.0,13.0,0,4,0
aaf05d09-954e-4d38-bf46-7d92a6151fff,Fracture,28.0,2.0,13.0,6.0,Platinum,1.0,380.0,6.0,1.0,1.0,13.0,7.0,1,4,0
b57f4584-a461-440b-bb02-96bc1bcfa4aa,Lotus,22.0,8.0,16.0,10.0,Platinum,1.0,202.25,3.0,3.0,0.0,13.0,15.0,0,1,3
e5d7c626-89de-482a-97d5-bae12f05c2b2,Haven,17.0,4.0,12.0,24.0,Platinum,1.0,257.889,3.0,0.0,1.0,13.0,5.0,0,1,3
a53cc781-bd8e-4a6d-8d5b-18543b57f17f,Breeze,27.0,2.0,11.0,6.0,Platinum,1.0,363.8,4.0,3.0,1.0,13.0,7.0,1,4,0
0c3e623d-2cf2-447f-b79a-8473138f4cef,Haven,28.0,5.0,12.0,17.0,Platinum,1.0,400.5,6.0,2.0,2.0,13.0,7.0,0,4,0
a709c081-0c08-45c4-aba8-991378dc8265,Split,15.0,5.0,15.0,10.0,Platinum,1.0,267.0,3.0,3.0,0.0,4.0,13.0,0,4,0
e2eb5773-58f5-4419-ab76-ec39f8f6a332,Pearl,27.0,7.0,10.0,14.0,Gold,3.0,419.842,2.0,1.0,1.0,13.0,6.0,0,1,3
93b5a5fb-145d-4389-8212-646c0e2cd63f,Ascent,18.0,9.0,15.0,13.0,Platinum,1.0,317.158,3.0,3.0,0.0,6.0,13.0,0,1,3
0ca182c3-9f34-4338-86c6-cea309950b33,Lotus,10.0,3.0,15.0,5.0,Platinum,1.0,182.471,2.0,4.0,0.0,4.0,13.0,1,1,3
92df72cd-08de-4705-ac7b-61cfe9b7b6be,Lotus,13.0,2.0,15.0,7.0,Platinum,1.0,247.812,0.0,2.0,0.0,3.0,13.0,0,1,3
c99bc019-943e-4537-9987-d7505a75a437,Breeze,31.0,5.0,19.0,7.0,Platinum,1.0,314.357,5.0,3.0,0.0,13.0,15.0,1,1,3
5f6d396a-ed94-41cd-89b6-363ab066cee7,Haven,21.0,4.0,16.0,7.0,Platinum,1.0,290.19,4.0,2.0,0.0,8.0,13.0,1,1,3
e35772de-b85e-4a27-9f47-1c609334e694,Ascent,20.0,7.0,7.0,8.0,Platinum,1.0,334.688,1.0,1.0,1.0,13.0,3.0,0,1,3
08dc66f4-161e-4e38-84c0-fec17917a94d,Haven,17.0,7.0,9.0,16.0,Platinum,1.0,305.118,6.0,1.0,2.0,13.0,4.0,0,1,3
60bbf09a-c95a-4a2d-871b-d956aede53b8,Breeze,14.0,6.0,7.0,6.0,Platinum,1.0,284.375,3.0,0.0,1.0,13.0,3.0,1,1,3
cd0396c8-d6bb-4cae-b346-a15290b48162,Pearl,14.0,6.0,9.0,6.0,Platinum,1.0,238.529,2.0,5.0,2.0,13.0,4.0,0,1,3
e351fcca-6901-4254-9268-29778a978b7c,Haven,39.0,8.0,14.0,15.0,Platinum,1.0,459.417,4.0,2.0,2.0,13.0,11.0,0,4,0
441151d2-df0b-4831-98a8-50d72119b095,Ascent,27.0,4.0,11.0,14.0,Platinum,1.0,371.7,5.0,1.0,3.0,13.0,7.0,1,4,0
e544faab-c55e-4b38-8b5b-3a559e2b5327,Split,37.0,6.0,17.0,22.0,Platinum,1.0,543.333,6.0,1.0,0.0,8.0,13.0,0,4,0
1c81bd27-c45a-4eb5-90b7-050e01c29f00,Lotus,18.0,5.0,15.0,12.0,Platinum,1.0,252.632,0.0,3.0,0.0,6.0,13.0,0,4,0
550b39ef-f5fe-4eea-b2cf-c29b7a01cb08,Pearl,37.0,7.0,14.0,25.0,Platinum,1.0,472.348,6.0,1.0,1.0,13.0,10.0,0,4,0
41eeff46-8770-4323-9e72-fbfe14c0eb68,Haven,21.0,3.0,20.0,25.0,Platinum,1.0,281.5,3.0,4.0,0.0,9.0,13.0,1,4,0
59fc0ff4-a418-4790-bc53-9dba888993a4,Breeze,25.0,3.0,16.0,9.0,Unrated,,326.762,5.0,3.0,0.0,8.0,13.0,0,4,0
c995a64e-b96b-4284-9960-a3bd6fe12a2b,Lotus,3.0,2.0,0.0,0.0,Unrated,,45.692,0.0,0.0,1.0,4.0,0.0,0,4,0
977f9ada-c16a-473a-8e64-004372404cca,Sunset,27.0,6.0,14.0,18.0,Unrated,,359.435,5.0,3.0,2.0,13.0,10.0,0,2,2
d5fa6d06-c66f-4d34-acbe-618bd5ccf9f6,Lotus,20.0,11.0,10.0,10.0,Unrated,,327.833,4.0,2.0,3.0,13.0,5.0,0,2,2
805fe7da-988b-4682-ad3a-ccbc10972e9b,Summit,31.0,6.0,9.0,14.0,Silver,3.0,391.286,2.0,1.0,1.0,13.0,8.0,1,2,2
5dccdf2d-42a9-4204-b794-3354b16f356f,Lotus,12.0,1.0,9.0,7.0,Silver,3.0,221.357,0.0,0.0,0.0,1.0,9.0,0,2,2
e76cdc59-7ec8-4f57-915b-9b995285e936,Ascent,29.0,9.0,15.0,20.0,Silver,3.0,400.318,4.0,2.0,1.0,13.0,9.0,1,4,0
e809a353-a80f-412a-8781-7937b83c8eb4,Haven,30.0,3.0,14.0,18.0,Unrated,,398.045,7.0,1.0,2.0,13.0,9.0,0,4,0
1cdcc5ed-b9c9-475a-9001-48f9662b6679,Split,23.0,8.0,14.0,10.0,Silver,3.0,351.632,5.0,2.0,1.0,13.0,6.0,1,4,0
15c9f11b-4d35-4eb0-aa95-cf45421428bc,Split,36.0,2.0,13.0,15.0,Silver,3.0,499.15,5.0,1.0,1.0,13.0,7.0,1,4,0
00d24683-4c86-4883-b61c-3cff43ce0d5d,Summit,19.0,10.0,17.0,12.0,Gold,1.0,321.333,5.0,2.0,0.0,8.0,13.0,1,4,0
f8d344c0-20b0-4b2d-a9ab-241f28ca4c71,Breeze,3.0,0.0,5.0,1.0,Gold,1.0,65.0,2.0,1.0,0.0,0.0,5.0,1,4,0
fa77eb28-e60d-435f-9f5e-3fdc663a00bc,Summit,21.0,8.0,14.0,17.0,Silver,3.0,273.238,2.0,1.0,1.0,13.0,8.0,0,1,3
175c8a33-2b78-48cf-a4f3-129d09051bc3,Haven,25.0,5.0,14.0,8.0,Gold,1.0,340.727,2.0,1.0,0.0,9.0,13.0,0,1,3
cb481d0e-d71b-4ec8-b2ae-ef50852c5e16,Sunset,14.0,5.0,16.0,3.0,Gold,1.0,215.476,4.0,4.0,0.0,8.0,13.0,0,1,3
c4e0e852-896f-41c9-bafd-71db7c0ee67e,Lotus,21.0,7.0,16.0,11.0,Gold,1.0,272.864,4.0,1.0,1.0,13.0,9.0,1,4,0
96c3d835-41b6-42a9-a300-d529425b09cd,Ascent,19.0,3.0,15.0,7.0,Gold,1.0,297.263,3.0,2.0,0.0,6.0,13.0,1,4,0
2abfe2f9-87a1-492d-a6bc-b2da7101f829,Breeze,16.0,5.0,18.0,7.0,Gold,1.0,217.6,1.0,5.0,0.0,7.0,13.0,0,4,0
ced664a5-45c2-4c3f-bcdc-3cb3961d8e27,Sunset,2.0,0.0,5.0,0.0,Gold,1.0,41.538,0.0,0.0,0.0,0.0,5.0,0,4,0
c360fb51-e2d7-4a8c-b012-bf2df25f582a,Haven,13.0,8.0,17.0,10.0,Gold,1.0,214.333,1.0,3.0,0.0,8.0,13.0,1,4,0
f93e046d-614f-445f-a2ba-373a4d310515,Ascent,30.0,6.0,14.0,19.0,Gold,1.0,400.318,6.0,1.0,1.0,13.0,9.0,1,4,0
9db2d4ee-52c1-4dc1-8a44-4b6b4d928869,Split,30.0,10.0,20.0,16.0,Gold,1.0,340.115,3.0,3.0,2.0,14.0,12.0,0,4,0
49bf6e22-525d-4241-b8a0-f1d4377cf84f,Haven,37.0,8.0,14.0,16.0,Gold,1.0,508.864,4.0,0.0,1.0,13.0,9.0,0,4,0
1bbe367b-aeb2-4f1d-9160-84163fc7e83d,Haven,8.0,5.0,19.0,4.0,Silver,2.0,130.381,1.0,1.0,0.0,8.0,13.0,0,1,3
32fd6f23-6d77-45c6-8ef0-7037a0de5cc0,Haven,11.0,16.0,22.0,4.0,Silver,2.0,141.357,1.0,3.0,1.0,15.0,13.0,0,1,3
95799edf-4ec3-4865-bd79-d759ad23bb01,Lotus,21.0,14.0,21.0,5.0,Silver,2.0,207.3,0.0,3.0,0.0,14.0,16.0,1,1,3
a0be3300-259f-404b-ba43-425bb316260c,Pearl,18.0,3.0,19.0,8.0,Silver,2.0,227.542,5.0,2.0,0.0,11.0,13.0,0,3,1
00fa081a-0796-466b-a9f8-0fb5bc983aee,Lotus,26.0,4.0,16.0,20.0,Silver,2.0,316.391,2.0,3.0,1.0,13.0,10.0,0,3,1
fbbff0ae-0b9c-4e7b-901f-a71055f49015,Breeze,20.0,7.0,20.0,16.0,Silver,2.0,213.357,3.0,4.0,1.0,14.0,14.0,1,0,4
1df91289-61fd-4f9f-8937-92216e075af2,Fracture,21.0,8.0,16.0,12.0,Silver,2.0,278.143,5.0,1.0,0.0,8.0,13.0,1,1,3
66c8a419-a503-41ff-9422-4431ced30f11,Breeze,19.0,3.0,14.0,10.0,Silver,2.0,245.45,0.0,3.0,0.0,7.0,13.0,0,1,3
795d1ccf-b3b5-4691-acaa-c4c3b92e12d8,Breeze,12.0,1.0,7.0,7.0,Silver,2.0,214.0,0.0,1.0,1.0,13.0,1.0,0,1,3
d606ec31-6800-4467-bde2-712fac77422e,Fracture,20.0,2.0,10.0,4.0,Silver,2.0,295.412,3.0,0.0,1.0,13.0,4.0,0,0,4
87ff8761-874b-447e-acfb-0b62095d8658,Ascent,22.0,7.0,19.0,6.0,Silver,2.0,279.87,4.0,3.0,1.0,13.0,10.0,0,1,3
f3e326aa-844d-4d48-89f3-1412a8d229db,Lotus,19.0,4.0,16.0,6.0,Silver,2.0,250.727,2.0,3.0,0.0,9.0,13.0,1,2,2
503a70f6-527c-4c01-bc90-2ef3b7f39931,Pearl,10.0,0.0,13.0,5.0,Silver,2.0,205.812,1.0,2.0,0.0,3.0,13.0,0,4,0
c1972303-3dc7-46a2-a26d-39d449eb5900,Haven,15.0,5.0,17.0,8.0,Silver,1.0,216.913,4.0,3.0,1.0,13.0,10.0,1,3,1
59547ca8-d1ac-4d2b-9125-e407fade610c,Haven,15.0,4.0,17.0,16.0,Silver,2.0,190.143,3.0,1.0,0.0,8.0,13.0,0,1,3
690ea1d2-e4ec-4433-ba26-3a1361d10f5c,Fracture,29.0,0.0,12.0,12.0,Silver,1.0,363.857,7.0,2.0,1.0,13.0,8.0,1,1,3
83ce32e7-01fa-4689-8232-4dccf35e8c3a,Breeze,16.0,1.0,16.0,7.0,Silver,2.0,237.333,3.0,2.0,0.0,5.0,13.0,1,1,3
029af2c3-6446-413d-a35e-11bcaa0f4d88,Pearl,18.0,5.0,20.0,7.0,Silver,2.0,244.087,2.0,3.0,0.0,10.0,13.0,1,4,0
aaf05d09-954e-4d38-bf46-7d92a6151fff,Fracture,16.0,8.0,14.0,10.0,Silver,2.0,231.6,0.0,0.0,1.0,13.0,7.0,0,4,0
801a19ab-0f6a-4988-a9ca-8520b177c090,Haven,19.0,2.0,16.0,8.0,Silver,2.0,211.217,3.0,3.0,1.0,13.0,10.0,1,1,3
0eb1dad8-b5d1-4792-bbf9-d4350e4f1287,Split,18.0,8.0,10.0,7.0,Silver,2.0,281.588,3.0,0.0,2.0,13.0,4.0,0,1,3
1a004b85-14aa-406d-9b4e-b00387991d46,Lotus,15.0,7.0,17.0,7.0,Silver,2.0,201.227,3.0,0.0,0.0,9.0,13.0,1,2,2
b2f4de61-548f-412f-8c82-1f3fa806b719,Split,18.0,6.0,9.0,8.0,Silver,2.0,291.556,2.0,1.0,1.0,13.0,5.0,0,2,2
31d4fac1-6e3c-4571-80e9-bf1522a9964c,Ascent,16.0,8.0,16.0,6.0,Unrated,,227.571,4.0,0.0,0.0,8.0,13.0,0,1,3
6bb9cee1-3352-4be0-87c9-efc1026318cf,Summit,10.0,9.0,18.0,4.0,Unrated,,144.391,0.0,4.0,0.0,10.0,13.0,0,1,3
dcbdb706-7fdd-448b-97f9-e3e142015913,Lotus,11.0,3.0,14.0,8.0,Unrated,,164.571,1.0,3.0,0.0,8.0,13.0,0,1,3
68798acb-c3b8-4575-be02-b8c3e7870555,Haven,17.0,6.0,17.0,9.0,Unrated,,220.435,4.0,3.0,1.0,13.0,10.0,0,0,4
c63ae207-775e-44ad-bc1b-d731f04dc1b4,Ascent,27.0,9.0,15.0,9.0,Unrated,,339.818,3.0,2.0,2.0,13.0,9.0,1,0,4
1cdcc5ed-b9c9-475a-9001-48f9662b6679,Split,14.0,13.0,13.0,9.0,Bronze,2.0,224.0,3.0,2.0,1.0,13.0,6.0,0,4,0
e439c5d2-bcaa-47c9-b58c-5ff48348d315,Haven,9.0,13.0,17.0,4.0,Bronze,2.0,147.667,3.0,5.0,2.0,13.0,8.0,1,1,3
c4b925aa-fb58-4d08-b79a-141e7b13be27,Lotus,14.0,12.0,19.0,9.0,Bronze,2.0,186.25,1.0,4.0,0.0,11.0,13.0,1,0,4
1fc69cd6-eb93-4a59-a93b-925cd978631b,Ascent,14.0,9.0,18.0,10.0,Bronze,2.0,211.318,3.0,1.0,0.0,9.0,13.0,0,0,4
c06f855e-a35a-426d-9cd5-882222c517bd,Summit,20.0,4.0,15.0,1.0,Bronze,2.0,222.125,1.0,0.0,1.0,13.0,11.0,0,1,3
13914a77-2fec-4ad8-b705-2db84ce3dc0a,Breeze,24.0,2.0,17.0,10.0,Bronze,2.0,298.304,2.0,1.0,0.0,10.0,13.0,0,1,3
c4e0e852-896f-41c9-bafd-71db7c0ee67e,Lotus,23.0,6.0,16.0,11.0,Bronze,2.0,294.455,6.0,0.0,2.0,13.0,9.0,0,4,0
96c3d835-41b6-42a9-a300-d529425b09cd,Ascent,7.0,2.0,18.0,2.0,Bronze,2.0,120.211,3.0,2.0,0.0,6.0,13.0,0,4,0
2abfe2f9-87a1-492d-a6bc-b2da7101f829,Breeze,10.0,9.0,16.0,11.0,Bronze,2.0,188.95,1.0,3.0,0.0,7.0,13.0,0,4,0
ced664a5-45c2-4c3f-bcdc-3cb3961d8e27,Sunset,2.0,0.0,5.0,2.0,Bronze,2.0,44.231,1.0,1.0,0.0,0.0,5.0,1,4,0
c360fb51-e2d7-4a8c-b012-bf2df25f582a,Haven,10.0,2.0,17.0,7.0,Bronze,2.0,133.19,1.0,4.0,0.0,8.0,13.0,0,4,0
a5387727-cc79-4430-a359-77be3eb81c40,Ascent,20.0,5.0,14.0,10.0,Bronze,2.0,263.429,4.0,1.0,0.0,8.0,13.0,0,1,3
508494e1-4270-4af3-807e-d14476e99a77,Summit,15.0,5.0,18.0,9.0,Bronze,2.0,199.364,3.0,3.0,1.0,13.0,9.0,1,1,3
a7d04c61-3484-4b3c-bca7-15ad626c36e8,Sunset,14.0,3.0,12.0,5.0,Bronze,2.0,168.45,1.0,1.0,2.0,13.0,7.0,0,1,3
d1fe314d-24bd-4650-8f9a-bd5a4d3916a8,Split,13.0,10.0,19.0,3.0,Bronze,2.0,170.792,0.0,3.0,1.0,13.0,11.0,0,0,4
f271f227-e105-4c8f-9d03-f92e364bb723,Sunset,16.0,12.0,15.0,6.0,Bronze,2.0,206.174,1.0,2.0,0.0,10.0,13.0,0,1,3
b1e3d209-6f53-474d-b4f9-2e604eefb53a,Summit,17.0,5.0,8.0,9.0,Bronze,2.0,354.333,3.0,1.0,1.0,11.0,2.0,1,1,3
3987088d-cc34-441a-b06d-b669efaec249,Split,20.0,6.0,18.0,12.0,Bronze,2.0,239.391,6.0,2.0,0.0,10.0,13.0,0,1,3
b77b05a4-41e3-4b53-afd3-b30bc92e62c4,Ascent,10.0,4.0,13.0,4.0,Bronze,3.0,164.111,2.0,2.0,1.0,13.0,5.0,1,0,4
df8d7032-e1e9-4f75-8d21-1834f0660f1d,Breeze,21.0,7.0,16.0,7.0,Bronze,2.0,289.708,3.0,1.0,2.0,13.0,11.0,0,0,4
f93e046d-614f-445f-a2ba-373a4d310515,Ascent,22.0,1.0,11.0,3.0,Bronze,3.0,245.273,4.0,0.0,1.0,13.0,9.0,0,4,0
9db2d4ee-52c1-4dc1-8a44-4b6b4d928869,Split,20.0,6.0,19.0,6.0,Bronze,3.0,225.192,3.0,3.0,2.0,14.0,12.0,0,4,0
2c13e39c-d85e-4229-a2fc-30c5f46850e6,Summit,19.0,3.0,19.0,11.0,Bronze,3.0,231.125,3.0,2.0,0.0,11.0,13.0,1,2,2
041c8e79-a04c-431d-a4a2-015664764b61,Sunset,10.0,2.0,13.0,6.0,Bronze,3.0,192.6,1.0,3.0,0.0,2.0,13.0,0,1,3
49bf6e22-525d-4241-b8a0-f1d4377cf84f,Haven,16.0,3.0,18.0,2.0,Bronze,3.0,192.409,5.0,2.0,1.0,13.0,9.0,0,4,0
6887a0ef-25d5-4a5e-b98a-e1aa5be29e21,Lotus,13.0,5.0,18.0,4.0,Diamond,2.0,140.0,1.0,1.0,0.0,13.0,15.0,0,2,2
08e9a8bf-e669-4cc6-a99a-991b6abe792e,Breeze,3.0,2.0,2.0,3.0,Diamond,2.0,61.308,1.0,0.0,1.0,4.0,0.0,0,1,3
069e7c91-a60e-4bf8-9551-425765422de0,Lotus,10.0,7.0,14.0,8.0,Diamond,2.0,146.105,0.0,2.0,0.0,6.0,13.0,1,2,2
9a324d64-46a2-4ef9-897a-259957898a60,Haven,13.0,2.0,14.0,8.0,Diamond,2.0,181.65,2.0,4.0,0.0,7.0,13.0,0,3,1
5241ef39-25f1-49cf-b3c2-acd78b956505,Pearl,13.0,9.0,15.0,11.0,Diamond,2.0,221.278,1.0,2.0,0.0,5.0,13.0,1,2,2
26282bba-dbdf-471f-ae49-74f6c1718374,Breeze,16.0,2.0,15.0,10.0,Diamond,2.0,216.4,2.0,2.0,0.0,7.0,13.0,0,1,3
f330ccc4-f64f-4cf9-992f-97b85c1438b4,Fracture,13.0,7.0,13.0,8.0,Diamond,1.0,185.05,1.0,1.0,1.0,13.0,7.0,1,1,3
1cc6d180-fc6a-4e8b-989e-2b9cc6442d8b,Lotus,28.0,9.0,17.0,15.0,Diamond,2.0,320.846,2.0,0.0,0.0,12.0,14.0,0,3,1
547bf733-24a2-40fd-b9f3-3b9cbcdc3d25,Ascent,13.0,8.0,17.0,8.0,Diamond,2.0,173.696,1.0,2.0,1.0,13.0,10.0,0,3,1
54b235de-3ad0-44c1-970c-325c6c0cd59c,Pearl,22.0,6.0,9.0,11.0,Diamond,2.0,284.0,2.0,0.0,1.0,13.0,7.0,1,2,2
8c3eee17-e73c-4a9c-acc8-1f5411ff97c4,Lotus,8.0,4.0,18.0,7.0,Diamond,2.0,115.095,1.0,1.0,0.0,8.0,13.0,1,1,3
59214d17-7a5a-483d-b6d9-028cff5580b6,Pearl,3.0,13.0,17.0,3.0,Diamond,2.0,91.263,0.0,2.0,0.0,6.0,13.0,0,1,3
56db44d8-b584-44c3-8aac-b706f2b8972f,Haven,10.0,8.0,18.0,5.0,Diamond,1.0,146.238,0.0,1.0,0.0,8.0,13.0,0,1,3
0dbecad3-f4ec-4235-9489-5e3326be6a5a,Split,22.0,10.0,16.0,15.0,Diamond,1.0,280.478,1.0,0.0,1.0,13.0,10.0,1,1,3
88521f5b-6846-4878-bfae-1651f21ce44d,Haven,19.0,12.0,16.0,14.0,Diamond,1.0,230.435,1.0,0.0,0.0,10.0,13.0,0,1,3
84a2ba04-8797-4a3f-b4e9-7fb83e417609,Breeze,22.0,11.0,24.0,10.0,Diamond,1.0,233.767,2.0,3.0,0.0,15.0,15.0,0,1,3
d682793c-f41d-4a2a-bc8a-d91884b59d75,Ascent,13.0,7.0,21.0,8.0,Diamond,1.0,164.174,0.0,1.0,0.0,10.0,13.0,0,1,3
4ab02943-f55b-4f0c-85e4-83c950266fb7,Split,17.0,3.0,15.0,7.0,Unrated,,193.905,2.0,1.0,1.0,13.0,8.0,1,1,3
02269dfc-8c87-47aa-95bb-0d78bffa8321,Haven,16.0,8.0,16.0,12.0,Unrated,,216.524,0.0,2.0,0.0,8.0,13.0,0,2,2
40cc1c0a-d702-417d-a191-11dc04dea3fd,Haven,14.0,10.0,19.0,8.0,Unrated,,222.958,0.0,1.0,0.0,11.0,13.0,0,1,3
8742ba15-d744-43d0-892f-720cfc614a9c,Summit,18.0,5.0,19.0,9.0,Unrated,,220.522,0.0,2.0,1.0,13.0,10.0,1,1,3
f777f512-04f2-49a7-9aab-1b24caf08299,Ascent,4.0,2.0,17.0,3.0,Gold,3.0,67.333,0.0,3.0,0.0,5.0,13.0,0,1,3
eaab17ce-e067-4eaa-8401-09c9380187b9,Split,7.0,4.0,18.0,4.0,Gold,3.0,135.444,2.0,3.0,0.0,5.0,13.0,0,1,3
9a5eff18-82c3-4753-a92d-621331414c45,Sunset,32.0,7.0,17.0,16.0,Unrated,,342.808,4.0,0.0,0.0,12.0,14.0,1,1,3
10dc272e-7cb3-469f-aa2f-41ee0b66d32f,Split,8.0,2.0,14.0,5.0,Gold,3.0,138.375,0.0,0.0,0.0,3.0,13.0,0,1,3
d53611d1-dfc1-40f0-8a2f-197677a6fa25,Summit,18.0,7.0,15.0,16.0,Gold,3.0,275.1,1.0,1.0,1.0,13.0,7.0,1,1,3
185947aa-e505-48a0-8c57-63b5ea6cea13,Summit,7.0,2.0,15.0,6.0,Gold,3.0,74.783,0.0,0.0,0.0,10.0,13.0,1,0,4
dbc18550-cc27-4d88-8b66-5b5374dfb9ee,Haven,16.0,10.0,20.0,9.0,Bronze,1.0,163.536,1.0,3.0,1.0,15.0,13.0,1,1,3
15c9f11b-4d35-4eb0-aa95-cf45421428bc,Split,10.0,6.0,14.0,5.0,Bronze,1.0,142.7,1.0,2.0,1.0,13.0,7.0,1,4,0
00d24683-4c86-4883-b61c-3cff43ce0d5d,Summit,11.0,3.0,17.0,6.0,Bronze,1.0,166.238,1.0,0.0,0.0,8.0,13.0,0,3,1
f8d344c0-20b0-4b2d-a9ab-241f28ca4c71,Breeze,2.0,1.0,5.0,2.0,Bronze,1.0,58.538,0.0,1.0,0.0,0.0,5.0,0,3,1
96c3d835-41b6-42a9-a300-d529425b09cd,Ascent,8.0,4.0,18.0,6.0,Bronze,1.0,138.737,0.0,2.0,0.0,6.0,13.0,0,4,0
2abfe2f9-87a1-492d-a6bc-b2da7101f829,Breeze,7.0,7.0,18.0,2.0,Bronze,1.0,117.75,1.0,1.0,0.0,7.0,13.0,0,4,0
ced664a5-45c2-4c3f-bcdc-3cb3961d8e27,Sunset,0.0,0.0,5.0,0.0,Bronze,1.0,20.077,0.0,1.0,0.0,0.0,5.0,0,4,0
c360fb51-e2d7-4a8c-b012-bf2df25f582a,Haven,9.0,3.0,15.0,8.0,Bronze,1.0,131.857,1.0,2.0,0.0,8.0,13.0,1,4,0
f93e046d-614f-445f-a2ba-373a4d310515,Ascent,6.0,6.0,14.0,1.0,Bronze,1.0,87.409,0.0,0.0,1.0,13.0,9.0,1,4,0
9db2d4ee-52c1-4dc1-8a44-4b6b4d928869,Split,13.0,5.0,17.0,6.0,Bronze,1.0,143.769,0.0,0.0,2.0,14.0,12.0,1,4,0
49bf6e22-525d-4241-b8a0-f1d4377cf84f,Haven,11.0,5.0,17.0,4.0,Bronze,1.0,144.773,0.0,0.0,1.0,13.0,9.0,1,4,0
87790e52-db3f-4020-b86c-2bdfe2b77d36,Fracture,19.0,4.0,17.0,9.0,Bronze,1.0,255.208,2.0,2.0,0.0,11.0,13.0,1,2,2
663b668e-14aa-46a4-b414-64e9e2fdf3a0,Split,9.0,4.0,14.0,8.0,Bronze,1.0,135.571,1.0,2.0,1.0,13.0,8.0,1,0,4
9dff2f76-89da-41ac-8ade-a275499899f6,Breeze,7.0,4.0,20.0,4.0,Bronze,1.0,105.739,1.0,3.0,0.0,10.0,13.0,1,1,3
978c4af4-b5e1-4de2-9e2b-a7ea0a2cd39b,Lotus,8.0,5.0,12.0,4.0,Bronze,1.0,143.471,0.0,1.0,1.0,13.0,4.0,0,0,4
00fa081a-0796-466b-a9f8-0fb5bc983aee,Lotus,19.0,0.0,15.0,16.0,Bronze,1.0,235.174,4.0,1.0,1.0,13.0,10.0,1,3,1
9d7f62b9-9334-410c-a60c-0df1b047d1bc,Split,14.0,7.0,17.0,8.0,Bronze,2.0,191.364,2.0,4.0,0.0,9.0,13.0,1,0,4
793f769a-fc9b-4902-8ccc-a2715ce687ab,Split,25.0,5.0,21.0,16.0,Bronze,2.0,248.75,4.0,1.0,0.0,14.0,14.0,1,0,4
17806c20-9a29-42b0-a891-d3c7e4a865ab,Pearl,16.0,2.0,16.0,17.0,Bronze,2.0,192.261,1.0,4.0,1.0,13.0,10.0,1,0,4
cb3d7345-b2c4-48c0-8410-92502c39db42,Bind,20.0,2.0,21.0,14.0,Bronze,2.0,220.423,1.0,7.0,0.0,12.0,14.0,1,4,0
066d4d36-5f5f-4331-b0be-5b5cd44ec00d,Lotus,15.0,9.0,13.0,10.0,Bronze,2.0,240.4,3.0,3.0,1.0,13.0,7.0,1,0,4
50491aeb-07d4-4a9a-9d3d-57a619dfb287,Pearl,14.0,3.0,18.0,9.0,Bronze,2.0,207.304,2.0,3.0,0.0,10.0,13.0,1,1,3
aee13bbe-fba8-4ff4-8502-2659320d5f97,Fracture,10.0,7.0,13.0,5.0,Bronze,2.0,154.211,2.0,2.0,1.0,13.0,6.0,0,0,4
767dc04e-77ae-4fa9-b5b8-28e30ea0fcc4,Pearl,21.0,2.0,14.0,15.0,Bronze,2.0,278.667,5.0,1.0,1.0,13.0,8.0,1,0,4
d03bea05-5418-4ef6-a096-ee9c546f3027,Ascent,11.0,5.0,17.0,5.0,Bronze,2.0,238.059,3.0,3.0,0.0,4.0,13.0,1,0,4
8a1fed11-e742-4426-8113-94beba6a879d,Split,26.0,6.0,22.0,16.0,Bronze,2.0,297.231,6.0,7.0,0.0,12.0,14.0,1,0,4
32811dbd-0271-4eaa-ade5-247755acb915,Fracture,19.0,7.0,22.0,10.0,Bronze,2.0,228.308,3.0,5.0,0.0,12.0,14.0,1,0,4
2fe6c70d-0b19-4368-b124-c2cdcc10dbab,Lotus,23.0,6.0,18.0,17.0,Bronze,2.0,303.583,4.0,2.0,1.0,13.0,11.0,1,0,4
9af478eb-8663-455f-8a3c-8017f24e94b5,Haven,14.0,4.0,15.0,7.0,Bronze,2.0,202.95,2.0,3.0,2.0,13.0,7.0,1,0,4
6aae10d1-d8d3-4276-b5af-aa3d779a5355,Haven,26.0,9.0,21.0,15.0,Bronze,2.0,246.133,4.0,4.0,1.0,15.0,15.0,1,0,4
fd55c82e-4585-4845-9886-6de95a8e3a6a,Fracture,14.0,2.0,15.0,9.0,Bronze,2.0,263.118,2.0,1.0,0.0,4.0,13.0,1,0,4
c890d2b8-0cb0-49f5-802d-35c2dfcb1830,Fracture,13.0,2.0,18.0,9.0,Bronze,2.0,233.579,2.0,2.0,0.0,6.0,13.0,1,0,4
3d5a3519-235d-4c0c-99dc-40f8ec20105b,Ascent,22.0,2.0,18.0,11.0,Bronze,2.0,283.87,4.0,3.0,0.0,10.0,13.0,1,0,4
725acbd5-0fb7-44be-a124-6b406788b772,Lotus,14.0,5.0,19.0,8.0,Bronze,2.0,231.7,1.0,2.0,0.0,7.0,13.0,1,2,2
5f3154c4-4862-4b92-a687-a833063aeb43,Breeze,18.0,5.0,18.0,11.0,Bronze,2.0,239.714,1.0,4.0,0.0,8.0,13.0,1,4,0
54f6013c-d302-4efb-abbf-825393a73f7c,Haven,19.0,3.0,18.0,11.0,Bronze,2.0,252.409,2.0,5.0,0.0,9.0,13.0,1,0,4
7ac1949f-1ec7-4fca-98ee-19b2f9f5add2,Pearl,11.0,5.0,9.0,4.0,Bronze,1.0,226.0,3.0,4.0,2.0,13.0,2.0,1,0,4
16d79d42-022e-45c4-bd0c-f494babd8a77,Ascent,12.0,7.0,17.0,4.0,Bronze,1.0,207.524,2.0,5.0,0.0,8.0,13.0,1,0,4
fea61afc-abd9-4ae9-bb97-c2a96b61c59f,Haven,23.0,5.0,16.0,18.0,Bronze,2.0,369.474,4.0,3.0,0.0,6.0,13.0,1,0,4
f3e326aa-844d-4d48-89f3-1412a8d229db,Lotus,24.0,4.0,17.0,13.0,Bronze,2.0,334.909,2.0,2.0,0.0,9.0,13.0,1,2,2
503a70f6-527c-4c01-bc90-2ef3b7f39931,Pearl,7.0,3.0,15.0,2.0,Bronze,2.0,139.625,0.0,1.0,0.0,3.0,13.0,1,4,0
5dafdce6-c4f6-46ce-9465-18e9ceaee7a7,Haven,15.0,3.0,15.0,8.0,Bronze,1.0,201.727,1.0,4.0,1.0,13.0,9.0,1,1,3
0f5f6461-8805-4a79-939e-c4b306ef8f52,Ascent,10.0,4.0,16.0,7.0,Bronze,1.0,171.0,2.0,2.0,0.0,6.0,13.0,1,0,4
2b0c6139-a00b-4473-a699-eba177745de5,Lotus,18.0,4.0,18.0,5.0,Bronze,2.0,243.864,1.0,3.0,0.0,9.0,13.0,1,1,3
5e077ceb-ec99-4b4c-bbcc-10fe2023c191,Lotus,19.0,3.0,14.0,6.0,Bronze,2.0,261.6,2.0,1.0,1.0,13.0,7.0,1,0,4
78f20882-b69a-46c2-93d7-644ef6a66871,Split,20.0,4.0,12.0,7.0,Bronze,1.0,266.158,2.0,3.0,2.0,13.0,6.0,1,0,4
89d6795c-c17e-40cc-845b-d8faca4f5121,Pearl,8.0,7.0,14.0,6.0,Bronze,2.0,157.053,1.0,1.0,0.0,6.0,13.0,1,4,0
87dba074-8141-4f21-8d13-8fa9c9f3eedc,Haven,22.0,6.0,15.0,13.0,Bronze,2.0,287.773,3.0,6.0,1.0,13.0,9.0,1,4,0
c1972303-3dc7-46a2-a26d-39d449eb5900,Haven,23.0,6.0,16.0,9.0,Bronze,2.0,266.957,3.0,1.0,1.0,13.0,10.0,1,3,1
74dec13a-7a51-4a64-bad3-71980f9d42d0,Breeze,18.0,4.0,18.0,9.0,Bronze,2.0,259.429,2.0,2.0,0.0,8.0,13.0,1,2,2
61326806-d76c-47ee-8c53-f6015457899c,Fracture,31.0,7.0,11.0,16.0,Bronze,2.0,390.045,2.0,1.0,1.0,13.0,9.0,1,0,4
1522d752-d0c5-4579-9485-a8619a9c8482,Ascent,14.0,5.0,19.0,5.0,Bronze,2.0,154.917,3.0,6.0,0.0,11.0,13.0,1,0,4
801a19ab-0f6a-4988-a9ca-8520b177c090,Haven,21.0,6.0,19.0,14.0,Bronze,3.0,284.609,5.0,4.0,1.0,13.0,10.0,1,1,3
0eb1dad8-b5d1-4792-bbf9-d4350e4f1287,Split,12.0,4.0,12.0,4.0,Bronze,2.0,213.353,2.0,4.0,2.0,13.0,4.0,1,1,3
1a004b85-14aa-406d-9b4e-b00387991d46,Lotus,18.0,1.0,19.0,9.0,Bronze,3.0,213.455,2.0,2.0,0.0,9.0,13.0,1,2,2
a53cc781-bd8e-4a6d-8d5b-18543b57f17f,Breeze,15.0,3.0,15.0,9.0,Bronze,3.0,236.9,4.0,2.0,1.0,13.0,7.0,1,4,0
0c3e623d-2cf2-447f-b79a-8473138f4cef,Haven,21.0,3.0,13.0,15.0,Bronze,3.0,268.2,2.0,2.0,2.0,13.0,7.0,1,4,0
a709c081-0c08-45c4-aba8-991378dc8265,Split,10.0,4.0,16.0,4.0,Bronze,3.0,182.882,2.0,1.0,0.0,4.0,13.0,1,4,0
fe3a898e-3f5d-4ea1-a331-76fdec20518d,Breeze,20.0,2.0,18.0,13.0,Bronze,3.0,243.609,1.0,4.0,0.0,10.0,13.0,1,0,4
9c1489ca-cf05-43f6-b39f-c7e5fd07d9c4,Ascent,13.0,5.0,18.0,7.0,Bronze,3.0,180.5,3.0,1.0,1.0,13.0,11.0,1,0,4
f17f6553-32e5-47ca-a1d6-1915c2ae7aa3,Fracture,21.0,2.0,14.0,11.0,Bronze,3.0,280.905,1.0,2.0,2.0,13.0,8.0,1,0,4
f650016b-8f6b-444b-8119-b8f006397819,Pearl,20.0,6.0,17.0,11.0,Bronze,3.0,275.0,3.0,2.0,1.0,13.0,8.0,1,0,4
25836339-ebed-40d1-8e99-206bebc9c0cb,Fracture,12.0,2.0,17.0,1.0,Silver,1.0,166.9,0.0,6.0,0.0,7.0,13.0,1,0,4
e351fcca-6901-4254-9268-29778a978b7c,Haven,14.0,2.0,20.0,12.0,Silver,1.0,154.75,1.0,3.0,1.0,13.0,11.0,1,4,0
441151d2-df0b-4831-98a8-50d72119b095,Ascent,18.0,5.0,18.0,13.0,Silver,1.0,259.35,4.0,3.0,2.0,13.0,7.0,1,4,0
e544faab-c55e-4b38-8b5b-3a559e2b5327,Split,20.0,2.0,20.0,9.0,Silver,1.0,299.381,2.0,4.0,0.0,8.0,13.0,1,4,0
1c81bd27-c45a-4eb5-90b7-050e01c29f00,Lotus,15.0,5.0,18.0,13.0,Silver,1.0,237.474,3.0,4.0,0.0,6.0,13.0,1,4,0
9f1c9435-c0ac-4858-866c-5292b601ec32,Ascent,20.0,2.0,15.0,14.0,Silver,1.0,247.773,4.0,2.0,2.0,13.0,9.0,1,1,3
07c8ba64-2472-47e0-9ee0-faab75d2e9fb,Lotus,12.0,3.0,20.0,9.0,Silver,1.0,159.391,2.0,1.0,1.0,13.0,10.0,1,0,4
61826a2d-3852-492a-9f26-9c490688661f,Ascent,17.0,5.0,20.0,7.0,Silver,1.0,185.192,2.0,4.0,0.0,12.0,14.0,1,0,4
550b39ef-f5fe-4eea-b2cf-c29b7a01cb08,Pearl,14.0,4.0,17.0,9.0,Silver,1.0,181.826,5.0,3.0,1.0,13.0,10.0,1,3,1
41eeff46-8770-4323-9e72-fbfe14c0eb68,Haven,10.0,3.0,17.0,5.0,Silver,1.0,132.409,4.0,4.0,0.0,9.0,13.0,1,3,1
bfa83d37-a0da-4a70-ae02-f95656bf1e10,Ascent,12.0,7.0,15.0,10.0,Unrated,,224.158,3.0,3.0,1.0,13.0,6.0,1,1,3
59fc0ff4-a418-4790-bc53-9dba888993a4,Breeze,20.0,3.0,20.0,16.0,Bronze,2.0,278.714,3.0,3.0,0.0,8.0,13.0,1,4,0
c995a64e-b96b-4284-9960-a3bd6fe12a2b,Lotus,6.0,0.0,1.0,0.0,Bronze,2.0,88.769,0.0,0.0,1.0,4.0,0.0,1,4,0
31d4fac1-6e3c-4571-80e9-bf1522a9964c,Ascent,11.0,3.0,19.0,8.0,Bronze,2.0,175.095,5.0,2.0,0.0,8.0,13.0,1,1,3
f22895f0-6dcd-4044-9ea4-58dc4bf96d93,Sunset,20.0,3.0,8.0,6.0,Bronze,2.0,355.75,3.0,0.0,1.0,13.0,3.0,1,1,3
0e831e5e-9ed0-4367-95ff-6a95be03b9ad,Split,17.0,2.0,18.0,5.0,Bronze,2.0,235.667,3.0,2.0,0.0,8.0,13.0,1,1,3
16404202-2ec0-45c9-978a-e6a112f18ba8,Sunset,19.0,8.0,21.0,8.0,Bronze,2.0,211.857,2.0,6.0,0.0,14.0,14.0,1,0,4
805fe7da-988b-4682-ad3a-ccbc10972e9b,Summit,11.0,4.0,15.0,3.0,Bronze,2.0,149.857,2.0,2.0,1.0,13.0,8.0,1,2,2
5dccdf2d-42a9-4204-b794-3354b16f356f,Lotus,4.0,1.0,9.0,2.0,Bronze,2.0,83.714,0.0,1.0,0.0,1.0,9.0,1,2,2
e76cdc59-7ec8-4f57-915b-9b995285e936,Ascent,13.0,7.0,17.0,4.0,Bronze,2.0,162.773,3.0,2.0,1.0,13.0,9.0,0,4,0
e809a353-a80f-412a-8781-7937b83c8eb4,Haven,16.0,2.0,15.0,12.0,Bronze,2.0,202.591,4.0,4.0,2.0,13.0,9.0,1,4,0
1cdcc5ed-b9c9-475a-9001-48f9662b6679,Split,15.0,7.0,16.0,8.0,Bronze,2.0,237.632,1.0,1.0,1.0,13.0,6.0,1,4,0
15c9f11b-4d35-4eb0-aa95-cf45421428bc,Split,19.0,2.0,16.0,11.0,Bronze,2.0,247.7,5.0,1.0,1.0,13.0,7.0,1,4,0
1d78b24e-193c-46a8-99c7-97a78656921d,Haven,14.0,4.0,18.0,5.0,Bronze,3.0,231.526,3.0,3.0,0.0,6.0,13.0,1,0,4
c06f855e-a35a-426d-9cd5-882222c517bd,Summit,21.0,4.0,20.0,14.0,Bronze,2.0,253.75,4.0,4.0,1.0,13.0,11.0,1,1,3
13914a77-2fec-4ad8-b705-2db84ce3dc0a,Breeze,21.0,4.0,17.0,11.0,Bronze,3.0,272.696,5.0,5.0,0.0,10.0,13.0,1,1,3
c4e0e852-896f-41c9-bafd-71db7c0ee67e,Lotus,20.0,4.0,18.0,6.0,Bronze,3.0,233.227,2.0,2.0,2.0,13.0,9.0,1,4,0
f93e046d-614f-445f-a2ba-373a4d310515,Ascent,18.0,7.0,13.0,8.0,Bronze,3.0,238.818,4.0,4.0,1.0,13.0,9.0,0,4,0
9db2d4ee-52c1-4dc1-8a44-4b6b4d928869,Split,22.0,8.0,18.0,14.0,Bronze,3.0,237.538,1.0,4.0,2.0,14.0,12.0,1,4,0
2c13e39c-d85e-4229-a2fc-30c5f46850e6,Summit,14.0,8.0,23.0,9.0,Bronze,3.0,200.375,2.0,4.0,0.0,11.0,13.0,1,2,2
041c8e79-a04c-431d-a4a2-015664764b61,Sunset,5.0,4.0,15.0,5.0,Bronze,3.0,135.8,1.0,2.0,0.0,2.0,13.0,1,1,3
49bf6e22-525d-4241-b8a0-f1d4377cf84f,Haven,17.0,3.0,19.0,5.0,Bronze,3.0,214.682,3.0,5.0,1.0,13.0,9.0,1,4,0
e59b9766-e72c-4109-9a27-63963e7acaa7,Ascent,13.0,7.0,14.0,8.0,Platinum,3.0,222.875,1.0,1.0,0.0,3.0,13.0,0,0,4
0974ff2b-f701-47f3-8b1d-1a625b13c8a0,Split,6.0,0.0,18.0,6.0,Platinum,3.0,102.941,0.0,3.0,0.0,4.0,13.0,1,0,4
33613c84-d358-42ae-bab0-41a187da5374,Fracture,27.0,3.0,22.0,24.0,Platinum,3.0,279.286,7.0,2.0,1.0,15.0,13.0,0,0,4
a606ac59-f2aa-4c40-8e9a-86b9a64259b3,Split,11.0,6.0,16.0,8.0,Platinum,3.0,166.7,1.0,1.0,0.0,7.0,13.0,0,0,4
0f63f8f1-ee90-4c02-9716-dc321910ea9c,Ascent,18.0,3.0,20.0,14.0,Platinum,3.0,240.227,2.0,4.0,0.0,9.0,13.0,1,0,4
d22e30cf-fa44-4ded-b32e-610248ee0a8a,Pearl,17.0,7.0,17.0,15.0,Platinum,3.0,204.435,2.0,3.0,1.0,13.0,10.0,0,0,4
d1d2d7c9-4203-45ac-a6c2-9cf31a9f4fe3,Ascent,21.0,6.0,18.0,16.0,Platinum,3.0,283.591,4.0,6.0,1.0,13.0,9.0,1,0,4
afc44653-ab80-4a3d-ae6a-319dbc6ac470,Fracture,7.0,2.0,9.0,4.0,Platinum,3.0,106.333,0.0,0.0,0.0,5.0,13.0,0,0,4
39f5b8fa-2796-491c-9bbf-f226c85e207b,Breeze,4.0,1.0,7.0,4.0,Platinum,3.0,93.0,2.0,1.0,0.0,1.0,6.0,1,0,4
6f5e399f-11a6-4595-afc2-27e1e94030c2,Lotus,7.0,4.0,14.0,6.0,Platinum,3.0,173.25,3.0,4.0,0.0,3.0,13.0,0,0,4
1bdb0eec-0a65-495e-bb63-ea36c2e62233,Ascent,6.0,9.0,16.0,3.0,Unrated,,108.3,0.0,1.0,0.0,7.0,13.0,1,0,4
0b3b89e0-9735-4482-810a-88001c434853,Lotus,5.0,3.0,17.0,3.0,Unrated,,86.368,0.0,6.0,0.0,6.0,13.0,0,0,4
0c62a57e-5595-42c6-a755-ba2eca48162a,Haven,7.0,3.0,19.0,3.0,Iron,3.0,78.042,1.0,2.0,1.0,13.0,11.0,0,2,2
71b3ac3c-567c-418e-8db1-c598848b3160,Split,20.0,8.0,17.0,7.0,Iron,3.0,237.75,1.0,3.0,2.0,13.0,11.0,1,2,2
3252c811-c034-454c-86de-a6a0ee9ac298,Sunset,12.0,5.0,16.0,5.0,Iron,3.0,159.174,1.0,2.0,0.0,10.0,13.0,0,0,4
d81471b5-d08a-4f4a-b78c-bba0b3fa47dc,Breeze,6.0,7.0,7.0,1.0,Iron,2.0,83.471,0.0,2.0,1.0,13.0,4.0,0,0,4
33159958-550a-4f11-b8af-eb6f310be5d6,Ascent,15.0,6.0,18.0,4.0,Iron,2.0,216.727,4.0,2.0,2.0,13.0,9.0,1,0,4
138f4118-a314-4096-a3b4-373b76c74fb6,Pearl,12.0,10.0,23.0,11.0,Platinum,3.0,158.077,5.0,5.0,1.0,14.0,12.0,1,2,2
1cc6c1b3-e676-41c1-ae95-13fe9e011f4d,Breeze,24.0,2.0,15.0,12.0,Platinum,3.0,355.789,3.0,2.0,0.0,6.0,13.0,1,0,4
4b3edb88-a8ed-4e7d-a2bc-f4bf6744f750,Ascent,12.0,9.0,18.0,12.0,Platinum,3.0,219.263,0.0,2.0,0.0,6.0,13.0,0,0,4
7dae8cdf-2c75-4daa-b27a-ff40640d9542,Pearl,14.0,3.0,8.0,6.0,Platinum,3.0,231.706,2.0,0.0,1.0,13.0,4.0,0,0,4
da162e80-a02b-401c-baf5-099899a0b566,Fracture,24.0,10.0,12.0,21.0,Platinum,3.0,351.0,1.0,0.0,1.0,13.0,7.0,0,2,2
e02544c5-3fac-454b-9746-0f9433a88482,Ascent,11.0,5.0,15.0,9.0,Platinum,3.0,187.875,1.0,1.0,0.0,3.0,13.0,0,2,2
35af2a73-ea00-4751-8dc7-3cb52e07f606,Split,13.0,10.0,16.0,11.0,Platinum,3.0,180.429,1.0,1.0,1.0,13.0,8.0,0,2,2
7b00a0e0-8e83-4a3c-8558-33f11cf4d4d3,Fracture,39.0,6.0,22.0,32.0,Platinum,3.0,437.192,14.0,2.0,0.0,12.0,14.0,0,2,2
f03ad71c-7897-4530-8c12-2d848e9b9169,Haven,25.0,2.0,18.0,20.0,Platinum,3.0,293.5,5.0,6.0,1.0,13.0,11.0,0,1,3
36e1aa53-def0-4741-9abc-3e114487002b,Fracture,2.0,3.0,8.0,2.0,Platinum,3.0,64.6,0.0,1.0,0.0,2.0,6.0,0,2,2
80249c36-b57e-465e-a2f9-960a71845958,Ascent,15.0,3.0,21.0,12.0,Platinum,3.0,154.875,3.0,1.0,0.0,11.0,13.0,0,1,3
639c0e15-b0d8-424d-a5f7-5791d8d4050a,Haven,29.0,4.0,18.0,21.0,Platinum,3.0,368.19,5.0,1.0,1.0,13.0,8.0,0,1,3
dd77cedf-6c7f-4ff2-8628-0daaef4938b2,Breeze,18.0,4.0,19.0,14.0,Platinum,3.0,216.708,5.0,2.0,0.0,11.0,13.0,0,0,4
028627f9-cd82-472d-86f7-927c0b1ad9f0,Breeze,14.0,2.0,16.0,14.0,Platinum,3.0,178.048,1.0,0.0,0.0,8.0,13.0,0,2,2
b7d713aa-05db-4abe-a46d-fe131928394f,Pearl,15.0,10.0,18.0,14.0,Platinum,3.0,202.65,1.0,0.0,1.0,13.0,7.0,0,2,2
27d24c05-e803-43af-8059-39a7fe3e304f,Lotus,18.0,3.0,18.0,30.0,Platinum,3.0,248.19,7.0,5.0,0.0,8.0,13.0,1,2,2
9974047c-f682-47bd-affd-215733e92bb1,Fracture,16.0,6.0,19.0,12.0,Platinum,3.0,222.5,8.0,3.0,1.0,13.0,9.0,1,2,2
629f1293-1a86-4d91-9a72-d6225b8da783,Haven,16.0,4.0,11.0,14.0,Platinum,3.0,317.0,4.0,3.0,2.0,13.0,2.0,1,2,2
0fad51a7-f330-4fc9-a7f4-88d9a2daff6d,Split,16.0,5.0,13.0,12.0,Platinum,3.0,187.545,3.0,1.0,1.0,13.0,9.0,0,1,3
fd93f971-1833-4eae-8a7c-ab70f417eea7,Ascent,14.0,13.0,20.0,11.0,Platinum,3.0,193.292,0.0,1.0,0.0,11.0,13.0,0,2,2
9ad46b8c-3035-4e06-a0f1-e45bacb75f72,Breeze,15.0,3.0,17.0,14.0,Platinum,3.0,226.25,0.0,3.0,0.0,7.0,13.0,0,1,3
e8a75bf6-b2fb-4bb1-b2e8-8b91b615b0b2,Pearl,25.0,7.0,28.0,25.0,Platinum,3.0,263.633,6.0,9.0,0.0,15.0,15.0,0,1,3
2679d83f-4fcf-4665-b132-97c88a0396b1,Fracture,12.0,3.0,18.0,12.0,Platinum,3.0,180.05,4.0,6.0,1.0,13.0,7.0,1,2,2
830582cd-5fec-497c-ac68-bacbdb268c4f,Haven,18.0,1.0,12.0,7.0,Platinum,3.0,253.947,3.0,0.0,2.0,13.0,6.0,0,2,2
a385a934-6df9-4a4a-bec0-c4d988253e47,Pearl,26.0,8.0,15.0,22.0,Platinum,3.0,285.75,3.0,1.0,3.0,13.0,11.0,0,1,3
4bd80eee-0b47-416e-a2c9-559fe05cfe8a,Haven,35.0,5.0,19.0,34.0,Platinum,3.0,403.346,9.0,5.0,4.0,14.0,12.0,1,1,3
ee0003fa-24e2-449a-aba8-376509d32b92,Fracture,14.0,7.0,16.0,16.0,Platinum,3.0,201.857,6.0,5.0,5.0,13.0,8.0,1,3,1
40b11812-9986-41bd-9368-2186b7881401,Split,23.0,3.0,15.0,15.0,Platinum,3.0,258.417,2.0,0.0,1.0,13.0,11.0,0,0,4
97d89923-f501-4d01-95dd-53b9fcc85e38,Lotus,14.0,4.0,17.0,12.0,Platinum,3.0,231.5,6.0,1.0,0.0,7.0,13.0,0,0,4
47735504-1500-4c2b-ad6d-59a8ac0c25aa,Split,13.0,4.0,16.0,4.0,Platinum,3.0,193.4,2.0,4.0,0.0,7.0,13.0,0,2,2
82f1ba8a-e4da-44c1-bc52-47cb31e63cb5,Fracture,10.0,3.0,8.0,8.0,Platinum,3.0,194.462,2.0,0.0,1.0,13.0,0.0,1,0,4
9563313e-8fbf-4652-97d5-3f8602a9ba81,Fracture,16.0,15.0,10.0,14.0,Platinum,3.0,235.474,0.0,0.0,1.0,13.0,6.0,0,2,2
f8a76852-5648-4dee-b603-e251c72eb8b4,Ascent,24.0,6.0,21.0,20.0,Platinum,3.0,263.846,2.0,4.0,0.0,12.0,14.0,0,1,3
997a8907-a33a-42a3-b3e8-9b50aab9b763,Pearl,17.0,6.0,19.0,14.0,Platinum,3.0,237.0,6.0,6.0,0.0,7.0,13.0,0,1,3
24bde2f0-e315-4355-964a-ffe57814fe22,Ascent,17.0,7.0,17.0,7.0,Platinum,3.0,225.318,3.0,3.0,0.0,9.0,13.0,0,1,3
e649aa0b-c94f-4a80-9469-aa1f6d89e963,Breeze,8.0,6.0,17.0,3.0,Platinum,3.0,131.2,1.0,3.0,0.0,7.0,13.0,0,1,3
d74bbd8a-53b9-4c60-b616-1a4614f20622,Pearl,19.0,5.0,20.0,13.0,Platinum,3.0,221.375,3.0,4.0,1.0,13.0,11.0,1,1,3
26900cc0-ae58-4084-bbe1-6a624f4fc633,Ascent,15.0,3.0,17.0,6.0,Platinum,3.0,214.75,2.0,3.0,0.0,7.0,13.0,1,0,4
802089ea-e065-4148-a027-4acabed03e64,Breeze,17.0,3.0,19.0,17.0,Platinum,3.0,248.0,5.0,4.0,0.0,7.0,13.0,1,1,3
71e17766-75c7-4d1e-ac46-b0081af1e6cb,Lotus,20.0,7.0,22.0,18.0,Platinum,3.0,224.0,5.0,1.0,1.0,14.0,12.0,0,1,3
4d491e19-4106-425e-ae5c-ff25d17bee51,Breeze,21.0,3.0,17.0,4.0,Platinum,3.0,248.875,4.0,2.0,1.0,13.0,11.0,1,1,3
0449c7b0-d0b3-471e-9b78-e968ebfa5f6e,Ascent,11.0,14.0,18.0,11.0,Platinum,3.0,152.542,0.0,3.0,0.0,11.0,13.0,0,2,2
ba4aafa2-d71a-4624-9e12-9864895f69ab,Pearl,9.0,3.0,21.0,10.0,Platinum,3.0,110.0,0.0,4.0,1.0,13.0,10.0,1,2,2
ca498eec-66b8-4adf-b239-f04d5cfb6010,Fracture,13.0,15.0,24.0,6.0,Platinum,3.0,149.107,1.0,1.0,1.0,14.0,14.0,0,2,2
a45af059-a005-4685-a2d1-b1a440a2d6c6,Ascent,18.0,9.0,16.0,14.0,Platinum,3.0,272.455,5.0,6.0,1.0,13.0,9.0,0,0,4
4759af26-75d8-49ba-b43d-5e821f235d73,Lotus,21.0,4.0,8.0,15.0,Platinum,3.0,282.947,1.0,4.0,2.0,13.0,6.0,1,0,4
581cb6cd-e0da-4493-ba11-a4d4f1a08fd3,Pearl,16.0,11.0,13.0,6.0,Platinum,3.0,223.2,3.0,2.0,1.0,13.0,7.0,1,0,4
6ab8b2e6-2980-4ff2-98fe-c25f971c7040,Split,14.0,7.0,17.0,7.0,Platinum,3.0,178.292,2.0,3.0,0.0,11.0,13.0,0,0,4
380b8d02-cf3e-43c6-9875-aa150f2a05f3,Breeze,18.0,9.0,24.0,15.0,Platinum,3.0,206.821,5.0,5.0,0.0,13.0,15.0,0,0,4
755ebbab-8e79-4f48-807f-9faa983c5e7e,Haven,18.0,3.0,22.0,14.0,Platinum,3.0,193.786,4.0,3.0,0.0,13.0,15.0,1,0,4
f1a9a0bc-8c1e-4117-98cf-893de2f877f1,Fracture,12.0,6.0,12.0,4.0,Platinum,3.0,169.842,2.0,3.0,1.0,13.0,6.0,0,0,4
7beff112-4564-4cff-9899-0cca1905e1e9,Lotus,19.0,4.0,20.0,27.0,Platinum,3.0,214.208,1.0,4.0,2.0,13.0,11.0,1,0,4
1d856645-11bc-4143-a939-7fbfdc141f83,Pearl,14.0,5.0,17.0,10.0,Platinum,3.0,188.905,2.0,1.0,0.0,8.0,13.0,0,0,4
95d4c769-d035-4d75-b044-94b488eaa929,Split,14.0,7.0,12.0,9.0,Platinum,3.0,211.35,3.0,1.0,1.0,13.0,7.0,0,1,3
afcb1ee8-e2dc-4f97-87d8-fa691a31018f,Split,8.0,6.0,16.0,6.0,Platinum,3.0,136.882,0.0,1.0,0.0,4.0,13.0,0,1,3
54e2b280-44d1-4399-af26-b77942a59961,Fracture,18.0,6.0,15.0,6.0,Platinum,3.0,251.85,5.0,1.0,1.0,13.0,7.0,1,1,3
06689153-1a6e-45b0-b9c7-62e5389d1596,Breeze,19.0,9.0,18.0,13.0,Platinum,3.0,223.739,2.0,2.0,2.0,13.0,10.0,0,1,3
3e87fb6a-596a-471c-a817-4caaab17c308,Breeze,16.0,7.0,18.0,11.0,Diamond,1.0,164.038,2.0,1.0,0.0,12.0,14.0,0,1,3
5e4b52cd-f719-4288-8ce4-54cea82a41bf,Pearl,14.0,6.0,12.0,9.0,Diamond,1.0,198.778,2.0,2.0,1.0,13.0,5.0,0,1,3
6b9f8ee4-e746-4457-bdff-f33e1a999762,Ascent,10.0,4.0,13.0,4.0,Diamond,1.0,113.043,1.0,1.0,2.0,13.0,10.0,0,1,3
3b44e7a8-7a1c-4ad6-8376-1d084d929e98,Ascent,16.0,5.0,12.0,9.0,Platinum,3.0,278.938,0.0,1.0,3.0,13.0,3.0,1,1,3
2328e2b0-610b-40a7-9947-4ca33731942c,Summit,8.0,0.0,15.0,4.0,Unrated,,133.158,0.0,0.0,0.0,6.0,13.0,0,0,4
60bd62bf-d074-4275-8fd8-6661014716f2,Summit,12.0,3.0,17.0,7.0,Unrated,,167.136,2.0,2.0,0.0,9.0,13.0,1,0,4
ed3f1425-33d8-4df6-bcae-baf9681d68df,Ascent,15.0,9.0,15.0,10.0,Unrated,,193.125,2.0,3.0,1.0,13.0,11.0,0,0,4
7d37c4c1-5d1a-46c7-afc4-840ed61e63d4,Ascent,19.0,2.0,16.0,23.0,Gold,3.0,220.385,5.0,3.0,1.0,14.0,12.0,0,0,4
cb9a1ac2-c1b5-4fdd-ad0a-01c059bde65d,Haven,14.0,5.0,25.0,13.0,Unrated,,163.679,2.0,3.0,0.0,13.0,15.0,1,0,4
ee3e4241-bf8a-46bd-adf9-fafeb756aef2,Haven,12.0,8.0,19.0,11.0,Unrated,,183.435,2.0,5.0,0.0,10.0,13.0,1,0,4
b3e59a92-6016-4385-a49b-cb8ec3f7b38b,Split,16.0,6.0,18.0,9.0,Gold,3.0,150.167,0.0,2.0,1.0,16.0,14.0,0,0,4
5139861c-a5b3-4976-aa28-b0128dffb85a,Breeze,31.0,2.0,20.0,22.0,Gold,3.0,393.619,5.0,1.0,1.0,13.0,8.0,0,1,3
65e4c60f-3879-4240-b77f-86be57abcca8,Haven,31.0,1.0,11.0,22.0,Gold,3.0,422.316,4.0,1.0,2.0,13.0,6.0,0,1,3
975db31c-6491-4f59-84aa-3d9e62f0d57e,Lotus,10.0,1.0,14.0,12.0,Gold,3.0,205.5,4.0,5.0,0.0,1.0,13.0,0,1,3
3783a429-e6bb-4fb8-8d99-160c5843d11c,Sunset,16.0,4.0,17.0,14.0,Platinum,1.0,219.143,3.0,4.0,0.0,8.0,13.0,0,2,2
e10d91a0-c439-42c3-8613-c361947751ad,Lotus,25.0,5.0,18.0,29.0,Platinum,1.0,330.478,11.0,7.0,0.0,10.0,13.0,0,2,2
5f66116a-fd80-4840-8243-a84732166c7a,Haven,22.0,5.0,22.0,19.0,Platinum,1.0,252.042,2.0,1.0,1.0,13.0,11.0,1,2,2
0129ae3f-4d4c-443c-b548-bc94c9e4d5ce,Split,19.0,3.0,19.0,18.0,Platinum,1.0,248.348,0.0,3.0,0.0,10.0,13.0,1,2,2
a73efde2-a899-43fa-b022-b2a70873c335,Haven,5.0,7.0,15.0,3.0,Platinum,1.0,97.062,0.0,1.0,0.0,3.0,13.0,0,2,2
4f3512ef-9d0e-455b-9111-047be406b1fd,Lotus,21.0,12.0,17.0,15.0,Platinum,1.0,261.913,3.0,1.0,0.0,10.0,13.0,0,2,2
06f3edf9-7227-444b-a5cd-7fe86e51ab08,Split,15.0,7.0,12.0,13.0,Gold,3.0,258.25,2.0,1.0,1.0,13.0,3.0,1,2,2
af797b8e-0ec1-4976-a9b6-d88eb0a861bc,Ascent,28.0,5.0,14.0,26.0,Gold,3.0,352.87,3.0,1.0,0.0,10.0,13.0,0,2,2
f6311344-0dae-4eb1-89c0-3f9f8883702b,Haven,22.0,3.0,21.0,19.0,Gold,3.0,325.0,4.0,3.0,0.0,6.0,13.0,1,2,2
2a062f95-13a6-4cf6-8f62-f992e0fea698,Breeze,18.0,4.0,19.0,14.0,Gold,3.0,240.952,2.0,0.0,0.0,8.0,13.0,1,2,2
d454280b-4d82-4f80-9a11-9663f26f18b5,Summit,24.0,3.0,20.0,23.0,Platinum,1.0,304.636,3.0,5.0,0.0,9.0,13.0,0,2,2
019997e1-01d7-48e4-97ad-b2b5e1dc6f9f,Breeze,11.0,3.0,16.0,10.0,Gold,3.0,183.167,1.0,1.0,0.0,5.0,13.0,0,2,2
9dc22f01-79e5-4483-8ae8-dbd24a130398,Ascent,26.0,5.0,18.0,24.0,Gold,3.0,300.333,5.0,3.0,0.0,11.0,13.0,0,2,2
257de02d-5711-46c0-af7a-6d76e8a6bddf,Lotus,14.0,2.0,16.0,17.0,Gold,3.0,248.0,5.0,4.0,0.0,5.0,13.0,0,2,2
95bdacc1-47e8-405a-9bd1-1d1d62f16035,Haven,23.0,7.0,17.0,20.0,Bronze,1.0,280.5,3.0,2.0,0.0,11.0,13.0,1,3,1
72974e1c-a383-4dac-a63f-5e7d4b1d4b02,Split,19.0,2.0,14.0,8.0,Bronze,1.0,260.895,2.0,5.0,0.0,6.0,13.0,1,1,3
26dfbf07-2e88-4060-b8f7-d6dc6bdf2a80,Ascent,24.0,4.0,13.0,18.0,Bronze,1.0,377.471,8.0,1.0,1.0,13.0,4.0,1,1,3
08b6c4d0-7531-4ec0-a0a0-a4cd2148cd9e,Summit,8.0,5.0,16.0,10.0,Bronze,1.0,143.105,1.0,5.0,0.0,6.0,13.0,1,1,3
f48e0023-b884-46ab-a642-a31a413a921f,Summit,18.0,5.0,17.0,12.0,Bronze,1.0,245.81,4.0,5.0,0.0,8.0,13.0,1,1,3
c61ac094-c478-491f-a64b-3c8de20930a1,Haven,17.0,4.0,18.0,18.0,Bronze,1.0,206.333,3.0,2.0,1.0,13.0,11.0,1,1,3
c4920c11-90d9-4adb-86f8-a1c2133584e2,Ascent,17.0,6.0,14.0,12.0,Bronze,1.0,241.905,2.0,1.0,1.0,13.0,8.0,1,0,4
a4533ea2-51d0-4f59-989c-cccc427195dd,Summit,18.0,6.0,21.0,14.0,Bronze,2.0,220.667,0.0,3.0,0.0,11.0,13.0,1,0,4
905143cb-2e9e-4120-a0a8-366fb86135ab,Breeze,16.0,3.0,15.0,12.0,Bronze,2.0,227.238,1.0,1.0,1.0,13.0,8.0,0,0,4
8f013c5a-e8fb-4bf3-8e16-7ae8a437cedf,Breeze,10.0,6.0,18.0,10.0,Bronze,2.0,184.091,0.0,2.0,0.0,9.0,13.0,0,0,4
ded15123-6385-4c41-a2d9-9e5c643b2801,Sunset,11.0,2.0,20.0,7.0,Bronze,2.0,141.458,3.0,3.0,0.0,11.0,13.0,1,1,3
02117eb9-5ccb-4a3a-aa0b-7bde9bb6a8c3,Lotus,14.0,2.0,17.0,12.0,Bronze,2.0,238.368,2.0,4.0,0.0,6.0,13.0,0,1,3
797cd19e-b3f4-46da-8170-6af5dad9fa70,Sunset,20.0,4.0,16.0,17.0,Bronze,1.0,268.8,5.0,2.0,1.0,13.0,7.0,1,1,3
5efcffc3-9e30-4e00-b0a9-3e02d4df0f5c,Split,25.0,4.0,15.0,20.0,Bronze,1.0,383.222,7.0,3.0,2.0,13.0,5.0,1,1,3
7e3052b6-b6dd-424d-807c-026e3cf17c5c,Haven,18.0,1.0,15.0,8.0,Bronze,1.0,240.609,6.0,4.0,0.0,10.0,13.0,1,1,3
9cd49189-5d14-4756-bdf7-ce7d78c4c692,Ascent,23.0,7.0,18.0,18.0,Bronze,1.0,332.333,7.0,2.0,0.0,8.0,13.0,1,1,3
5d03e75a-924b-42f3-b5e2-9ddc09475dc0,Ascent,14.0,4.0,8.0,13.0,Bronze,1.0,273.8,1.0,0.0,1.0,10.0,2.0,1,1,3
13244431-c70b-4a87-a1a7-51a0a640847c,Ascent,14.0,10.0,23.0,12.0,Bronze,2.0,228.043,5.0,6.0,0.0,10.0,13.0,1,1,3
b6459cf3-b573-4143-bf9f-bfa14d6c01a4,Breeze,10.0,1.0,17.0,3.0,Bronze,2.0,132.95,0.0,1.0,0.0,7.0,13.0,0,0,4
ddaf3062-228d-4ddf-99c5-2a39aa72f3bc,Fracture,14.0,5.0,15.0,14.0,Ascendant,3.0,181.762,1.0,0.0,0.0,8.0,13.0,0,2,2
07a0abb0-ec09-4e5a-b4de-ce90cfd1c831,Pearl,19.0,11.0,26.0,16.0,Ascendant,3.0,224.577,2.0,4.0,0.0,12.0,14.0,1,3,1
635a6fdd-e06d-4561-8b29-8eb2b8eee7a2,Pearl,15.0,9.0,15.0,14.0,Ascendant,2.0,219.579,1.0,1.0,1.0,13.0,6.0,1,2,2
09050e08-edc1-4453-b21f-037b88de3f2b,Split,21.0,6.0,14.0,11.0,Ascendant,2.0,217.308,1.0,2.0,2.0,14.0,12.0,0,2,2
2827b4ee-b772-4c20-9c7a-9b5ea0c55485,Breeze,13.0,6.0,10.0,8.0,Ascendant,2.0,212.722,3.0,2.0,1.0,13.0,5.0,0,2,2
14cddb62-bcac-467a-a7d6-f83cb476316a,Split,16.0,4.0,13.0,9.0,Ascendant,2.0,229.25,1.0,1.0,2.0,13.0,7.0,0,2,2
f08a81d3-e6b2-4cae-a0f6-bf5ce6f8e909,Fracture,9.0,1.0,13.0,3.0,Ascendant,3.0,177.0,2.0,1.0,0.0,1.0,13.0,0,2,2
c78539c5-831a-4c6c-8ae9-7e2160ee8327,Breeze,17.0,8.0,17.0,17.0,Ascendant,3.0,210.455,1.0,1.0,1.0,13.0,9.0,1,1,3
f1c6bf32-90a9-4e99-a25c-ecb8bf17c340,Ascent,10.0,1.0,16.0,9.0,Ascendant,3.0,138.85,0.0,3.0,0.0,7.0,13.0,0,1,3
1784552e-ca05-41a0-b2a0-558a25098d3f,Breeze,14.0,1.0,10.0,11.0,Ascendant,2.0,249.188,3.0,0.0,1.0,13.0,3.0,0,1,3
c773fdce-47f6-4a01-8050-bd88561acf18,Fracture,20.0,6.0,16.0,12.0,Ascendant,2.0,244.522,2.0,3.0,2.0,13.0,10.0,0,1,3
dc1d2a79-74ef-4a50-b028-5ab76fda9d0b,Pearl,7.0,4.0,8.0,5.0,Ascendant,2.0,110.0,3.0,1.0,3.0,13.0,5.0,1,1,3
c8b0a30e-e058-449d-acc3-1eba40991b90,Pearl,13.0,7.0,6.0,10.0,Ascendant,3.0,250.533,3.0,1.0,1.0,13.0,2.0,0,1,3
0321a62d-9ca8-47d6-b381-86e5bd128d95,Ascent,16.0,2.0,14.0,16.0,Ascendant,3.0,216.455,1.0,1.0,2.0,13.0,9.0,0,1,3
847f89f9-f976-4223-9dc7-2d5b47e2a9de,Lotus,27.0,4.0,15.0,20.0,Ascendant,3.0,299.708,4.0,2.0,3.0,13.0,11.0,1,1,3
28db2cc7-bb05-49b4-9dd4-831af4e1b1df,Pearl,17.0,6.0,23.0,14.0,Ascendant,3.0,223.042,2.0,1.0,4.0,13.0,11.0,0,1,3
4dc4d310-6c4b-4110-8c58-85764e0e2d7b,Lotus,10.0,6.0,17.0,7.0,Ascendant,3.0,164.4,3.0,3.0,0.0,7.0,13.0,0,0,4
fa1beeb9-2818-4815-b660-fbb12600a566,Fracture,16.0,1.0,20.0,13.0,Ascendant,3.0,171.667,0.0,1.0,0.0,11.0,13.0,0,1,3
99b75780-b275-4efd-9fcd-507f15f38e1a,Breeze,20.0,12.0,17.0,16.0,Ascendant,3.0,187.367,1.0,3.0,1.0,16.0,14.0,0,1,3
f229df4d-1b1c-4792-9280-42f54e1b7b99,Ascent,9.0,5.0,18.0,4.0,Ascendant,3.0,107.542,1.0,2.0,2.0,13.0,11.0,0,1,3
4c65d040-4891-4d81-b1e9-3855590122f6,Split,17.0,6.0,15.0,8.0,Ascendant,3.0,262.286,3.0,1.0,3.0,13.0,8.0,1,1,3
2fb8c24a-50b7-4882-a419-011f2c71d1b0,Haven,12.0,3.0,16.0,11.0,Ascendant,3.0,183.55,1.0,2.0,0.0,7.0,13.0,0,1,3
01045f7e-d955-4765-94cd-51f799f0bf12,Split,16.0,8.0,23.0,17.0,Ascendant,3.0,159.967,4.0,3.0,0.0,15.0,15.0,0,1,3
b6bf6132-712a-47ef-9dd7-e062b3372a1b,Split,14.0,3.0,20.0,20.0,Ascendant,3.0,180.577,2.0,5.0,1.0,14.0,12.0,1,1,3
9e7b7c3a-947a-4da0-95d1-b02a899a34e8,Lotus,14.0,5.0,15.0,7.0,Ascendant,3.0,167.045,2.0,2.0,2.0,13.0,9.0,0,1,3
c104a6ec-9718-48f4-ad50-9d638caa112d,Pearl,20.0,3.0,19.0,14.0,Ascendant,3.0,203.893,1.0,3.0,3.0,15.0,13.0,0,1,3
f3fbc83c-85df-4caa-ab3d-0511041bca73,Fracture,21.0,3.0,15.0,8.0,Ascendant,3.0,216.783,2.0,4.0,0.0,10.0,13.0,0,1,3
27f6c2d0-85d9-4f1c-8ef3-7514c26e8e6e,Fracture,8.0,4.0,16.0,8.0,Ascendant,3.0,147.947,1.0,4.0,0.0,6.0,13.0,0,1,3
ecd36e2a-3a8f-41c3-bfed-3b378702678f,Pearl,9.0,1.0,12.0,4.0,Ascendant,3.0,94.909,0.0,1.0,1.0,13.0,9.0,0,1,3
7d4fd150-75f1-4143-ba11-c445358d56ae,Haven,10.0,12.0,20.0,10.0,Ascendant,3.0,147.333,0.0,1.0,0.0,11.0,13.0,0,1,3
37a9159b-6c58-4fc1-803b-6d94aae2e714,Fracture,13.0,12.0,9.0,7.0,Ascendant,3.0,178.75,1.0,3.0,1.0,13.0,7.0,0,1,3
09a0415e-a5c3-4798-b95d-160c0331716f,Haven,14.0,2.0,18.0,13.0,Ascendant,3.0,180.5,2.0,1.0,0.0,9.0,13.0,0,0,4
701f0f68-d02e-4acd-b78e-86c32b9ab1ff,Haven,12.0,2.0,19.0,9.0,Ascendant,3.0,159.762,1.0,4.0,0.0,8.0,13.0,1,0,4
6c9902f3-b4b8-4943-8583-5fabb4c84747,Ascent,18.0,15.0,21.0,12.0,Ascendant,3.0,195.464,2.0,3.0,1.0,15.0,13.0,0,0,4
93941ce9-758e-405d-a6f7-4dac8f773643,Ascent,13.0,5.0,13.0,13.0,Ascendant,3.0,174.318,2.0,3.0,2.0,13.0,9.0,0,0,4
b90f326e-66a1-4250-9364-c0528da2ec1e,Split,17.0,8.0,17.0,11.0,Ascendant,3.0,201.571,1.0,1.0,0.0,8.0,13.0,0,0,4
be91ce5b-d112-413d-aa2f-1ac4268d2685,Lotus,9.0,3.0,15.0,8.0,Diamond,3.0,128.7,1.0,4.0,1.0,13.0,7.0,0,0,4
4d8c3052-43b8-4fac-8e37-69c2cc8eb420,Ascent,10.0,1.0,14.0,8.0,Diamond,2.0,146.316,3.0,4.0,2.0,13.0,6.0,1,0,4
284f2214-defe-4727-a68c-4696c1c58adc,Ascent,19.0,12.0,19.0,16.0,Diamond,2.0,255.955,2.0,2.0,3.0,13.0,9.0,0,0,4
c962b2d5-3342-402e-9e0f-adb48b745a70,Breeze,14.0,1.0,8.0,6.0,Diamond,3.0,209.188,3.0,3.0,1.0,13.0,3.0,1,0,4
6f61af02-316a-42ca-a932-6cbf8bf569ef,Sunset,9.0,7.0,23.0,14.0,Diamond,3.0,138.364,3.0,7.0,0.0,9.0,13.0,0,0,4
205aa02a-1888-481a-a5b1-264711d5645b,Summit,16.0,2.0,11.0,10.0,Diamond,3.0,237.941,1.0,3.0,1.0,13.0,4.0,0,0,4
9a2c3b5d-184e-44cd-a2dd-31f5a8eb1019,Sunset,7.0,1.0,19.0,7.0,Diamond,3.0,110.857,1.0,4.0,0.0,8.0,13.0,0,0,4
684e2b53-5899-4b1a-9545-66ae774d6a79,Summit,6.0,3.0,14.0,6.0,Diamond,3.0,107.842,0.0,1.0,0.0,6.0,13.0,1,0,4
00bd8c03-9eef-4081-b34f-72d2a9a46558,Haven,18.0,4.0,18.0,16.0,Diamond,3.0,244.318,4.0,4.0,1.0,13.0,9.0,1,0,4
2facfc58-32cd-4624-8b2b-7b49ae56f506,Lotus,13.0,8.0,17.0,6.0,Diamond,3.0,169.409,2.0,1.0,2.0,13.0,9.0,1,0,4
7507123f-1d0e-40b9-b6e3-52995d6e4804,Breeze,14.0,2.0,9.0,8.0,Diamond,3.0,225.75,1.0,1.0,3.0,13.0,3.0,1,0,4
82518cca-3f35-4e11-b612-0024d2763d04,Split,2.0,7.0,6.0,3.0,Diamond,3.0,55.938,1.0,2.0,1.0,9.0,3.0,0,0,4
a789a044-c792-431a-8c97-4f98ee1c1d05,Summit,18.0,3.0,8.0,18.0,Diamond,3.0,293.647,2.0,3.0,2.0,13.0,4.0,0,0,4
c176ac0e-627e-464a-9aff-6117f96927e1,Split,15.0,7.0,25.0,7.0,Diamond,3.0,176.038,3.0,4.0,0.0,12.0,14.0,0,0,4
59fa841d-3f47-4752-ba31-bc7cb61b614e,Haven,14.0,3.0,19.0,9.0,Diamond,3.0,186.667,2.0,5.0,0.0,8.0,13.0,0,0,4
d4cbd31e-8459-4a4b-befd-837097cd89a9,Sunset,10.0,8.0,17.0,10.0,Diamond,3.0,165.87,3.0,2.0,1.0,13.0,10.0,1,0,4
40dd7b41-6471-4c0e-9943-b0985e1ed33a,Summit,17.0,4.0,17.0,17.0,Diamond,3.0,240.0,5.0,2.0,0.0,8.0,13.0,1,0,4
407d409e-e265-4872-8124-067afa74d763,Lotus,11.0,3.0,15.0,10.0,Diamond,3.0,201.312,0.0,1.0,0.0,3.0,13.0,0,0,4
e86b9f5a-d648-46bf-8ad8-2d01737907e4,Haven,18.0,8.0,19.0,16.0,Diamond,3.0,258.19,2.0,3.0,1.0,13.0,8.0,0,0,4
4ef23767-1880-4278-ace9-edad3f06a0b0,Breeze,21.0,9.0,21.0,19.0,Diamond,3.0,231.643,2.0,5.0,2.0,15.0,13.0,0,0,4
1beedd18-51b6-4108-ae79-cee8e0bbbb0c,Ascent,18.0,2.0,8.0,11.0,Diamond,3.0,234.579,0.0,1.0,3.0,13.0,6.0,0,0,4
fe2f5371-a424-4b23-bc2f-6224bfa8fab9,Sunset,21.0,6.0,20.0,12.0,Ascendant,1.0,217.107,1.0,3.0,0.0,14.0,14.0,1,0,4
597d9648-0f24-4b28-8761-4b65af4d9ff1,Split,7.0,5.0,16.0,5.0,Ascendant,1.0,136.778,0.0,2.0,0.0,5.0,13.0,0,0,4
3ecdb821-25d9-4739-8e9a-430a43c07926,Haven,22.0,4.0,16.0,15.0,Ascendant,1.0,245.609,4.0,6.0,1.0,13.0,10.0,0,0,4
e5647730-7dea-458b-b219-2570702912d6,Ascent,16.0,4.0,11.0,5.0,Ascendant,1.0,191.45,2.0,1.0,2.0,13.0,7.0,1,0,4
c9b2c641-2e40-4719-a285-43a6d1ab0a4e,Sunset,19.0,5.0,19.0,10.0,Ascendant,1.0,226.792,2.0,4.0,1.0,13.0,11.0,0,0,4
fab971a0-0080-44ad-9e54-964965d66fbf,Breeze,19.0,4.0,19.0,10.0,Ascendant,1.0,180.357,1.0,1.0,0.0,13.0,15.0,0,0,4
c212ff87-d695-4911-95e7-0858ad612a66,Summit,14.0,3.0,10.0,12.0,Ascendant,1.0,240.938,1.0,1.0,1.0,13.0,3.0,0,0,4
d017db9d-9210-4b55-babf-db33403de761,Sunset,19.0,4.0,18.0,10.0,Ascendant,1.0,203.923,6.0,5.0,0.0,12.0,14.0,1,0,4
dddf6194-e9bc-4fdc-934e-e8fa3d7dc394,Ascent,20.0,9.0,10.0,7.0,Ascendant,1.0,231.0,1.0,2.0,1.0,13.0,10.0,0,0,4
1c9f14c3-a6c6-4953-8d0a-2d705b1728d7,Haven,8.0,5.0,7.0,6.0,Ascendant,1.0,147.111,3.0,0.0,2.0,7.0,5.0,0,0,4
86ddc331-e045-4db7-9035-474f627ce94f,Split,15.0,6.0,9.0,11.0,Ascendant,1.0,247.833,2.0,2.0,3.0,13.0,5.0,0,0,4
8cd65c03-e9e7-492c-9b47-b60508386245,Lotus,20.0,8.0,9.0,16.0,Ascendant,2.0,289.7,2.0,0.0,1.0,13.0,7.0,0,0,4
0a064f6c-83cd-4365-aa54-aff09d8f7930,Haven,18.0,5.0,21.0,11.0,Ascendant,1.0,193.308,3.0,5.0,0.0,12.0,14.0,1,0,4
a5b346df-7958-4a90-8846-14646ad1e88c,Lotus,12.0,9.0,15.0,11.0,Ascendant,1.0,190.783,3.0,4.0,1.0,13.0,10.0,1,0,4
5e90553e-848b-4293-9112-f3a99c49d836,Haven,21.0,1.0,20.0,14.0,Ascendant,2.0,212.0,2.0,3.0,0.0,12.0,14.0,0,0,4
7fdb9f55-e42e-4b68-825b-f0a216d44cfd,Sunset,12.0,2.0,17.0,6.0,Ascendant,2.0,166.0,5.0,1.0,0.0,7.0,13.0,1,0,4
cad3dcf4-8718-4e51-816e-66a5d03e8a21,Breeze,8.0,6.0,14.0,9.0,Ascendant,2.0,116.13,0.0,4.0,1.0,13.0,10.0,0,0,4
c167fddd-e73d-4ec1-97c2-b7c5f48ac719,Split,17.0,15.0,18.0,15.0,Ascendant,2.0,241.636,3.0,0.0,1.0,13.0,9.0,0,0,4
88eda203-8040-422e-883a-903bdcff536d,Haven,16.0,1.0,15.0,9.0,Ascendant,1.0,215.579,1.0,5.0,2.0,13.0,6.0,0,0,4
db5affa9-d088-4493-b9c8-837b4406821e,Split,11.0,9.0,17.0,5.0,Ascendant,1.0,170.444,1.0,2.0,3.0,13.0,5.0,0,0,4
d3f78dfa-9d1b-4d0b-8075-b59013453bfa,Breeze,21.0,4.0,17.0,15.0,Ascendant,1.0,253.348,1.0,1.0,4.0,13.0,10.0,0,0,4
98cbdfc6-b6d4-45a6-88b8-42bfbd3b9b2d,Sunset,14.0,2.0,17.0,9.0,Ascendant,1.0,207.7,5.0,5.0,0.0,7.0,13.0,0,1,3
1a47bd1f-7d29-4aa3-b6be-98c6af4a5539,Lotus,16.0,3.0,18.0,12.0,Ascendant,2.0,217.227,1.0,0.0,0.0,9.0,13.0,1,0,4
8380dcff-ac6e-4265-bc0d-072780fa8238,Breeze,20.0,4.0,14.0,15.0,Ascendant,2.0,263.476,2.0,1.0,1.0,13.0,8.0,1,0,4
eeabf066-1943-4108-becf-d66a5a46ab05,Lotus,10.0,5.0,15.0,13.0,Ascendant,2.0,190.474,0.0,1.0,0.0,6.0,13.0,0,0,4
1a8865e8-47f9-4809-8253-dbc5b0205327,Ascent,29.0,3.0,17.0,14.0,Ascendant,2.0,342.909,0.0,0.0,0.0,9.0,13.0,1,0,4
3ae297c0-ace6-4937-8b72-05726618deef,Summit,15.0,3.0,16.0,6.0,Ascendant,1.0,172.087,3.0,0.0,1.0,13.0,10.0,0,0,4
012f2afd-8d0d-48f7-99e4-c9dde5042c41,Lotus,23.0,0.0,13.0,12.0,Ascendant,1.0,252.5,4.0,1.0,2.0,13.0,11.0,1,0,4
3a978f89-9c06-44ae-bedc-965481183ad1,Haven,15.0,4.0,11.0,13.0,Ascendant,1.0,216.842,4.0,1.0,3.0,13.0,6.0,1,0,4
828114a9-6b3a-4896-9113-de699a68f134,Ascent,17.0,1.0,18.0,14.0,Ascendant,1.0,215.792,3.0,3.0,0.0,11.0,13.0,1,0,4
7001fe37-abaf-416a-b9f3-f054e5c28605,Breeze,10.0,3.0,17.0,9.0,Ascendant,1.0,146.0,0.0,5.0,0.0,10.0,13.0,1,1,3
a163a101-7d6d-4aa6-9763-ff77d7e68518,Sunset,14.0,4.0,15.0,10.0,Ascendant,1.0,203.913,1.0,4.0,1.0,13.0,10.0,0,0,4
ac2efdd9-07cf-4232-a456-f1f96e3e5492,Lotus,8.0,2.0,14.0,9.0,Ascendant,2.0,199.5,1.0,1.0,0.0,1.0,13.0,0,0,4
0a9bd630-5673-4b82-a531-724b82d78339,Lotus,13.0,2.0,17.0,9.0,Ascendant,1.0,207.611,3.0,5.0,0.0,5.0,13.0,1,0,4
0f288bb4-a75b-4dd5-8328-58a3c7a2c706,Ascent,15.0,3.0,16.0,12.0,Ascendant,1.0,233.474,3.0,3.0,0.0,6.0,13.0,0,1,3
f73585e4-0174-4cce-abcf-55cce531c8a6,Split,10.0,3.0,13.0,5.0,Bronze,1.0,170.118,0.0,1.0,0.0,4.0,13.0,1,0,4
b531c1d0-478e-4936-ab54-186c40c8d309,Breeze,11.0,2.0,14.0,3.0,Bronze,1.0,183.778,1.0,2.0,0.0,5.0,13.0,1,0,4
7ee1c306-6c94-4022-8200-bf17d9572003,Sunset,23.0,3.0,19.0,18.0,Bronze,1.0,260.208,2.0,2.0,0.0,11.0,13.0,1,0,4
24faa953-16fa-4794-af7d-d0a6fb596192,Ascent,6.0,6.0,10.0,5.0,Bronze,1.0,90.125,1.0,0.0,1.0,13.0,3.0,1,0,4
95bdacc1-47e8-405a-9bd1-1d1d62f16035,Haven,14.0,5.0,13.0,12.0,Bronze,1.0,184.583,3.0,2.0,0.0,11.0,13.0,0,3,1
58d9a0f9-c383-47eb-93b3-a594abef0265,Summit,21.0,3.0,18.0,9.0,Bronze,1.0,247.417,3.0,0.0,0.0,11.0,13.0,0,0,4
c4bff9d5-49fb-49c3-9bca-2acc90d2964a,Sunset,24.0,5.0,17.0,12.0,Bronze,1.0,349.048,2.0,2.0,0.0,8.0,13.0,1,0,4
e71e46e8-d080-45e1-9e6c-ae789b0ad3e5,Breeze,21.0,4.0,17.0,10.0,Bronze,1.0,233.542,4.0,0.0,0.0,11.0,13.0,0,0,4
174a8dd5-9d29-40cb-82fa-28924b82976d,Sunset,19.0,7.0,12.0,17.0,Bronze,1.0,268.85,1.0,0.0,1.0,13.0,7.0,0,0,4
cfd7fdb7-a4ad-4d8b-a62e-c744764a2fbc,Breeze,17.0,4.0,16.0,12.0,Bronze,2.0,218.25,1.0,1.0,0.0,7.0,13.0,0,0,4
ff37d359-ab8e-494e-8633-7f7e96292898,Ascent,11.0,9.0,15.0,9.0,Bronze,1.0,207.211,0.0,1.0,1.0,13.0,6.0,1,0,4
d9eeb61b-5650-4dd9-a468-bcdc749fad57,Split,18.0,14.0,13.0,14.0,Bronze,1.0,236.905,1.0,1.0,2.0,13.0,8.0,0,0,4
5521e7c5-2d60-4286-83de-471f8adeb13e,Ascent,18.0,6.0,15.0,14.0,Bronze,1.0,242.091,3.0,5.0,3.0,13.0,9.0,0,0,4
5fbc02d2-0d2d-4ec9-a465-cd4ba314bd94,Summit,17.0,8.0,17.0,11.0,Bronze,2.0,202.269,0.0,2.0,0.0,12.0,14.0,0,0,4
5627f4d9-a5a5-4264-879b-801f30a45b52,Lotus,18.0,6.0,17.0,13.0,Bronze,2.0,246.333,2.0,0.0,0.0,8.0,13.0,0,0,4
a415cff6-28b7-4d85-b690-cc67053cc6bb,Split,25.0,12.0,15.0,17.0,Bronze,2.0,363.682,7.0,0.0,1.0,13.0,9.0,1,0,4
64ca2a89-dd1d-4bde-b9dc-4618e336f5fc,Summit,11.0,3.0,16.0,7.0,Bronze,1.0,155.526,0.0,4.0,0.0,6.0,13.0,0,0,4
5003790f-b63f-4141-bf85-47ed044c9cf1,Split,9.0,8.0,13.0,6.0,Bronze,2.0,173.278,1.0,2.0,0.0,5.0,13.0,1,0,4
d6f2eeba-817a-4d12-b7cc-4a278b11848e,Haven,15.0,7.0,19.0,11.0,Bronze,2.0,210.0,2.0,2.0,0.0,9.0,13.0,1,0,4
73fb1e84-3e5e-4baf-a16f-fb3198fb8484,Breeze,17.0,7.0,22.0,8.0,Bronze,1.0,188.286,0.0,1.0,0.0,13.0,15.0,0,0,4
f623b31f-ad72-4825-875c-7bde9d0c5640,Ascent,17.0,4.0,9.0,11.0,Bronze,1.0,247.059,0.0,1.0,1.0,13.0,4.0,1,0,4
f8cc6779-c13e-4e10-8e17-a02e155e258f,Lotus,17.0,2.0,17.0,8.0,Bronze,2.0,193.273,1.0,1.0,0.0,9.0,13.0,0,0,4
5a0276a2-8ab0-419a-8888-a9dbc3b006f7,Lotus,13.0,5.0,18.0,7.0,Bronze,2.0,207.85,1.0,0.0,0.0,7.0,13.0,1,0,4
19d68633-df3d-4b43-8a95-2a9f2d862d2a,Breeze,19.0,4.0,12.0,10.0,Bronze,1.0,360.867,4.0,1.0,1.0,13.0,2.0,1,0,4
737d6503-be70-4f8e-944d-75b087ee1d20,Ascent,22.0,12.0,15.0,23.0,Radiant,,286.545,0.0,0.0,1.0,13.0,9.0,1,0,4
15753874-5a8e-479b-bab7-0680d5500ff8,Breeze,11.0,2.0,15.0,8.0,Immortal,1.0,159.05,4.0,5.0,0.0,7.0,13.0,0,1,3
5eecc32c-0e54-4325-bd2b-7d455518f080,Breeze,22.0,6.0,18.0,22.0,Immortal,1.0,262.208,4.0,4.0,1.0,13.0,11.0,0,1,3
a9c41f68-4797-4881-bb92-07b6d8db2208,Split,26.0,5.0,19.0,22.0,Immortal,1.0,321.667,2.0,4.0,0.0,11.0,13.0,0,1,3
eafc43e5-fe9d-4648-b381-ece28e93e846,Split,24.0,9.0,25.0,21.0,Immortal,1.0,320.667,3.0,1.0,0.0,11.0,13.0,1,1,3
57210cd7-a7f4-4a0f-bc38-e439b50962b2,Split,26.0,15.0,13.0,15.0,Immortal,1.0,407.333,1.0,1.0,1.0,13.0,5.0,1,1,3
10dd3bd3-d668-4694-8b42-41193bf6a745,Haven,31.0,4.0,11.0,24.0,Ascendant,3.0,483.941,4.0,1.0,1.0,13.0,4.0,1,0,4
3142f147-4504-43dd-9f91-60c27cf54faf,Split,16.0,3.0,20.0,15.0,Immortal,1.0,213.905,1.0,1.0,0.0,8.0,13.0,1,1,3
926cd0c3-078e-4ace-ad37-a69dc2200ac7,Haven,28.0,9.0,18.0,24.0,Immortal,1.0,378.727,2.0,1.0,0.0,9.0,13.0,1,1,3
9257dcfe-61ef-4844-9441-6d95fc294642,Breeze,20.0,7.0,21.0,17.0,Ascendant,3.0,277.727,5.0,3.0,0.0,9.0,13.0,1,1,3
7c628c2c-d1a0-49c0-a678-5d3a47ecae48,Ascent,12.0,6.0,17.0,8.0,Ascendant,3.0,210.056,2.0,3.0,0.0,5.0,13.0,1,1,3
3f2b084d-3b8f-497a-89e2-ae0b45665805,Ascent,19.0,12.0,18.0,11.0,Ascendant,3.0,247.682,3.0,1.0,1.0,13.0,9.0,1,1,3
5a197a03-0958-494b-8121-3022673d8ff3,Lotus,23.0,4.0,25.0,21.0,Ascendant,3.0,297.652,1.0,2.0,0.0,10.0,13.0,1,1,3
1c49c530-c41e-49c2-8f15-9af1a22f7ee2,Haven,20.0,11.0,23.0,18.0,Ascendant,3.0,232.792,3.0,1.0,1.0,13.0,11.0,1,1,3
b41abd9c-3fff-4f24-b94e-5bb007a6fcca,Lotus,17.0,8.0,20.0,12.0,Ascendant,3.0,235.455,3.0,0.0,0.0,9.0,13.0,1,1,3
626b5730-588f-487d-a7ef-62826fc14eb2,Ascent,22.0,11.0,22.0,15.0,Ascendant,3.0,297.261,2.0,3.0,0.0,10.0,13.0,1,1,3
a7f6a580-7cb5-4250-bce1-13d29d8cb689,Pearl,12.0,9.0,18.0,12.0,Ascendant,3.0,186.105,2.0,1.0,0.0,6.0,13.0,1,1,3
1cfd5a6c-9d18-4b13-8dd3-9516f0c6543c,Fracture,24.0,12.0,22.0,21.0,Ascendant,3.0,337.348,4.0,1.0,0.0,10.0,13.0,1,1,3
5c232a47-8ba6-477a-98b4-8522ec08ecdc,Pearl,24.0,6.0,15.0,16.0,Ascendant,3.0,312.7,2.0,2.0,1.0,13.0,7.0,1,1,3
130f85a7-d1a0-4df9-84ea-f94bd86d92f7,Lotus,18.0,6.0,17.0,18.0,Ascendant,3.0,257.091,2.0,0.0,1.0,13.0,9.0,1,1,3
285c6edd-c012-4414-a86b-255baba83dfe,Breeze,6.0,4.0,23.0,2.0,Ascendant,3.0,100.048,3.0,1.0,0.0,8.0,13.0,1,1,3
f089440b-5a3b-42ed-b7bc-447d7bbdac35,Pearl,29.0,7.0,20.0,27.0,Ascendant,3.0,315.308,5.0,0.0,0.0,12.0,14.0,1,1,3
490a0794-e5ae-4367-bd04-d17e523ccf1f,Haven,18.0,4.0,19.0,18.0,Ascendant,3.0,255.762,4.0,0.0,0.0,8.0,13.0,1,1,3
95be3b93-807a-4200-9233-964c3063eb7a,Pearl,28.0,7.0,13.0,25.0,Ascendant,2.0,394.95,4.0,4.0,1.0,13.0,7.0,1,1,3
92508ae8-031c-476f-9fd7-d15e6d16f16f,Fracture,29.0,9.0,19.0,22.0,Ascendant,2.0,343.167,4.0,2.0,0.0,11.0,13.0,0,1,3
d67cf012-0e48-4ea6-ae3b-edccfc176141,Sunset,14.0,8.0,21.0,11.0,Unrated,,187.667,4.0,4.0,0.0,8.0,13.0,1,1,3
b8ae8660-6c3d-4497-bfaf-ab1191b49a83,Split,13.0,2.0,15.0,11.0,Unrated,,201.278,3.0,6.0,0.0,5.0,13.0,0,1,3
5cffd4e0-098c-4a9d-826d-346791abdf9a,Breeze,18.0,9.0,10.0,13.0,Immortal,1.0,278.647,2.0,0.0,1.0,13.0,4.0,0,1,3
93cd641a-6c78-4fce-8a94-9736f598c85e,Lotus,25.0,3.0,13.0,14.0,Immortal,1.0,298.167,5.0,2.0,2.0,13.0,11.0,0,1,3
3e0feb6c-3c1b-4492-816e-6ee257b9b857,Pearl,23.0,7.0,16.0,18.0,Immortal,1.0,288.545,2.0,2.0,0.0,9.0,13.0,1,1,3
1cb4e0e0-cbb9-4e01-8533-a6672d0ef868,Fracture,20.0,5.0,18.0,16.0,Immortal,1.0,267.696,3.0,4.0,0.0,10.0,13.0,1,1,3
d5e530bc-afa0-49b7-9a32-a4040488ed41,Pearl,9.0,9.0,15.0,10.0,Immortal,1.0,149.45,1.0,1.0,1.0,13.0,7.0,0,0,4
34a94e8b-d361-47c7-af9f-d26cae9d3550,Haven,9.0,4.0,17.0,10.0,Immortal,1.0,136.571,2.0,1.0,0.0,8.0,13.0,0,0,4
906cdfe8-b5ce-4092-98b4-8f9a945e9b18,Split,10.0,3.0,18.0,8.0,Immortal,1.0,131.957,1.0,3.0,0.0,10.0,13.0,0,0,4
372dc51c-2f94-4010-8d36-61dc3d0d2eba,Ascent,17.0,5.0,16.0,11.0,Immortal,1.0,202.958,1.0,1.0,1.0,13.0,11.0,0,0,4
f56f8f9d-9064-4e23-a574-246d0871494b,Ascent,24.0,1.0,16.0,9.0,Immortal,1.0,255.375,7.0,2.0,0.0,11.0,13.0,0,0,4
afa61154-aab1-4c5a-8d0e-21533aaf3bcd,Fracture,20.0,6.0,12.0,15.0,Immortal,1.0,268.238,2.0,0.0,1.0,13.0,8.0,0,0,4
8ccb7f8b-0b82-46c2-aed1-0b432331d9ad,Fracture,8.0,3.0,16.0,5.0,Immortal,1.0,162.25,3.0,5.0,0.0,3.0,13.0,1,1,3
7c930962-e1b7-419a-b562-24c08052944d,Lotus,14.0,4.0,20.0,13.0,Immortal,1.0,161.393,1.0,3.0,1.0,15.0,13.0,0,1,3
512269e1-ce81-40b7-89f7-14c884983978,Ascent,14.0,5.0,18.0,7.0,Immortal,1.0,165.261,3.0,3.0,2.0,13.0,10.0,0,1,3
177c2f63-3ec1-4bd1-b7b4-b63f8ad720ed,Haven,28.0,12.0,19.0,24.0,Immortal,1.0,317.538,5.0,2.0,3.0,14.0,12.0,0,1,3
21c5ad03-a450-4781-8d60-577708c1da35,Breeze,16.0,4.0,17.0,13.0,Immortal,1.0,205.167,3.0,3.0,4.0,13.0,11.0,0,0,4
988aed90-311e-44f1-adbd-637cd7cefdec,Pearl,25.0,6.0,16.0,19.0,Immortal,1.0,327.591,6.0,3.0,0.0,9.0,13.0,0,1,3
775b827e-66a9-4140-8a0a-1fb74951adbb,Fracture,21.0,12.0,9.0,8.0,Immortal,1.0,342.176,0.0,2.0,1.0,13.0,4.0,1,1,3
5619fef2-2e03-47bb-89b4-2d4a20f99667,Breeze,16.0,3.0,13.0,14.0,Immortal,1.0,250.947,0.0,1.0,0.0,6.0,13.0,0,0,4
e9828922-22fd-44b3-98cd-89c7e81eb684,Pearl,17.0,5.0,13.0,17.0,Immortal,1.0,227.429,1.0,0.0,1.0,13.0,8.0,0,0,4
e9504748-2714-4d2a-be7f-62138cf6f386,Pearl,12.0,8.0,16.0,15.0,Immortal,1.0,188.105,1.0,2.0,0.0,6.0,13.0,0,0,4
0c230d7f-7746-48f0-a8d5-8f4756d55c7f,Lotus,11.0,10.0,17.0,11.0,Immortal,1.0,158.364,1.0,3.0,0.0,9.0,13.0,0,0,4
1396cf6e-476d-4084-b75e-6da31d0a254c,Fracture,19.0,9.0,11.0,15.0,Immortal,1.0,272.211,0.0,1.0,1.0,13.0,6.0,0,0,4
7a69aa95-af44-44a7-b547-1f8ae5604009,Ascent,25.0,2.0,25.0,12.0,Immortal,1.0,286.654,7.0,6.0,0.0,12.0,14.0,0,0,4
160e519f-cfec-45fa-9634-9c6d5f5674a4,Haven,12.0,4.0,15.0,7.0,Immortal,1.0,161.333,0.0,1.0,0.0,8.0,13.0,1,0,4
0aeae59f-6309-4bac-ba9c-b1ff40875c17,Lotus,15.0,15.0,7.0,12.0,Immortal,1.0,248.647,2.0,0.0,1.0,13.0,4.0,0,0,4
4c900af9-541c-4ea6-a515-800e30aeb3b4,Fracture,16.0,2.0,11.0,13.0,Ascendant,3.0,203.905,1.0,1.0,2.0,13.0,8.0,0,0,4
359e4aeb-ea8a-4df2-9488-76658afffb9a,Ascent,17.0,9.0,18.0,16.0,Ascendant,3.0,196.269,2.0,1.0,3.0,14.0,12.0,1,0,4
245c4830-1bb5-436e-a161-f2ce384d3da6,Breeze,24.0,3.0,15.0,18.0,Immortal,1.0,299.727,5.0,0.0,0.0,9.0,13.0,0,1,3
64d7b6b8-adc9-494f-90c1-fb8a1d154819,Fracture,17.0,6.0,8.0,12.0,Immortal,1.0,238.263,2.0,1.0,1.0,13.0,6.0,0,0,4
1ac0a37a-981f-4a12-811e-653f7c8387ea,Ascent,17.0,10.0,16.0,15.0,Immortal,1.0,223.708,0.0,0.0,2.0,13.0,11.0,1,0,4
0ac8a6ec-7335-47c8-b5c0-1d6afdabb04e,Split,14.0,9.0,15.0,10.0,Immortal,1.0,180.333,2.0,0.0,3.0,13.0,8.0,0,0,4
1e2161b6-6ba5-469f-8ca3-8249fa3ed2b8,Breeze,21.0,4.0,16.0,12.0,Immortal,1.0,249.261,0.0,2.0,0.0,10.0,13.0,1,0,4
4334683e-b094-42ee-a308-7c29e568798e,Breeze,30.0,3.0,15.0,21.0,Immortal,1.0,388.455,7.0,1.0,0.0,9.0,13.0,1,0,4
edddedab-36ed-4d4d-89f3-5a8906ec84d6,Haven,17.0,4.0,19.0,11.0,Immortal,1.0,223.652,0.0,2.0,0.0,10.0,13.0,0,0,4
51f2bd98-5d2a-42bf-91e0-586b5e9964f7,Fracture,14.0,16.0,17.0,13.0,Immortal,1.0,183.565,1.0,1.0,0.0,10.0,13.0,0,0,4
83bfb502-d303-40a5-a507-0b52889e0815,Pearl,17.0,4.0,8.0,16.0,Immortal,1.0,262.25,0.0,1.0,1.0,13.0,3.0,0,0,4
91771876-21fd-4f37-aa9c-bdb1cc0b8cd7,Split,20.0,9.0,18.0,14.0,Immortal,1.0,246.5,2.0,1.0,2.0,13.0,11.0,0,0,4
eb6c05b6-d94e-40e1-8a33-3239b6fe0bd8,Split,12.0,7.0,14.0,11.0,Immortal,1.0,170.316,0.0,3.0,1.0,13.0,6.0,0,0,4
b225c377-8b0b-404d-8dce-7204415b429d,Ascent,19.0,5.0,12.0,10.0,Immortal,1.0,245.364,1.0,1.0,2.0,13.0,9.0,0,0,4
c51d15ba-64cb-4fd1-992a-f9d26aefa58d,Breeze,15.0,5.0,20.0,13.0,Immortal,1.0,177.0,0.0,3.0,3.0,13.0,11.0,1,0,4
d0e0c3ec-b2d9-4f00-bb77-23b01ee3be4d,Split,22.0,8.0,24.0,18.0,Immortal,1.0,246.808,7.0,1.0,0.0,12.0,14.0,1,0,4
755c744e-ace0-40be-a079-5870196edec1,Fracture,10.0,5.0,18.0,8.0,Immortal,1.0,148.227,2.0,1.0,1.0,13.0,9.0,0,0,4
e523723f-61fa-415d-9c63-9b293a04aedf,Split,14.0,13.0,11.0,9.0,Immortal,1.0,280.0,0.0,1.0,1.0,13.0,2.0,1,0,4
57f3989b-db23-4e8f-acd0-53984892bb1e,Lotus,18.0,9.0,11.0,12.0,Immortal,1.0,295.235,3.0,0.0,2.0,13.0,4.0,1,0,4
1db9c277-a0c7-46f1-baab-862bc89fab2b,Pearl,19.0,9.0,17.0,15.0,Immortal,1.0,269.05,0.0,1.0,3.0,13.0,7.0,1,0,4
49288cb5-8b10-4e0c-b03b-cdb2bc906a83,Ascent,14.0,5.0,12.0,10.0,Immortal,2.0,260.875,0.0,2.0,0.0,3.0,13.0,0,0,4
3b9783f6-3d4f-4bd6-b5d3-2712a5eccdd6,Split,23.0,8.0,21.0,17.0,Immortal,2.0,343.0,4.0,4.0,1.0,13.0,8.0,1,0,4
72057aea-2db5-49fe-9989-aa4e9ab94a2b,Split,13.0,8.0,16.0,13.0,Immortal,1.0,209.238,4.0,2.0,2.0,13.0,8.0,0,0,4
d0b04ecd-cbb8-4284-8051-41510e9a0a78,Breeze,21.0,3.0,9.0,16.0,Immortal,1.0,321.882,2.0,0.0,3.0,13.0,4.0,0,0,4
683878ab-56c8-4bb6-be2a-1d65defa0221,Ascent,11.0,9.0,14.0,9.0,Immortal,1.0,157.056,0.0,2.0,1.0,13.0,5.0,1,0,4
5fd99cf6-cc05-4505-8e78-9bd7d7d2739e,Pearl,21.0,16.0,20.0,15.0,Immortal,2.0,241.038,2.0,1.0,1.0,14.0,12.0,1,0,4
8bd743b1-76d2-4f73-bb38-96b93e46db33,Lotus,18.0,3.0,15.0,15.0,Immortal,2.0,329.176,2.0,3.0,0.0,4.0,13.0,0,0,4
d9970512-6829-4594-9faf-6e57a6cb866a,Lotus,17.0,16.0,12.0,11.0,Immortal,2.0,250.316,0.0,1.0,1.0,13.0,6.0,1,0,4
ea0c9984-93f9-488f-ab4c-f54aed0e3973,Breeze,16.0,0.0,10.0,5.0,Immortal,2.0,231.471,1.0,2.0,2.0,13.0,4.0,0,0,4
1327b7d0-2393-4c95-bfbe-d8e0d071a195,Breeze,19.0,3.0,14.0,15.0,Immortal,2.0,228.739,0.0,0.0,1.0,13.0,10.0,0,0,4
cafb52f1-b0f7-4dfb-9272-bb9a0249095a,Ascent,10.0,6.0,16.0,4.0,Immortal,2.0,162.85,0.0,0.0,0.0,7.0,13.0,0,0,4
cd29ae4b-b425-4bb8-9cdc-760a8db7536d,Fracture,17.0,11.0,15.0,10.0,Immortal,2.0,234.143,0.0,0.0,1.0,13.0,8.0,0,0,4
5c14b05f-74af-434e-b45b-82557e9e3ef1,Pearl,11.0,13.0,18.0,9.0,Immortal,2.0,191.25,1.0,3.0,0.0,7.0,13.0,1,0,4
87a27b07-d6e4-401d-8632-1a87faaddceb,Ascent,8.0,4.0,15.0,8.0,Immortal,2.0,153.895,1.0,0.0,0.0,6.0,13.0,0,0,4
1b125ca4-c9a5-4558-b45c-f51ebdec0cf0,Lotus,23.0,5.0,14.0,20.0,Unrated,,275.136,1.0,0.0,1.0,13.0,9.0,1,0,4
11ad9c48-6de0-40dc-aea2-2a040ee14fc1,Split,14.0,13.0,23.0,12.0,Ascendant,1.0,198.667,2.0,3.0,0.0,11.0,13.0,1,1,3
2492fbb8-f49c-4add-aea7-f05ffeb7ce5f,Haven,30.0,8.0,20.0,21.0,Ascendant,1.0,338.25,4.0,1.0,1.0,13.0,11.0,1,1,3
c9b832d9-39d7-4c08-a6e0-1989d29e893e,Breeze,20.0,5.0,19.0,19.0,Ascendant,1.0,240.917,1.0,0.0,0.0,11.0,13.0,0,0,4
37fe3b44-bfbc-4b8d-820a-ab5c6a1ec67d,Summit,15.0,7.0,21.0,15.0,Ascendant,1.0,194.542,2.0,3.0,0.0,11.0,13.0,0,1,3
5ae4116f-a9be-4601-8d0f-27cd94477624,Lotus,16.0,1.0,16.0,10.0,Ascendant,1.0,191.565,3.0,5.0,0.0,10.0,13.0,0,1,3
1dc63fa1-69c3-4647-bca6-213b48e0e6d1,Breeze,15.0,3.0,15.0,13.0,Ascendant,1.0,201.105,0.0,1.0,0.0,6.0,13.0,0,1,3
6621e6a6-97af-4df6-857a-81275571af3e,Summit,24.0,4.0,15.0,20.0,Ascendant,2.0,267.261,0.0,1.0,1.0,13.0,10.0,0,0,4
9d6564bc-c189-453d-a4a3-1228a4ba9e2a,Breeze,9.0,5.0,13.0,8.0,Ascendant,1.0,139.611,0.0,2.0,2.0,13.0,5.0,0,0,4
49af7f15-b35e-49ae-9baa-af8f7585b085,Sunset,18.0,6.0,21.0,19.0,Ascendant,1.0,215.5,5.0,2.0,3.0,13.0,11.0,1,0,4
5275ec31-3cd5-474f-90ae-b833f9e85e31,Lotus,27.0,5.0,19.0,20.0,Ascendant,1.0,294.167,3.0,3.0,4.0,13.0,11.0,1,0,4
c922a0d6-a387-4b35-b104-cc1017fe3394,Haven,10.0,0.0,1.0,6.0,Ascendant,1.0,165.692,0.0,0.0,5.0,5.0,0.0,1,0,4
6dade3c3-a234-4fd0-989f-0dbc7ac78538,Lotus,14.0,11.0,20.0,8.0,Ascendant,2.0,200.609,1.0,2.0,1.0,13.0,10.0,0,0,4
27ff1fdf-27bf-4ace-8d66-a2dcced60fef,Ascent,15.0,8.0,16.0,12.0,Ascendant,2.0,227.0,0.0,0.0,0.0,9.0,13.0,1,0,4
8d595474-b57b-4e43-b797-137ab1396b50,Sunset,13.0,3.0,17.0,12.0,Ascendant,2.0,176.273,1.0,2.0,0.0,9.0,13.0,0,0,4
a7096cf8-deb4-46da-a6b1-382f7298bb44,Haven,21.0,6.0,22.0,18.0,Ascendant,2.0,291.348,5.0,3.0,0.0,10.0,13.0,0,1,3
5ff72e90-fdf6-4d84-bd6e-51bec91174c3,Sunset,11.0,5.0,12.0,8.0,Ascendant,2.0,191.312,2.0,3.0,1.0,13.0,3.0,0,1,3
20e463fb-faa7-46dd-82b1-775dcb28ca03,Sunset,6.0,7.0,18.0,8.0,Ascendant,2.0,136.176,0.0,2.0,0.0,4.0,13.0,0,0,4
2fc91542-9f0b-4461-913e-17a1aad90fe5,Split,17.0,3.0,16.0,16.0,Ascendant,2.0,232.143,1.0,0.0,0.0,8.0,13.0,0,0,4
8f2b2d0f-9ac7-4a49-b6e9-84fed2412548,Ascent,15.0,7.0,18.0,7.0,Ascendant,2.0,200.348,0.0,0.0,0.0,10.0,13.0,0,2,2
f83879e3-ea38-4c57-a014-eaf41aef6b36,Lotus,21.0,8.0,11.0,14.0,Ascendant,2.0,324.556,1.0,1.0,1.0,13.0,5.0,0,2,2
4536187f-460e-4624-9e72-4200f1781400,Ascent,17.0,4.0,18.0,14.0,Ascendant,2.0,211.273,3.0,6.0,2.0,13.0,9.0,1,2,2
92c796a3-5fd0-4c85-813c-2054b91e124d,Split,13.0,5.0,19.0,10.0,Ascendant,2.0,189.429,4.0,4.0,0.0,8.0,13.0,0,2,2
9428349d-89f5-49ce-bd7e-c19ac1616de4,Lotus,18.0,4.0,15.0,18.0,Ascendant,2.0,229.429,2.0,2.0,0.0,8.0,13.0,0,2,2
59e5cc7e-3fa7-49c9-82ce-ef1fd9f7625f,Haven,29.0,9.0,15.0,28.0,Ascendant,2.0,381.182,2.0,2.0,1.0,13.0,9.0,0,0,4
f9907ded-aa9c-4e62-822d-1ac701a5d4f7,Split,27.0,3.0,15.0,18.0,Platinum,1.0,288.958,3.0,1.0,0.0,11.0,13.0,0,0,4
0c6e5b73-61ae-4ae1-b1d9-82935ef55eaa,Fracture,14.0,9.0,12.0,10.0,Platinum,1.0,224.882,2.0,2.0,1.0,13.0,4.0,1,0,4
d0fa2f08-5889-4e03-90d0-558c96b6a33c,Ascent,10.0,17.0,19.0,5.0,Platinum,1.0,143.565,3.0,0.0,2.0,13.0,10.0,0,0,4
e1834417-692b-4e00-aa20-847d66972f30,Split,16.0,5.0,16.0,16.0,Platinum,1.0,235.3,1.0,0.0,0.0,7.0,13.0,0,0,4
0316ff1a-08cf-4359-9643-039fb8060b22,Haven,18.0,3.0,10.0,14.0,Platinum,1.0,236.579,5.0,4.0,1.0,13.0,6.0,0,0,4
82c1bcfa-734f-45a5-b2d2-a0992c9ea9db,Pearl,17.0,10.0,20.0,13.0,Platinum,1.0,191.0,2.0,5.0,0.0,12.0,14.0,1,0,4
96eb73b1-c508-46c4-b716-ec7bd5e1c381,Breeze,11.0,7.0,16.0,10.0,Platinum,1.0,138.261,0.0,2.0,1.0,13.0,10.0,0,0,4
6e4dc400-eaca-4f0b-a87d-113721f38f7f,Ascent,29.0,3.0,19.0,24.0,Platinum,1.0,276.286,3.0,2.0,2.0,15.0,13.0,0,0,4
8f3600f0-6804-4d62-934d-b79367054f65,Fracture,18.0,3.0,14.0,20.0,Platinum,1.0,276.684,0.0,1.0,0.0,6.0,13.0,0,0,4
86c1018d-430e-46ae-864d-5c53a5f927b8,Haven,20.0,8.0,15.0,23.0,Platinum,2.0,255.952,2.0,1.0,0.0,8.0,13.0,0,0,4
289c731a-bf25-466b-8fb1-85a455782d27,Haven,16.0,4.0,14.0,12.0,Platinum,2.0,254.611,1.0,0.0,0.0,5.0,13.0,0,0,4
90d208b1-a4f6-47d4-926a-f2f8b02a243d,Pearl,11.0,5.0,10.0,11.0,Platinum,1.0,151.55,1.0,1.0,1.0,13.0,7.0,0,0,4
4a318fc6-c615-4b41-ba66-fa956759338f,Lotus,16.0,5.0,17.0,13.0,Platinum,1.0,192.875,1.0,2.0,2.0,13.0,11.0,1,0,4
b2e2bbd2-dd6e-4c45-af17-13fdac37a244,Lotus,9.0,10.0,16.0,8.0,Platinum,1.0,134.429,1.0,0.0,0.0,8.0,13.0,0,0,4
a06a6562-0cf6-4871-86f5-2657afb28117,Fracture,10.0,6.0,15.0,7.0,Platinum,1.0,132.87,2.0,4.0,1.0,13.0,10.0,1,0,4
3b90e8fc-56e2-435e-a6a2-242e2f2aa9e7,Split,15.0,4.0,16.0,13.0,Platinum,1.0,221.421,3.0,0.0,0.0,6.0,13.0,0,0,4
151d283d-b3b3-4284-bd02-1a988887506c,Fracture,17.0,1.0,21.0,13.0,Platinum,1.0,166.25,2.0,5.0,1.0,15.0,13.0,0,0,4
1c5e83a5-6eb5-4081-9da5-9937a97f6622,Split,12.0,11.0,11.0,11.0,Platinum,1.0,187.947,2.0,1.0,2.0,13.0,6.0,0,0,4
52b91278-1416-4599-8844-3c9859bf8974,Split,25.0,2.0,17.0,22.0,Platinum,1.0,252.923,4.0,4.0,1.0,14.0,12.0,0,0,4
2eabf4d9-467a-4895-9fe3-9cec733a006c,Pearl,12.0,7.0,23.0,11.0,Platinum,2.0,132.731,0.0,2.0,1.0,14.0,12.0,0,0,4
c0802cd0-06b3-4c16-a4cf-40f019b37476,Breeze,17.0,5.0,15.0,16.0,Platinum,2.0,228.667,3.0,3.0,2.0,13.0,8.0,0,0,4
e770bdc5-86f8-47d6-922a-6f7047f60127,Fracture,12.0,10.0,18.0,14.0,Platinum,2.0,192.0,1.0,2.0,0.0,8.0,13.0,1,0,4
b03a1445-bba3-45af-9edb-c6f490485b9e,Lotus,14.0,6.0,16.0,11.0,Platinum,2.0,187.091,2.0,0.0,0.0,9.0,13.0,0,0,4
df044a50-dab6-4eea-8dc4-dba793b221ef,Fracture,22.0,7.0,25.0,17.0,Platinum,2.0,215.406,1.0,6.0,0.0,16.0,16.0,0,0,4
ae39344d-7a7f-4a8a-98b7-2b9e39bb9726,Lotus,11.0,2.0,12.0,11.0,Platinum,2.0,178.941,1.0,4.0,1.0,13.0,4.0,0,0,4
59296980-7878-49d4-b0d6-933be288694a,Split,12.0,5.0,10.0,9.0,Platinum,3.0,184.895,1.0,0.0,1.0,13.0,6.0,1,0,4
364bd640-fb09-476f-8f7a-76cac04e1fcd,Fracture,17.0,11.0,16.0,12.0,Platinum,2.0,213.87,0.0,0.0,3.0,13.0,10.0,0,0,4
255ca825-2a04-4687-87a5-36277e84f412,Ascent,21.0,4.0,14.0,16.0,Platinum,2.0,221.667,2.0,1.0,4.0,13.0,11.0,1,0,4
0a40ae6f-3d50-4811-8b42-21ffcef4ff90,Lotus,5.0,8.0,3.0,6.0,Platinum,2.0,102.071,1.0,0.0,5.0,7.0,1.0,0,0,4
3bad4c53-729f-4c5d-8756-c8cdb4fae9c6,Breeze,22.0,3.0,13.0,14.0,Platinum,3.0,280.952,2.0,3.0,1.0,13.0,8.0,0,0,4
0c2f5335-4e78-4b7c-bba7-91b14309b398,Fracture,17.0,3.0,14.0,15.0,Platinum,3.0,233.95,3.0,4.0,3.0,13.0,7.0,0,0,4
8277ed7a-6f35-439b-81dd-804bbca962bc,Lotus,24.0,8.0,14.0,14.0,Platinum,3.0,245.333,0.0,2.0,1.0,13.0,11.0,0,0,4
adbce4c3-5605-43c0-be3f-28b8e13d8c1c,Pearl,7.0,5.0,14.0,4.0,Platinum,3.0,111.0,0.0,4.0,2.0,13.0,5.0,1,0,4
8576e5d6-d9e5-4ea4-b2c2-29fad3e51337,Split,10.0,9.0,17.0,10.0,Unrated,,108.391,0.0,2.0,0.0,10.0,13.0,0,0,4
cd1e4b08-d110-48b6-80c8-39c7cb246fcb,Split,6.0,4.0,17.0,5.0,Unrated,,131.167,1.0,1.0,0.0,5.0,13.0,0,0,4
2de3be61-af1a-4806-9c23-72877fcf1445,Sunset,16.0,17.0,17.0,17.0,Unrated,,222.739,3.0,1.0,0.0,10.0,13.0,1,0,4
26e936bb-65cf-4f80-bf77-2a1f219c6213,Summit,20.0,1.0,15.0,19.0,Unrated,,244.304,2.0,1.0,0.0,10.0,13.0,0,0,4
ebebc03c-de7b-4d69-a296-3912e619f46f,Haven,17.0,11.0,18.0,14.0,Gold,2.0,194.667,0.0,1.0,1.0,13.0,11.0,1,0,4
b5b532e9-8f20-46dc-a578-03a0109c4cec,Summit,16.0,12.0,17.0,12.0,Gold,2.0,190.542,1.0,0.0,0.0,11.0,13.0,1,0,4
29af54a5-3000-4556-a1da-e7ca1bb4afba,Breeze,13.0,4.0,18.0,13.0,Gold,2.0,178.348,0.0,1.0,0.0,10.0,13.0,0,0,4
4b35a601-665f-47a3-bee9-7a1e550f65b0,Breeze,20.0,2.0,13.0,19.0,Gold,2.0,279.619,2.0,0.0,1.0,13.0,8.0,1,0,4
d4c7dfb3-478e-4249-972c-ec67787cf435,Ascent,16.0,4.0,16.0,10.0,Unrated,,190.522,0.0,2.0,0.0,10.0,13.0,0,0,4
063c2fbf-473e-461b-a598-ac3b42ff5ee2,Split,10.0,5.0,14.0,5.0,Gold,3.0,151.3,0.0,4.0,0.0,7.0,13.0,0,0,4
f8aa4542-2762-431a-8f12-6bdf5fd7e0a5,Sunset,15.0,4.0,15.0,15.0,Gold,2.0,236.526,4.0,1.0,1.0,13.0,6.0,1,0,4
1cb993e4-3e65-475c-afb6-9da4d8ebc6bb,Breeze,19.0,4.0,19.0,13.0,Gold,3.0,230.957,5.0,1.0,1.0,13.0,10.0,0,0,4
0c037a5d-77ed-477d-ae3c-c9233d29f231,Split,14.0,4.0,19.0,11.0,Gold,3.0,166.208,0.0,0.0,0.0,11.0,13.0,0,0,4
3f206b2a-2de9-404d-94a9-8cfc9c5a70f6,Breeze,12.0,5.0,11.0,9.0,Gold,3.0,216.118,0.0,0.0,1.0,13.0,4.0,0,0,4
e503fbdd-dad3-45e4-b2e8-2e416105184c,Haven,21.0,2.0,18.0,20.0,Gold,3.0,278.174,3.0,1.0,0.0,10.0,13.0,1,0,4
04b6116c-873d-4f70-a7e4-ffcf412685fd,Breeze,7.0,2.0,14.0,8.0,Gold,3.0,140.8,2.0,0.0,0.0,2.0,13.0,1,1,3
f7666b6e-c4fa-47d7-9167-a547c55cd225,Sunset,32.0,4.0,13.0,24.0,Gold,3.0,367.0,3.0,0.0,1.0,13.0,11.0,0,1,3
6b35a9e6-aacf-4f03-b347-5eab66509a81,Summit,20.0,6.0,19.0,19.0,Gold,3.0,258.609,2.0,1.0,0.0,10.0,13.0,1,1,3
fce57425-b167-48b0-9f52-924e6bdbeaab,Lotus,14.0,8.0,16.0,12.0,Gold,2.0,247.211,3.0,3.0,0.0,6.0,13.0,1,1,3
126794fd-2909-4487-b7f5-0f5a3e777736,Ascent,16.0,5.0,18.0,12.0,Gold,3.0,211.095,3.0,2.0,0.0,8.0,13.0,1,1,3
53bf4374-a65d-43e0-a88b-fb63677d64aa,Ascent,14.0,8.0,15.0,15.0,Gold,2.0,236.75,2.0,2.0,0.0,7.0,13.0,0,1,3
588d7620-b8b4-4072-a901-66e4cabd3cfe,Split,16.0,2.0,16.0,9.0,Gold,2.0,200.727,0.0,1.0,0.0,9.0,13.0,1,1,3
c292b8cc-a01b-4711-a3b3-a383366baf51,Sunset,30.0,6.0,14.0,18.0,Gold,2.0,366.826,8.0,3.0,0.0,10.0,13.0,1,1,3
6890cb1a-0124-4143-a651-d6782316e54f,Breeze,23.0,3.0,16.0,17.0,Gold,2.0,268.583,3.0,2.0,0.0,11.0,13.0,1,0,4
429a7549-7c05-429a-8d59-29f49c70757d,Sunset,25.0,3.0,13.0,20.0,Gold,2.0,288.583,0.0,2.0,1.0,13.0,11.0,1,1,3
cf7d80af-5a2e-4351-ba24-2883dcdd1dbd,Ascent,30.0,5.0,12.0,22.0,Gold,2.0,401.667,5.0,2.0,2.0,13.0,8.0,1,1,3
ca94e933-c419-4f19-abb0-7a3b07f0fe98,Lotus,18.0,9.0,19.0,17.0,Gold,2.0,220.625,2.0,2.0,3.0,13.0,11.0,0,1,3
4f6b6c61-4132-4aba-b694-9577267bb740,Sunset,10.0,2.0,18.0,11.0,Bronze,1.0,103.321,2.0,1.0,1.0,15.0,13.0,1,0,4
5bc19988-7379-47ce-93ac-456aae7b49b7,Haven,11.0,4.0,14.0,9.0,Bronze,1.0,149.182,0.0,1.0,0.0,9.0,13.0,1,0,4
63cd3da8-39c6-4b43-b501-d7f89779b042,Split,9.0,7.0,13.0,7.0,Bronze,1.0,92.25,0.0,1.0,1.0,13.0,11.0,0,0,4
6e97da75-2e80-477a-976d-bb3c4c92598e,Ascent,10.0,6.0,15.0,10.0,Bronze,1.0,177.571,1.0,1.0,0.0,8.0,13.0,1,0,4
9e8a6b09-71fa-4dbe-8aab-0f2055f1cfab,Lotus,13.0,17.0,15.0,6.0,Bronze,2.0,181.292,0.0,1.0,1.0,13.0,11.0,0,1,3
d884c972-8af7-4d50-ac26-e4af59998ee7,Summit,15.0,9.0,16.0,3.0,Bronze,2.0,183.048,0.0,1.0,0.0,8.0,13.0,0,0,4
056edfa9-fd81-4276-9d98-aad5de7f7757,Breeze,11.0,9.0,11.0,6.0,Bronze,1.0,168.842,1.0,2.0,1.0,13.0,6.0,0,0,4
dd8a86d9-cf4f-4b91-b7f7-1a5db5ec0673,Sunset,12.0,13.0,16.0,6.0,Bronze,1.0,183.7,0.0,1.0,0.0,7.0,13.0,0,0,4
5f0f04f6-c40c-4ddd-92a6-83264726629b,Breeze,10.0,10.0,15.0,6.0,Bronze,2.0,173.5,1.0,2.0,0.0,5.0,13.0,0,2,2
22423b37-acea-4f23-9e7a-8e3fba9953b6,Summit,10.0,14.0,16.0,3.0,Bronze,2.0,151.087,0.0,3.0,0.0,10.0,13.0,0,2,2
3ece756e-0406-4a6d-bc00-33c3e1289224,Ascent,24.0,9.0,26.0,22.0,Ascendant,1.0,244.533,7.0,3.0,0.0,15.0,15.0,1,2,2
fa9f4cfc-4915-4aaf-a501-38b002c0b43b,Fracture,22.0,6.0,18.0,18.0,Ascendant,1.0,261.125,4.0,1.0,1.0,13.0,11.0,0,1,3
fd82c016-1639-472e-9c2c-0af9dcd32709,Split,16.0,5.0,11.0,14.0,Ascendant,1.0,253.789,2.0,1.0,2.0,13.0,6.0,1,1,3
e3a03ce7-d0ba-45e4-aefa-1a3e653c7157,Lotus,13.0,1.0,16.0,10.0,Ascendant,1.0,206.944,3.0,3.0,0.0,5.0,13.0,0,1,3
10dbd5a9-5912-4ac5-a46e-b4724beee68c,Pearl,18.0,6.0,18.0,9.0,Ascendant,1.0,231.217,5.0,3.0,1.0,13.0,10.0,0,1,3
313c583c-c564-4fe0-b29c-042ef3d30c59,Pearl,15.0,8.0,8.0,10.0,Ascendant,1.0,200.895,2.0,2.0,1.0,13.0,6.0,0,1,3
06be74d8-9eb4-477d-94c6-a47d8a1a4170,Breeze,12.0,5.0,13.0,12.0,Ascendant,1.0,183.158,2.0,1.0,2.0,13.0,6.0,0,1,3
727374c3-f700-4f7c-ad7a-f0cbdc482fa0,Split,26.0,6.0,20.0,24.0,Ascendant,1.0,297.538,8.0,1.0,1.0,14.0,12.0,1,0,4
ffff62a5-7569-4625-808f-7a785ad61234,Fracture,15.0,4.0,16.0,15.0,Ascendant,2.0,203.682,1.0,0.0,0.0,9.0,13.0,0,1,3
bbde0dd5-6605-4d57-b7ce-ae09cd15be4b,Breeze,22.0,7.0,19.0,23.0,Ascendant,2.0,274.435,1.0,2.0,0.0,10.0,13.0,0,1,3
3aa9f039-3833-4dde-92a6-97e100958c1d,Split,28.0,2.0,20.0,27.0,Ascendant,1.0,293.0,5.0,3.0,1.0,14.0,12.0,1,1,3
c17a5229-543d-46d2-9c52-2735a798fec6,Haven,24.0,5.0,18.0,21.0,Ascendant,1.0,282.333,6.0,3.0,2.0,13.0,11.0,0,1,3
5cffd4e0-098c-4a9d-826d-346791abdf9a,Breeze,4.0,2.0,16.0,4.0,Immortal,1.0,80.882,1.0,1.0,0.0,4.0,13.0,0,0,4
37c84a6c-889f-4345-90cf-c02ae94ce980,Fracture,20.0,1.0,16.0,12.0,Immortal,1.0,225.75,5.0,3.0,1.0,13.0,11.0,1,1,3
62b925a9-c638-416c-a547-53fee473a6bd,Fracture,13.0,0.0,17.0,13.0,Immortal,1.0,198.762,5.0,2.0,0.0,8.0,13.0,1,0,4
9e035e6d-ad3e-44bb-89fd-89a8c83a5ed3,Split,6.0,1.0,17.0,5.0,Immortal,1.0,102.941,1.0,6.0,0.0,4.0,13.0,0,0,4
03cbc1f5-9e1f-4d6f-9371-b6e2e9474824,Pearl,25.0,1.0,22.0,15.0,Immortal,1.0,276.692,7.0,4.0,0.0,12.0,14.0,1,1,3
d7b4eeab-dbe4-406b-b099-b233600f0ea6,Ascent,7.0,7.0,11.0,8.0,Immortal,1.0,123.833,0.0,3.0,0.0,5.0,13.0,0,0,4
dc97b49c-c707-4557-95b3-4cc1e63c7a01,Breeze,12.0,3.0,16.0,8.0,Immortal,1.0,175.4,6.0,6.0,1.0,13.0,7.0,0,1,3
6e4b9c2e-4c44-4c05-a8c8-ae85534506ed,Pearl,25.0,7.0,18.0,23.0,Immortal,1.0,277.292,1.0,2.0,2.0,13.0,11.0,0,1,3
5bb6cffd-63a7-4713-9dbf-555b02422092,Ascent,17.0,6.0,16.0,16.0,Immortal,1.0,244.81,5.0,4.0,0.0,8.0,13.0,0,1,3
9ac13629-7433-47c5-9f7b-2f833518851a,Pearl,23.0,3.0,21.0,19.0,Immortal,1.0,293.455,3.0,3.0,0.0,9.0,13.0,0,1,3
c5832794-4521-4e2c-aed7-1da8a625686e,Haven,14.0,5.0,14.0,14.0,Ascendant,3.0,236.895,5.0,4.0,1.0,13.0,6.0,1,1,3
33bf985b-191e-445f-a380-0b764fa9cb2d,Lotus,25.0,4.0,14.0,23.0,Immortal,1.0,339.0,4.0,1.0,0.0,7.0,13.0,0,1,3
20512df4-db2d-4b12-acf9-d9993261e69f,Fracture,13.0,3.0,14.0,9.0,Ascendant,3.0,220.278,7.0,3.0,1.0,13.0,5.0,0,1,3
0b92b072-0cd8-44ff-bd2c-2c962b6409c4,Summit,33.0,3.0,20.0,29.0,Ascendant,2.0,324.733,8.0,2.0,0.0,14.0,16.0,0,1,3
10d0d1aa-8e2d-4bbf-b7b9-94769262bda5,Breeze,23.0,2.0,16.0,12.0,Ascendant,2.0,300.818,3.0,4.0,0.0,9.0,13.0,0,1,3
6e19674b-b1b4-48c4-9fab-2f8a2de64e28,Split,12.0,7.0,11.0,8.0,Ascendant,2.0,226.688,2.0,0.0,1.0,13.0,3.0,1,0,4
823829fc-ec01-44d5-b9a2-598653261339,Haven,19.0,1.0,15.0,18.0,Ascendant,1.0,222.091,2.0,4.0,2.0,13.0,9.0,1,0,4
5bf97bc5-e805-45bd-a79a-3dcdbe5044aa,Summit,26.0,6.0,12.0,20.0,Ascendant,1.0,381.737,7.0,1.0,3.0,13.0,6.0,0,0,4
5ada1934-7763-407c-bb71-08a77f9fce90,Lotus,11.0,0.0,15.0,9.0,Ascendant,2.0,150.789,3.0,0.0,0.0,6.0,13.0,0,1,3
76870689-608f-44f4-ac90-b25dd2f0138a,Sunset,23.0,4.0,11.0,23.0,Ascendant,2.0,356.222,4.0,5.0,1.0,13.0,5.0,0,1,3
f26e1605-e7f6-4e43-8db9-ca2f56280256,Haven,18.0,4.0,14.0,13.0,Ascendant,2.0,250.65,3.0,4.0,2.0,13.0,7.0,0,1,3
701be06f-03ca-4d1f-9181-82633371e44d,Sunset,14.0,3.0,10.0,11.0,Ascendant,2.0,254.667,7.0,3.0,3.0,13.0,2.0,0,1,3
d58b67fc-2ad8-493d-823d-28f52f77a8ea,Haven,19.0,3.0,16.0,18.0,Ascendant,2.0,269.55,6.0,5.0,4.0,13.0,7.0,1,1,3
ad5dc5ad-2c7f-4c98-b81b-ab5f2487baa6,Haven,7.0,1.0,15.0,6.0,Ascendant,2.0,109.706,1.0,5.0,0.0,4.0,13.0,1,1,3
1d458345-5f56-4778-befa-beed780e6621,Summit,16.0,1.0,15.0,17.0,Ascendant,2.0,280.294,4.0,4.0,0.0,4.0,13.0,0,1,3
6e14f50d-a52e-4e82-98a7-1b98b56569f0,Ascent,22.0,1.0,18.0,15.0,Ascendant,2.0,247.625,2.0,2.0,0.0,11.0,13.0,0,1,3
74b0d499-51e0-4734-8fb4-c95bfd36537e,Lotus,15.0,3.0,14.0,11.0,Ascendant,2.0,209.45,3.0,2.0,1.0,13.0,7.0,1,1,3
f239e047-dae8-49ad-82fe-a2afe0098116,Summit,17.0,8.0,19.0,22.0,Ascendant,3.0,278.65,4.0,3.0,0.0,7.0,13.0,0,1,3
da220aac-1f3e-40c7-add0-6c44d02cb3f8,Summit,15.0,1.0,9.0,12.0,Ascendant,2.0,291.5,3.0,1.0,1.0,13.0,1.0,0,1,3
e12dfd42-5878-4afe-a464-58195f8ed3c3,Ascent,15.0,6.0,15.0,14.0,Ascendant,2.0,238.263,4.0,0.0,2.0,13.0,6.0,1,2,2
804517e8-283c-416a-afdf-66a8685c7711,Sunset,16.0,3.0,10.0,17.0,Ascendant,2.0,273.176,4.0,2.0,3.0,13.0,4.0,0,1,3
3dde8fe2-b9b5-4db3-b3f7-2fc5b7e34d2b,Split,13.0,3.0,10.0,14.0,Ascendant,2.0,207.5,2.0,1.0,4.0,13.0,3.0,0,1,3
536ce8e9-b172-4010-82ad-263b70f22224,Split,27.0,5.0,18.0,23.0,Ascendant,3.0,306.75,3.0,1.0,0.0,11.0,13.0,1,0,4
adc2923b-2008-4fbe-b97d-5d40cb0b15f0,Breeze,16.0,3.0,15.0,9.0,Ascendant,3.0,244.0,4.0,2.0,1.0,13.0,5.0,0,0,4
10d291ca-99a0-44f3-9f03-63412cfb4fde,Ascent,22.0,3.0,9.0,17.0,Ascendant,3.0,354.875,4.0,1.0,2.0,13.0,3.0,0,0,4
748a7806-bfd1-487a-ba41-0aaf48012c66,Lotus,8.0,4.0,16.0,6.0,Ascendant,3.0,163.786,0.0,1.0,0.0,1.0,13.0,0,0,4
65778be9-2279-4525-9d3e-1a69e090eb66,Haven,19.0,3.0,14.0,17.0,Ascendant,3.0,329.529,1.0,0.0,0.0,4.0,13.0,0,0,4
82847d9f-8a17-43e7-801d-f656ca74f853,Split,19.0,3.0,16.0,12.0,Ascendant,3.0,205.522,1.0,3.0,1.0,13.0,10.0,1,0,4
4ce515b6-5f21-4b40-85fe-0714e99303de,Haven,10.0,1.0,16.0,10.0,Ascendant,3.0,184.941,3.0,6.0,0.0,4.0,13.0,0,2,2
2cbff1b9-b0e3-46ed-8b9c-d93720c3dd29,Sunset,24.0,0.0,18.0,19.0,Ascendant,3.0,332.85,7.0,2.0,0.0,7.0,13.0,0,2,2
661467fd-a2b0-4514-8627-ce98d3761d2d,Ascent,13.0,1.0,20.0,11.0,Ascendant,3.0,161.773,4.0,10.0,1.0,13.0,9.0,1,2,2
f29bd388-50c8-46cc-9548-0c6e6ecac995,Breeze,9.0,3.0,21.0,6.0,Ascendant,3.0,111.917,0.0,6.0,0.0,11.0,13.0,0,2,2
d6b2c2e1-3703-4453-8fd5-9739d19f1921,Sunset,10.0,4.0,14.0,7.0,Ascendant,2.0,206.267,3.0,3.0,0.0,2.0,13.0,0,1,3
1a2444a3-712c-4c7d-9b19-33f20b28afe5,Ascent,14.0,5.0,17.0,14.0,Ascendant,2.0,209.9,1.0,2.0,0.0,7.0,13.0,1,0,4
9b67b670-fa23-4f47-96a5-809b33e71e22,Pearl,23.0,5.0,19.0,17.0,Diamond,2.0,202.633,4.0,3.0,1.0,16.0,14.0,1,1,3
db56099c-8a7e-4bb8-a5d9-7df7a73b8066,Haven,17.0,0.0,7.0,10.0,Diamond,2.0,218.167,1.0,0.0,2.0,13.0,5.0,1,2,2
0d8902c0-769c-408b-ae83-adca65559bf7,Fracture,21.0,8.0,16.0,17.0,Diamond,2.0,253.417,2.0,0.0,3.0,13.0,11.0,0,1,3
77c013e8-1e3b-4b39-b213-b257f92aa569,Breeze,18.0,2.0,13.0,16.0,Diamond,2.0,285.389,2.0,2.0,0.0,5.0,13.0,1,1,3
98fee671-fbb1-42ad-9dbb-be1cb622aa70,Lotus,24.0,3.0,17.0,17.0,Diamond,2.0,235.615,5.0,1.0,1.0,14.0,12.0,1,1,3
3e02dd1e-a0de-4ad4-8f84-67bc1aab2a3b,Fracture,14.0,12.0,12.0,8.0,Diamond,2.0,218.2,0.0,3.0,1.0,13.0,7.0,0,1,3
d2ca7775-6047-402d-9545-6cecfbb6284d,Ascent,23.0,10.0,16.0,17.0,Diamond,2.0,279.458,0.0,0.0,1.0,13.0,11.0,0,1,3
2057d2ac-80e5-418f-8c1e-b75a748b41bc,Lotus,17.0,7.0,19.0,15.0,Diamond,2.0,219.364,3.0,1.0,0.0,9.0,13.0,0,1,3
d7b169e9-4314-4053-888a-2ad2c38231e2,Haven,21.0,3.0,14.0,13.0,Diamond,2.0,273.136,3.0,3.0,1.0,13.0,9.0,1,1,3
46a091b7-3e49-4cab-9e19-9a1ebef92365,Fracture,17.0,3.0,16.0,9.0,Diamond,2.0,211.087,3.0,3.0,2.0,13.0,10.0,1,1,3
49c31dd4-562d-4a46-a456-f66c616b13f4,Lotus,29.0,5.0,15.0,13.0,Diamond,3.0,342.783,3.0,0.0,0.0,10.0,13.0,1,1,3
4178e4ac-f596-4f92-8097-e76abb520e76,Haven,19.0,5.0,17.0,14.0,Diamond,3.0,268.19,5.0,0.0,0.0,8.0,13.0,0,1,3
1526ce4f-d8c9-44f4-a15d-35ff1416acc2,Split,16.0,5.0,15.0,14.0,Diamond,3.0,205.958,1.0,1.0,1.0,13.0,11.0,0,1,3
d297ad82-0e69-4840-9598-96d32305eef1,Split,16.0,9.0,8.0,15.0,Diamond,3.0,264.588,2.0,0.0,2.0,13.0,4.0,0,1,3
8873b087-086a-4c47-bd77-4ca8ca8e6fb3,Pearl,4.0,0.0,4.0,3.0,Diamond,3.0,85.929,0.0,1.0,0.0,1.0,4.0,1,1,3
7f70f402-86e4-4f30-aa57-46f2f2d890af,Lotus,19.0,2.0,17.0,12.0,Diamond,3.0,222.261,3.0,2.0,0.0,10.0,13.0,1,1,3
787aaba6-c0f6-4794-b7fc-45a3fcad04dd,Breeze,20.0,4.0,12.0,13.0,Diamond,2.0,328.529,2.0,2.0,1.0,13.0,4.0,1,1,3
73c7797e-b61b-4d9a-a819-739bfac4e76d,Haven,15.0,4.0,10.0,8.0,Diamond,3.0,216.895,3.0,1.0,1.0,13.0,6.0,1,1,3
c2e14e54-d16d-4e8c-a043-112267df805a,Lotus,15.0,4.0,15.0,7.0,Diamond,2.0,212.095,4.0,2.0,2.0,13.0,8.0,1,1,3
9c3af02c-954d-4e65-94eb-3276ef34ec1b,Split,28.0,5.0,21.0,19.0,Diamond,3.0,267.067,6.0,3.0,0.0,14.0,16.0,1,1,3
41fd8743-edd4-46b1-bcb0-00eb689e1394,Split,13.0,2.0,15.0,12.0,Diamond,3.0,169.522,2.0,2.0,0.0,10.0,13.0,1,1,3
cedf0d0e-07a2-42c1-8311-a11ea5fdeb74,Lotus,25.0,4.0,9.0,22.0,Diamond,3.0,399.722,2.0,2.0,1.0,13.0,5.0,1,1,3
01ac2dc5-dc24-46b1-bec3-bcaa053944c6,Fracture,18.0,0.0,11.0,10.0,Diamond,3.0,232.381,3.0,1.0,1.0,13.0,8.0,1,1,3
e4f8ea51-c523-4d4c-b289-0e42d20ba31e,Haven,19.0,0.0,21.0,13.0,Diamond,3.0,208.5,4.0,4.0,0.0,11.0,13.0,1,1,3
ff04948e-15be-421a-8017-b141767014c7,Fracture,22.0,1.0,16.0,16.0,Diamond,3.0,291.909,7.0,2.0,0.0,9.0,13.0,0,1,3
eabd7d94-f12b-4bf7-9ca7-0c5a5adbc794,Haven,17.0,1.0,18.0,9.0,Unrated,,206.909,2.0,3.0,0.0,9.0,13.0,1,1,3
d36c6aaa-e5bc-48d5-b1ef-0a3658e94da6,Summit,19.0,9.0,16.0,11.0,Unrated,,232.333,3.0,1.0,1.0,13.0,11.0,0,1,3
4331b65a-3ab1-49ba-a393-11e382a4530c,Lotus,14.0,2.0,10.0,8.0,Unrated,,221.667,5.0,1.0,2.0,13.0,5.0,1,1,3
f1fb14dd-7ccb-4e54-bc50-8453007b37db,Lotus,7.0,4.0,11.0,7.0,Diamond,3.0,153.333,1.0,2.0,0.0,2.0,13.0,0,1,3
7fb020d2-82eb-435f-82a7-54d093aceda4,Pearl,5.0,4.0,6.0,5.0,Diamond,3.0,135.133,1.0,1.0,1.0,8.0,2.0,1,1,3
c6b0f911-27eb-4497-ad94-05683e41e91a,Summit,20.0,5.0,15.0,22.0,Unrated,,259.522,3.0,0.0,1.0,13.0,10.0,0,1,3
94d7b269-6e02-43b9-b3bb-8d6aab5c42dc,Haven,17.0,0.0,11.0,14.0,Unrated,,315.75,2.0,2.0,0.0,3.0,13.0,1,1,3
f325d642-ad8d-4230-8569-0edcfc01911d,Breeze,31.0,2.0,19.0,26.0,Platinum,3.0,295.964,9.0,2.0,0.0,13.0,15.0,1,1,3
e774e383-565f-4cec-a97f-1346897b5ed8,Ascent,26.0,12.0,15.0,20.0,Platinum,3.0,313.348,2.0,0.0,1.0,13.0,10.0,0,1,3
b109bb8d-afa4-4377-a517-2587799c7580,Summit,15.0,4.0,14.0,11.0,Platinum,3.0,260.667,2.0,0.0,0.0,5.0,13.0,0,1,3
e3901461-a9a6-4410-982d-4e872a1123fa,Haven,14.0,12.0,15.0,7.0,Platinum,3.0,212.087,1.0,3.0,0.0,10.0,13.0,0,1,3
7959ef3e-08b2-4e28-9692-524c41b1c71e,Split,15.0,3.0,16.0,7.0,Bronze,2.0,183.478,1.0,0.0,1.0,13.0,10.0,1,2,2
4eed53d4-7923-438b-9a55-3805af10817f,Bind,12.0,7.0,15.0,13.0,Bronze,2.0,186.696,0.0,1.0,0.0,10.0,13.0,1,1,3
00fa081a-0796-466b-a9f8-0fb5bc983aee,Lotus,11.0,3.0,19.0,7.0,Bronze,2.0,160.391,0.0,2.0,1.0,13.0,10.0,1,4,0
8ff76795-fcd9-403d-9b44-bb4978821d02,Bind,17.0,12.0,16.0,9.0,Bronze,2.0,230.364,3.0,2.0,2.0,13.0,9.0,0,2,2
89c05b9c-3304-4660-8639-ad7798a67e4f,Pearl,10.0,0.0,17.0,8.0,Bronze,2.0,164.211,1.0,1.0,0.0,6.0,13.0,1,1,3
18542641-aed5-403e-a6fd-986a17a4fb1c,Lotus,19.0,3.0,9.0,11.0,Bronze,2.0,249.2,0.0,0.0,1.0,13.0,7.0,1,1,3
7e8b2020-613e-41fd-b76b-64a335dc09f2,Split,16.0,6.0,17.0,7.0,Bronze,2.0,237.955,0.0,1.0,2.0,13.0,9.0,0,1,3
e35bbacc-e9b5-4741-9232-af6af4aca4df,Bind,18.0,10.0,13.0,10.0,Bronze,1.0,278.429,3.0,1.0,1.0,13.0,8.0,0,2,2
f24041d1-1da6-4b87-9b2a-29828a3149e0,Fracture,7.0,4.0,16.0,8.0,Bronze,1.0,121.81,1.0,1.0,0.0,8.0,13.0,1,1,3
1c9f77b2-5fa9-4653-b349-648b5a7f6987,Pearl,18.0,4.0,8.0,9.0,Bronze,1.0,248.722,2.0,0.0,1.0,13.0,5.0,1,1,3
08d68621-3942-437b-a333-a3c8e4324a66,Split,31.0,5.0,16.0,12.0,Bronze,1.0,431.095,5.0,2.0,0.0,8.0,13.0,1,1,3
87b84057-306d-4ebf-9e3b-08d55cdbe741,Bind,18.0,11.0,18.0,9.0,Bronze,1.0,185.857,1.0,0.0,1.0,15.0,13.0,0,0,4
9c6783b9-57f0-4db0-8d78-a55fdf2a6c58,Split,16.0,9.0,16.0,8.0,Bronze,1.0,196.5,1.0,1.0,0.0,12.0,14.0,1,2,2
e8b56652-ec85-40c4-97e8-591e74797545,Haven,1.0,4.0,17.0,0.0,Bronze,1.0,44.7,0.0,2.0,0.0,7.0,13.0,0,2,2
70dbd6b6-9958-42d9-a39c-cfabb8b82c5e,Pearl,13.0,7.0,16.0,6.0,Bronze,1.0,185.682,0.0,2.0,0.0,9.0,13.0,0,2,2
14bc156a-1e50-472e-ba01-5bd8c94ac171,Pearl,19.0,4.0,18.0,8.0,Bronze,1.0,207.808,2.0,1.0,1.0,14.0,12.0,1,0,4
8d028621-7c72-4364-afce-944963765a6a,Pearl,11.0,11.0,20.0,6.0,Bronze,1.0,149.292,1.0,5.0,0.0,11.0,13.0,0,2,2
d034107a-37cd-4789-9a6e-69b9496e0e3d,Split,9.0,3.0,16.0,3.0,Bronze,1.0,160.294,1.0,0.0,0.0,4.0,13.0,1,3,1
5a71c513-2ef9-4e7b-a3d0-70bb49e5078b,Breeze,18.0,1.0,22.0,6.0,Bronze,1.0,183.75,3.0,6.0,0.0,13.0,15.0,0,2,2
49f3cfce-4a42-44cb-a677-197143b78dfd,Lotus,18.0,4.0,14.0,8.0,Bronze,1.0,256.55,4.0,2.0,1.0,13.0,7.0,1,2,2
51fcaba6-c41f-467f-a4b3-a5863baa1cdf,Split,12.0,3.0,14.0,5.0,Bronze,1.0,223.0,2.0,0.0,0.0,4.0,13.0,0,2,2
11db463a-5548-4a2f-8c12-eb404da88269,Haven,6.0,4.0,1.0,2.0,Bronze,1.0,125.846,0.0,0.0,1.0,5.0,0.0,1,2,2
55eec708-9f63-4a53-bab3-5bc1ded30187,Breeze,27.0,4.0,17.0,21.0,Bronze,1.0,261.0,2.0,3.0,1.0,15.0,13.0,1,0,4
60427e82-a1c5-4a20-bd82-17f6603fb21d,Haven,19.0,12.0,16.0,14.0,Bronze,2.0,253.909,2.0,0.0,0.0,9.0,13.0,0,2,2
67b1d1be-cbbb-4b4a-aa2f-33f78d7fdffd,Fracture,23.0,5.0,10.0,10.0,Bronze,2.0,335.632,1.0,1.0,1.0,13.0,6.0,1,2,2
26b9908b-6bdc-4988-8b54-5ce8003bdd8d,Pearl,21.0,7.0,15.0,9.0,Bronze,1.0,267.739,1.0,2.0,2.0,13.0,10.0,1,2,2
45de71a4-9ced-4a25-9de6-9f4cbd3e4796,Breeze,26.0,10.0,16.0,13.0,Bronze,1.0,368.136,5.0,0.0,3.0,13.0,9.0,0,1,3
d1c749c7-7b5c-44bb-a8ff-211d6350f539,Lotus,20.0,10.0,18.0,6.0,Bronze,1.0,243.348,3.0,2.0,0.0,10.0,13.0,0,0,4
c4d64c07-80a2-43fc-9ecf-cf653a24616d,Split,4.0,3.0,14.0,1.0,Bronze,2.0,122.933,3.0,1.0,0.0,2.0,13.0,0,0,4
18c36663-50cb-4eea-b16c-0cdbf31d5921,Split,12.0,4.0,19.0,4.0,Bronze,2.0,164.478,1.0,2.0,0.0,10.0,13.0,1,0,4
e3e84f05-dd3a-41df-9c1a-b9c5ac742812,Lotus,14.0,4.0,23.0,12.0,Bronze,1.0,150.333,2.0,0.0,1.0,16.0,14.0,1,0,4
0f30068e-5dff-46fa-b9fa-2c0f96b3fb5c,Pearl,17.0,6.0,20.0,10.0,Bronze,1.0,192.533,0.0,2.0,1.0,15.0,15.0,1,1,3
725acbd5-0fb7-44be-a124-6b406788b772,Lotus,9.0,1.0,15.0,6.0,Bronze,1.0,145.85,3.0,3.0,0.0,7.0,13.0,1,2,2
ec54872a-be60-4be8-8d59-48c57a1859a1,Fracture,8.0,5.0,11.0,4.0,Bronze,1.0,143.625,0.0,0.0,1.0,13.0,3.0,1,1,3
5f3154c4-4862-4b92-a687-a833063aeb43,Breeze,9.0,2.0,16.0,4.0,Bronze,1.0,126.476,0.0,0.0,0.0,8.0,13.0,0,4,0
6be3b448-9dce-416f-81ff-d64fc5bfa61a,Fracture,22.0,5.0,14.0,5.0,Bronze,1.0,255.087,2.0,3.0,1.0,13.0,10.0,0,1,3
57adee0e-1c6a-44f8-8536-195f3f6630ff,Haven,13.0,6.0,20.0,15.0,Bronze,1.0,202.043,2.0,2.0,1.0,13.0,10.0,1,0,4
2c5a6fdb-9082-4bd0-b1cb-15fefdc31724,Lotus,13.0,8.0,15.0,11.0,Bronze,1.0,200.565,2.0,2.0,1.0,13.0,10.0,1,1,3
f0c17529-b63c-4aa2-8687-d9017aec7496,Breeze,14.0,13.0,19.0,6.0,Bronze,1.0,200.636,0.0,1.0,1.0,13.0,9.0,0,2,2
ee032d12-1e91-4508-aa79-6d56de247d62,Fracture,18.0,4.0,7.0,7.0,Bronze,1.0,319.875,4.0,0.0,1.0,13.0,3.0,1,1,3
f3e326aa-844d-4d48-89f3-1412a8d229db,Lotus,7.0,11.0,18.0,5.0,Bronze,1.0,117.818,0.0,2.0,0.0,9.0,13.0,0,2,2
503a70f6-527c-4c01-bc90-2ef3b7f39931,Pearl,5.0,3.0,15.0,2.0,Bronze,1.0,105.438,0.0,3.0,0.0,3.0,13.0,0,4,0
1580c01a-2c48-40f7-861d-d4801ccf85cc,Pearl,21.0,6.0,16.0,14.0,Bronze,1.0,232.5,3.0,2.0,0.0,14.0,14.0,1,2,2
8d34f433-14db-4723-b0ef-1fcb55194383,Haven,10.0,1.0,7.0,10.0,Bronze,1.0,164.75,1.0,0.0,1.0,9.0,3.0,1,2,2
4a3d8209-771f-4bad-bd98-56f34368a92b,Pearl,7.0,13.0,24.0,4.0,Bronze,2.0,106.357,2.0,3.0,0.0,14.0,14.0,0,1,3
9b5cf178-4584-45c1-a126-a673f5c8ce91,Ascent,23.0,8.0,17.0,11.0,Bronze,2.0,332.364,4.0,1.0,0.0,9.0,13.0,1,1,3
609fba2e-f590-404c-97d5-bd97680256d7,Lotus,13.0,3.0,20.0,9.0,Bronze,2.0,162.042,1.0,2.0,0.0,11.0,13.0,1,2,2
aaae36c8-b4a7-498e-9f0c-5de1ed48d8a9,Lotus,19.0,4.0,18.0,7.0,Bronze,1.0,251.739,1.0,2.0,0.0,10.0,13.0,1,2,2
89d6795c-c17e-40cc-845b-d8faca4f5121,Pearl,8.0,2.0,16.0,4.0,Bronze,1.0,113.211,1.0,3.0,0.0,6.0,13.0,0,4,0
87dba074-8141-4f21-8d13-8fa9c9f3eedc,Haven,6.0,6.0,19.0,4.0,Bronze,1.0,88.409,0.0,4.0,1.0,13.0,9.0,0,4,0
490d0cdb-909f-41fd-9a8e-65031b25ddc2,Ascent,29.0,5.0,12.0,13.0,Bronze,1.0,366.333,4.0,0.0,1.0,13.0,8.0,1,1,3
e7596019-82ea-4b3b-b7a6-94acb09b1503,Split,17.0,5.0,15.0,15.0,Bronze,1.0,224.609,1.0,4.0,0.0,10.0,13.0,1,2,2
7725c725-a4f7-4d1c-a1ab-57f5a35e3d3c,Fracture,15.0,6.0,12.0,5.0,Bronze,1.0,199.318,3.0,1.0,1.0,13.0,9.0,1,2,2
c1972303-3dc7-46a2-a26d-39d449eb5900,Haven,11.0,5.0,14.0,5.0,Bronze,1.0,129.696,3.0,1.0,1.0,13.0,10.0,0,3,1
5f364b19-f90e-486b-80ea-c9df7b6490f4,Haven,15.0,2.0,16.0,13.0,Bronze,2.0,246.941,2.0,2.0,0.0,4.0,13.0,1,0,4
74dec13a-7a51-4a64-bad3-71980f9d42d0,Breeze,7.0,7.0,16.0,4.0,Bronze,2.0,108.476,1.0,1.0,0.0,8.0,13.0,0,2,2
4b24e0f9-c9c2-4513-9c3a-8e18dfc878a7,Ascent,19.0,8.0,18.0,13.0,Bronze,1.0,221.692,1.0,2.0,1.0,14.0,12.0,1,0,4
505448c4-ab47-4df6-80fa-f6e241f65989,Fracture,12.0,13.0,20.0,3.0,Bronze,1.0,121.143,0.0,3.0,1.0,14.0,14.0,0,0,4
690ea1d2-e4ec-4433-ba26-3a1361d10f5c,Fracture,8.0,9.0,19.0,4.0,Bronze,1.0,127.476,1.0,3.0,1.0,13.0,8.0,0,1,3
42b9ac5a-e725-4eb0-b68b-1a928416e0fa,Pearl,21.0,4.0,15.0,15.0,Bronze,1.0,233.808,2.0,2.0,1.0,14.0,12.0,1,2,2
83ce32e7-01fa-4689-8232-4dccf35e8c3a,Breeze,4.0,6.0,16.0,2.0,Bronze,1.0,101.944,1.0,0.0,0.0,5.0,13.0,0,1,3
368a6d8f-e399-46a4-88a3-765ed91a3ba4,Split,20.0,2.0,21.0,20.0,Bronze,1.0,209.607,1.0,2.0,0.0,14.0,14.0,1,0,4
7ac80cff-487f-4fe2-af12-f5151c2848c2,Haven,22.0,4.0,17.0,16.0,Bronze,1.0,240.346,5.0,2.0,0.0,12.0,14.0,0,0,4
411f562f-181d-4993-a25b-dcc33660a1bf,Haven,15.0,6.0,14.0,11.0,Bronze,1.0,194.136,3.0,0.0,1.0,13.0,9.0,1,0,4
e5c37721-39c2-477e-940a-b5e0775cfb5c,Ascent,5.0,4.0,16.0,8.0,Bronze,1.0,129.882,0.0,1.0,0.0,4.0,13.0,1,0,4
029af2c3-6446-413d-a35e-11bcaa0f4d88,Pearl,4.0,6.0,19.0,5.0,Bronze,1.0,68.217,0.0,1.0,0.0,10.0,13.0,1,4,0
aaf05d09-954e-4d38-bf46-7d92a6151fff,Fracture,9.0,7.0,14.0,3.0,Bronze,1.0,137.4,1.0,4.0,1.0,13.0,7.0,0,4,0
90d6cfab-4538-4f3c-b7ab-6843db65d1d4,Split,15.0,4.0,16.0,5.0,Bronze,1.0,190.857,1.0,0.0,1.0,13.0,8.0,1,0,4
d1e4e168-9f8a-4262-be04-9634f271c4d3,Breeze,6.0,0.0,12.0,4.0,Bronze,1.0,111.125,2.0,3.0,0.0,3.0,13.0,0,0,4
a53cc781-bd8e-4a6d-8d5b-18543b57f17f,Breeze,15.0,9.0,16.0,5.0,Bronze,1.0,233.2,0.0,1.0,1.0,13.0,7.0,0,4,0
a417a31f-7bca-411c-987e-b1f22f40595f,Split,15.0,4.0,13.0,6.0,Bronze,1.0,250.667,1.0,0.0,0.0,5.0,13.0,0,2,2
593464b8-e0c3-4b3d-a852-b3c7bbeabd6e,Ascent,28.0,6.0,13.0,10.0,Bronze,1.0,370.81,5.0,0.0,1.0,13.0,8.0,1,2,2
40b98e2b-645f-4ed8-983e-2e75bc5fef63,Haven,22.0,5.0,17.0,5.0,Bronze,1.0,249.0,4.0,2.0,0.0,11.0,13.0,1,1,3
9076d58b-9358-4d89-aaa1-dfe876f2f84d,Ascent,21.0,5.0,11.0,7.0,Bronze,1.0,284.3,2.0,0.0,2.0,13.0,7.0,1,2,2
ad388827-e634-47e1-b6d6-a24e44c8c9fb,Haven,16.0,5.0,16.0,4.0,Bronze,1.0,220.0,2.0,3.0,0.0,7.0,13.0,0,2,2
bf650a61-2787-47dd-bd13-2cfedb0d38d0,Fracture,19.0,6.0,17.0,5.0,Bronze,1.0,256.182,1.0,0.0,1.0,13.0,9.0,1,1,3
27b0cd28-e09b-4e14-b8e4-601d56acd02a,Pearl,14.0,6.0,12.0,8.0,Bronze,1.0,199.095,1.0,2.0,2.0,13.0,8.0,1,2,2
dadea77b-8dcd-4350-9adf-29c3c93f7488,Split,15.0,2.0,14.0,14.0,Bronze,1.0,218.632,0.0,1.0,0.0,6.0,13.0,1,0,4
1d5a9e79-aa29-4618-a40a-f88711295fda,Pearl,13.0,6.0,9.0,8.0,Bronze,1.0,199.5,0.0,0.0,1.0,13.0,5.0,1,0,4
6f90583b-4fba-4791-be48-194f8380ab1a,Fracture,2.0,12.0,9.0,0.0,Bronze,1.0,50.588,0.0,2.0,1.0,9.0,4.0,0,0,4
e351fcca-6901-4254-9268-29778a978b7c,Haven,5.0,12.0,17.0,2.0,Bronze,1.0,69.0,0.0,3.0,1.0,13.0,11.0,0,4,0
441151d2-df0b-4831-98a8-50d72119b095,Ascent,9.0,7.0,17.0,10.0,Bronze,1.0,157.85,0.0,1.0,2.0,13.0,7.0,1,4,0
e544faab-c55e-4b38-8b5b-3a559e2b5327,Split,4.0,5.0,18.0,1.0,Bronze,1.0,72.048,1.0,3.0,0.0,8.0,13.0,0,4,0
1c81bd27-c45a-4eb5-90b7-050e01c29f00,Lotus,6.0,5.0,16.0,3.0,Bronze,1.0,122.158,1.0,0.0,0.0,6.0,13.0,1,4,0
b2f4de61-548f-412f-8c82-1f3fa806b719,Split,7.0,12.0,11.0,3.0,Bronze,1.0,133.0,0.0,1.0,1.0,13.0,5.0,0,2,2
c170eb32-b74b-49a5-8a2b-c128c0c27a54,Breeze,17.0,4.0,13.0,9.0,Bronze,1.0,227.143,0.0,2.0,1.0,13.0,8.0,0,0,4
bfa83d37-a0da-4a70-ae02-f95656bf1e10,Ascent,6.0,10.0,13.0,5.0,Unrated,,115.421,0.0,0.0,1.0,13.0,6.0,0,1,3
bb2266c3-e502-423c-854e-6af394305670,Split,18.0,5.0,12.0,10.0,Unrated,,224.091,1.0,0.0,1.0,13.0,9.0,1,0,4
2c2b9819-293f-4b6d-b323-33980de66384,Haven,14.0,4.0,19.0,10.0,Unrated,,161.667,1.0,1.0,2.0,13.0,11.0,1,0,4
59fc0ff4-a418-4790-bc53-9dba888993a4,Breeze,5.0,8.0,17.0,6.0,Iron,3.0,91.619,0.0,1.0,0.0,8.0,13.0,0,4,0
c995a64e-b96b-4284-9960-a3bd6fe12a2b,Lotus,4.0,2.0,1.0,2.0,Iron,3.0,86.077,1.0,0.0,1.0,4.0,0.0,0,4,0
ed413693-3f45-46c0-8d3b-d1945fea42db,Lotus,21.0,4.0,16.0,8.0,Iron,3.0,273.348,2.0,0.0,0.0,10.0,13.0,1,1,3
685bb9ce-0100-42f5-b231-7f572074741d,Sunset,14.0,2.0,14.0,8.0,Iron,3.0,204.842,2.0,0.0,0.0,6.0,13.0,0,1,3
4d87dd28-3b4a-48aa-b130-e95fd2cfa164,Ascent,18.0,9.0,14.0,10.0,Iron,3.0,290.25,2.0,2.0,1.0,13.0,7.0,1,2,2
aa73b288-2730-4c9f-a0f2-8f17f3bfd5b2,Sunset,19.0,7.0,11.0,4.0,Iron,3.0,302.389,3.0,3.0,2.0,13.0,5.0,1,1,3
8ca036bb-f85c-43e2-a784-75166fe5b4c5,Summit,14.0,4.0,14.0,8.0,Iron,3.0,171.227,1.0,2.0,3.0,13.0,9.0,1,2,2
2247c4bc-df18-4c1b-a686-1c5d4a08165f,Breeze,16.0,10.0,16.0,9.0,Iron,3.0,231.478,0.0,1.0,4.0,13.0,10.0,0,1,3
dbc18550-cc27-4d88-8b66-5b5374dfb9ee,Haven,11.0,7.0,21.0,11.0,Bronze,1.0,120.429,1.0,1.0,1.0,15.0,13.0,0,1,3
15c9f11b-4d35-4eb0-aa95-cf45421428bc,Split,5.0,12.0,14.0,2.0,Iron,3.0,86.9,0.0,0.0,1.0,13.0,7.0,0,4,0
1b34470c-5c1d-4dc6-9685-057a417c32e7,Breeze,9.0,4.0,5.0,4.0,Bronze,1.0,150.625,2.0,1.0,1.0,13.0,3.0,0,1,3
379ce8e0-1d96-431a-9699-b6df2fa3036e,Sunset,12.0,4.0,6.0,5.0,Bronze,1.0,227.0,0.0,0.0,2.0,10.0,2.0,1,1,3
00d24683-4c86-4883-b61c-3cff43ce0d5d,Summit,10.0,5.0,17.0,7.0,Bronze,1.0,134.286,1.0,0.0,0.0,8.0,13.0,0,4,0
f8d344c0-20b0-4b2d-a9ab-241f28ca4c71,Breeze,0.0,0.0,5.0,0.0,Bronze,1.0,8.846,0.0,0.0,0.0,0.0,5.0,0,4,0
fb11dd42-d8f8-4ab1-83de-ae8148ec5031,Lotus,13.0,13.0,20.0,4.0,Bronze,1.0,172.292,1.0,3.0,0.0,11.0,13.0,0,0,4
36520acd-9cc0-403b-9b27-7f747da86c43,Split,14.0,9.0,18.0,8.0,Bronze,1.0,175.0,2.0,1.0,1.0,13.0,10.0,1,0,4
c4e0e852-896f-41c9-bafd-71db7c0ee67e,Lotus,19.0,2.0,15.0,11.0,Bronze,1.0,240.636,1.0,0.0,2.0,13.0,9.0,1,4,0
42d3295a-22c5-41d0-8751-0066667edcb2,Sunset,4.0,5.0,14.0,2.0,Bronze,1.0,111.353,0.0,2.0,0.0,4.0,13.0,1,0,4
9c3acce2-7fb1-4e21-8180-637eb2c61816,Sunset,17.0,8.0,21.0,8.0,Bronze,1.0,175.464,3.0,2.0,0.0,14.0,14.0,0,0,4
604708f0-8c40-4ace-97e8-ce8de1126b3e,Ascent,16.0,8.0,17.0,11.0,Bronze,1.0,217.75,1.0,1.0,1.0,13.0,11.0,1,2,2
eea5053d-cc35-4275-aa1b-0797e566e86f,Sunset,8.0,3.0,16.0,6.0,Bronze,1.0,158.167,3.0,0.0,0.0,5.0,13.0,1,0,4
2c55e1ab-f6bc-4977-b922-8ea328c17b4b,Fracture,17.0,6.0,20.0,15.0,Diamond,1.0,229.909,2.0,3.0,0.0,9.0,13.0,0,2,2
09004179-5baf-474e-95b3-f2e91d438ead,Breeze,13.0,4.0,11.0,9.0,Diamond,1.0,185.056,1.0,1.0,1.0,13.0,5.0,1,1,3
4d8036cc-3edc-4d83-8e4b-7afd8dba6f1b,Fracture,6.0,1.0,13.0,3.0,Diamond,1.0,143.923,0.0,3.0,0.0,0.0,13.0,1,1,3
138f4118-a314-4096-a3b4-373b76c74fb6,Pearl,20.0,9.0,15.0,12.0,Diamond,1.0,203.5,1.0,1.0,1.0,14.0,12.0,0,2,2
6c7a27ac-99f6-4e79-baa6-a7f29d69c6cb,Pearl,14.0,3.0,7.0,10.0,Diamond,1.0,249.067,0.0,2.0,2.0,13.0,2.0,0,1,3
d6eba345-8b95-4249-8ef3-210bab1f7b6f,Lotus,21.0,3.0,19.0,11.0,Diamond,1.0,276.087,7.0,3.0,1.0,13.0,10.0,1,1,3
0eaaf809-4f36-4de2-8cf2-12ce30d89d9f,Split,8.0,7.0,17.0,4.0,Diamond,1.0,124.5,1.0,1.0,0.0,7.0,13.0,0,1,3
bf7b133f-eaac-4d1c-ae2b-b674a6b73eed,Haven,16.0,8.0,15.0,13.0,Diamond,1.0,208.304,1.0,0.0,1.0,13.0,10.0,0,0,4
eac0293a-353a-436c-81fa-644a433a696e,Ascent,14.0,4.0,15.0,10.0,Diamond,1.0,211.421,2.0,1.0,0.0,6.0,13.0,0,0,4
46c039f3-a038-4c88-a690-6325884eadcd,Haven,16.0,4.0,5.0,10.0,Diamond,1.0,259.688,2.0,0.0,1.0,13.0,3.0,0,0,4
6dff9105-1176-4df2-9950-e849c4e99f36,Ascent,24.0,7.0,19.0,17.0,Diamond,1.0,322.348,7.0,2.0,0.0,10.0,13.0,0,1,3
ddd8713c-8075-4cb5-b5df-6c089c98e418,Split,23.0,8.0,21.0,10.0,Diamond,1.0,230.6,2.0,5.0,0.0,14.0,16.0,1,1,3
b68ff50f-5533-4e42-be02-a6782fa22252,Pearl,18.0,13.0,19.0,14.0,Diamond,1.0,261.955,4.0,3.0,1.0,13.0,9.0,0,1,3
f804a62a-b318-415c-bf2e-8b97f716c5d7,Ascent,13.0,7.0,20.0,5.0,Diamond,1.0,179.917,1.0,3.0,0.0,11.0,13.0,0,1,3
4035d6c8-f585-4646-a1b5-e75f5432c12c,Lotus,24.0,3.0,22.0,19.0,Diamond,1.0,271.885,9.0,5.0,1.0,14.0,12.0,0,1,3
a61c7006-f3b5-4111-9d79-bd002bb6ee52,Breeze,8.0,6.0,16.0,8.0,Diamond,1.0,166.588,0.0,3.0,0.0,4.0,13.0,0,0,4
c6d84604-f6a1-4a7c-a998-0a812abcc361,Fracture,16.0,5.0,19.0,14.0,Diamond,1.0,284.421,1.0,3.0,0.0,6.0,13.0,0,0,4
12060635-b6a8-4c36-a09c-4381fc4caa13,Haven,13.0,6.0,23.0,9.0,Diamond,1.0,170.231,1.0,1.0,0.0,12.0,14.0,1,1,3
62b265c1-b62e-4c3b-ab83-7abef4c21289,Split,12.0,3.0,7.0,6.0,Diamond,1.0,231.692,2.0,2.0,1.0,13.0,0.0,1,1,3
620dc231-61c5-42fa-a9be-f471ffe87cb2,Pearl,12.0,6.0,11.0,8.0,Diamond,1.0,185.579,2.0,3.0,2.0,13.0,6.0,0,1,3
edc5e060-9c29-4fdd-9ed6-a33b236edcfb,Breeze,11.0,10.0,17.0,9.0,Diamond,1.0,199.474,1.0,2.0,0.0,6.0,13.0,1,0,4
9ef96f6c-be10-4048-9f87-7a6cebdbeec7,Split,21.0,8.0,26.0,13.0,Diamond,1.0,224.067,5.0,3.0,0.0,14.0,16.0,0,1,3
ed800906-2e92-492d-993e-5e61830eed64,Breeze,21.0,11.0,23.0,16.0,Diamond,1.0,228.536,2.0,3.0,0.0,14.0,14.0,1,1,3
96729978-d878-490b-a840-7ba14f1366b1,Fracture,5.0,1.0,5.0,4.0,Diamond,1.0,120.308,0.0,0.0,0.0,0.0,5.0,0,1,3
f81841a7-01d8-45eb-81fc-edc5c2607a22,Pearl,17.0,7.0,10.0,12.0,Diamond,1.0,217.368,1.0,3.0,1.0,13.0,6.0,0,1,3
ee91e2de-32b2-4862-a3ba-551df2806247,Split,10.0,9.0,20.0,7.0,Diamond,1.0,134.042,2.0,4.0,1.0,13.0,11.0,0,1,3
bc49d6a0-bc6a-4d4c-8145-bde0ad4671d4,Fracture,11.0,7.0,16.0,14.0,Diamond,1.0,227.833,2.0,2.0,0.0,5.0,13.0,0,1,3
223f8291-401f-4792-a0c2-769b5c8cbaa9,Ascent,20.0,6.0,25.0,14.0,Diamond,1.0,241.071,8.0,9.0,1.0,15.0,13.0,0,1,3
596ada9f-c8b1-408d-ac28-90af5f210bdd,Haven,10.0,4.0,21.0,7.0,Diamond,1.0,123.808,2.0,2.0,0.0,12.0,14.0,0,1,3
15284535-4403-466e-8973-2b373d1c35e1,Breeze,18.0,2.0,18.0,9.0,Diamond,1.0,254.667,8.0,1.0,1.0,13.0,8.0,0,1,3
417fd860-c7d3-48a2-8bc5-1489debc9aa6,Haven,9.0,6.0,15.0,9.0,Diamond,1.0,118.955,1.0,3.0,2.0,13.0,9.0,0,1,3
334505bc-341e-4828-9691-c3d27d93f3be,Pearl,16.0,6.0,13.0,10.0,Diamond,1.0,294.5,2.0,2.0,1.0,13.0,3.0,0,0,4
4726bba0-aec8-47bd-94a9-cb0428d6d435,Ascent,15.0,5.0,16.0,15.0,Diamond,1.0,224.773,3.0,4.0,0.0,9.0,13.0,0,0,4
385e8707-f0ae-4327-81ce-99f49d4bd4a6,Pearl,16.0,6.0,17.0,14.0,Diamond,1.0,204.083,1.0,0.0,0.0,11.0,13.0,0,0,4
e4674fa2-e24a-4a36-acbd-58a9748b812a,Fracture,21.0,6.0,19.0,19.0,Diamond,1.0,224.5,1.0,5.0,1.0,14.0,12.0,1,0,4
29e627a6-c831-48eb-b898-6735316ef852,Ascent,23.0,7.0,16.0,20.0,Diamond,1.0,270.174,4.0,1.0,1.0,13.0,10.0,0,0,4
188c13b7-ed9e-485e-99fa-2ea7a67ab9cf,Fracture,15.0,7.0,17.0,6.0,Diamond,1.0,174.167,1.0,4.0,1.0,13.0,11.0,1,1,3
7bdecbfa-0ea6-48f3-a5eb-fd86ab7c9d75,Split,8.0,13.0,12.0,6.0,Diamond,1.0,128.571,0.0,3.0,2.0,13.0,8.0,0,1,3
e42984d4-6f0b-430a-ba66-bc78ddd07739,Fracture,15.0,7.0,10.0,7.0,Diamond,1.0,194.0,0.0,1.0,3.0,13.0,6.0,1,1,3
4597707c-6038-4926-9f16-87e95b5ff447,Lotus,20.0,2.0,24.0,15.0,Diamond,1.0,205.0,6.0,2.0,0.0,15.0,15.0,0,1,3
7b5c610a-5d2c-4950-a513-fd6f6a0f365b,Lotus,17.0,2.0,8.0,10.0,Diamond,1.0,237.389,4.0,0.0,1.0,13.0,5.0,1,1,3
755ebbab-8e79-4f48-807f-9faa983c5e7e,Haven,20.0,5.0,22.0,9.0,Diamond,1.0,202.679,3.0,3.0,1.0,15.0,13.0,0,1,3
6111bbc3-62dd-46d9-93da-7f12ed4a62de,Breeze,14.0,5.0,19.0,6.0,Diamond,1.0,165.043,1.0,6.0,0.0,10.0,13.0,0,1,3
53ba45ed-3601-4ee0-ac51-bda1d84910a3,Ascent,16.0,7.0,14.0,12.0,Diamond,1.0,238.5,2.0,2.0,1.0,13.0,7.0,0,1,3
2a9e3a5b-0bbc-40fd-99f4-156022767559,Fracture,11.0,1.0,16.0,7.0,Diamond,1.0,142.727,4.0,4.0,0.0,9.0,13.0,1,1,3
49945f93-4c31-4165-bedb-bdf600e47930,Haven,19.0,2.0,19.0,8.0,Diamond,2.0,213.833,2.0,4.0,0.0,11.0,13.0,0,1,3
b46dde6d-5c44-4d28-8758-a396ed732538,Pearl,12.0,8.0,11.0,8.0,Diamond,2.0,185.611,3.0,0.0,1.0,13.0,5.0,0,1,3
b18c189c-f7d3-4f3f-8e37-e070857fa154,Lotus,11.0,4.0,14.0,5.0,Diamond,2.0,142.81,3.0,3.0,2.0,13.0,8.0,1,1,3
89cc53ba-5479-4664-8f98-683e1e897c81,Breeze,13.0,9.0,20.0,10.0,Diamond,2.0,180.217,3.0,4.0,3.0,13.0,10.0,0,1,3
e4817069-70c8-47db-a960-6deaffb4c2f7,Haven,16.0,5.0,10.0,9.0,Diamond,1.0,247.389,3.0,2.0,4.0,13.0,5.0,0,1,3
efa35dca-cbf4-4dbc-8ffa-b791eac9d5b1,Sunset,17.0,5.0,20.0,10.0,Unrated,,195.333,3.0,2.0,1.0,13.0,11.0,1,0,4
b70b671f-f7f5-4596-8bcd-c1fec6dd8a67,Lotus,14.0,5.0,18.0,5.0,Unrated,,189.043,4.0,6.0,2.0,13.0,10.0,0,0,4
6a53e41f-15b9-4536-9a50-3a8a8b49fe36,Split,8.0,5.0,16.0,6.0,Unrated,,134.55,0.0,1.0,0.0,7.0,13.0,0,0,4
88acb196-bdb1-43ec-ae4d-4cda878b4894,Lotus,8.0,2.0,11.0,6.0,Unrated,,143.389,3.0,2.0,1.0,13.0,5.0,1,0,4
f4d3a822-1226-4db2-a506-364f9031244c,Ascent,13.0,10.0,20.0,9.0,Unrated,,205.87,3.0,1.0,0.0,10.0,13.0,0,0,4
b4a95442-91ed-4281-b17c-65504ac2d8dc,Breeze,7.0,2.0,8.0,5.0,Platinum,1.0,138.267,0.0,0.0,0.0,2.0,6.0,0,1,3
7d6f66fe-451a-4003-a6f0-1827046362e3,Summit,5.0,3.0,12.0,6.0,Platinum,1.0,84.5,1.0,4.0,0.0,7.0,13.0,0,1,3
528e0434-01f8-4129-bbbe-6f00f55c7822,Lotus,6.0,4.0,10.0,4.0,Platinum,1.0,136.125,2.0,3.0,0.0,3.0,9.0,1,1,3
b5fb67de-b1a3-4e12-bdb1-97a9b4943cef,Ascent,25.0,12.0,14.0,20.0,Platinum,1.0,314.545,1.0,0.0,1.0,13.0,9.0,0,1,3
f6781fef-09ce-47ad-81b7-7ee037181ae9,Summit,11.0,5.0,14.0,8.0,Platinum,1.0,183.105,3.0,2.0,0.0,6.0,13.0,0,0,4
6887a0ef-25d5-4a5e-b98a-e1aa5be29e21,Lotus,18.0,2.0,21.0,13.0,Diamond,2.0,200.179,5.0,2.0,0.0,13.0,15.0,1,1,3
1916a9a6-66af-478a-b475-aa8423e1c990,Lotus,8.0,4.0,16.0,9.0,Diamond,2.0,119.091,0.0,2.0,1.0,13.0,9.0,0,0,4
c1801b72-8cc0-41ba-85cd-b7123360c634,Pearl,8.0,0.0,15.0,9.0,Diamond,2.0,122.833,1.0,4.0,0.0,5.0,13.0,1,0,4
cdd48ff4-86e7-4c9f-95b9-3cbda5511d04,Haven,16.0,6.0,11.0,12.0,Diamond,2.0,202.333,0.0,1.0,1.0,13.0,8.0,1,0,4
631f0c82-92d9-45c2-899d-54fd676d4182,Split,14.0,1.0,14.0,10.0,Diamond,2.0,198.9,1.0,1.0,0.0,7.0,13.0,1,0,4
ef7c7860-3447-4cec-89a7-36c92d7f9b04,Ascent,20.0,1.0,16.0,18.0,Diamond,2.0,227.217,3.0,1.0,0.0,10.0,13.0,0,0,4
56a89729-ac1e-434d-80c6-f4b71dcfda55,Breeze,15.0,3.0,15.0,12.0,Diamond,1.0,191.0,2.0,4.0,0.0,10.0,13.0,1,0,4
1fdcc818-dbec-426f-81ac-b34ad334cd13,Ascent,16.0,1.0,16.0,15.0,Diamond,1.0,139.929,3.0,3.0,1.0,15.0,13.0,0,0,4
7d2a26ec-e671-44e4-90bf-86d58f9fabe7,Haven,20.0,4.0,20.0,18.0,Diamond,1.0,213.036,2.0,2.0,0.0,14.0,14.0,1,0,4
a9551510-3e9e-4c00-ab12-d838cb027b1b,Breeze,25.0,1.0,16.0,22.0,Diamond,1.0,308.261,5.0,0.0,0.0,10.0,13.0,1,0,4
517e6589-765d-4bd4-8532-e2340e12c780,Ascent,9.0,5.0,14.0,9.0,Diamond,1.0,178.5,3.0,3.0,0.0,3.0,13.0,0,0,4
600a72a2-fa54-42ea-b6db-58be8c0e0588,Haven,16.0,2.0,17.0,8.0,Diamond,1.0,216.905,6.0,5.0,0.0,8.0,13.0,1,0,4
2062164e-77d8-4f4c-af12-f752fb7914d1,Pearl,17.0,2.0,12.0,9.0,Diamond,1.0,213.857,1.0,0.0,1.0,13.0,8.0,0,0,4
9c82fb1b-e4b0-4642-8123-e19419e0d3aa,Breeze,22.0,3.0,21.0,10.0,Diamond,1.0,207.893,5.0,1.0,0.0,13.0,15.0,1,0,4
b65235ef-062f-4c4a-902c-68186236f9da,Fracture,13.0,5.0,16.0,7.0,Diamond,1.0,197.571,5.0,4.0,1.0,13.0,8.0,1,0,4
44f3c001-5912-4acb-b001-edc54ebf0898,Haven,6.0,2.0,15.0,7.0,Diamond,1.0,109.529,1.0,1.0,0.0,4.0,13.0,0,0,4
a9494264-ba6c-4ac9-94cb-f59ce85ccf29,Ascent,12.0,2.0,13.0,11.0,Diamond,1.0,189.111,4.0,2.0,0.0,5.0,13.0,1,0,4
e3b83cc2-b1e7-4ce5-97ce-50c47b713177,Ascent,20.0,1.0,16.0,18.0,Unrated,,234.478,6.0,3.0,0.0,10.0,13.0,1,0,4
f04f6072-6bfe-47df-a880-2240204c6553,Breeze,14.0,6.0,17.0,10.0,Unrated,,175.826,1.0,5.0,0.0,10.0,13.0,1,0,4
11bf6ca3-94e9-46f1-8b9f-2aee61224b1d,Ascent,18.0,7.0,14.0,17.0,Unrated,,312.722,3.0,2.0,0.0,5.0,13.0,0,0,4
ce2edde9-a082-4dbb-8cf2-8f56c3c1080b,Sunset,5.0,1.0,7.0,3.0,Unrated,,59.75,0.0,2.0,0.0,7.0,13.0,1,1,3
84e60241-78ab-4126-82b0-221729666e14,Breeze,14.0,0.0,17.0,10.0,Gold,3.0,188.429,3.0,4.0,0.0,8.0,13.0,1,0,4
f244d63a-d9cb-40ca-8171-5591a8dc9164,Breeze,2.0,1.0,4.0,3.0,Gold,3.0,66.923,0.0,0.0,0.0,0.0,4.0,1,0,4
049148f4-32da-4a4f-b026-a47163bd6a66,Ascent,17.0,4.0,16.0,11.0,Gold,3.0,201.13,2.0,3.0,0.0,10.0,13.0,0,0,4
2a779a2f-7e3c-4e67-8f45-821ac5c1482c,Sunset,19.0,2.0,14.0,8.0,Gold,3.0,247.182,4.0,3.0,1.0,13.0,9.0,0,0,4
8bfd1abf-8cca-4df7-b148-a25c31161db1,Summit,18.0,4.0,12.0,17.0,Unrated,,219.375,3.0,0.0,0.0,11.0,13.0,0,0,4
19bec85d-151d-4d5c-85ae-f5fac8139247,Haven,24.0,1.0,6.0,15.0,Gold,3.0,379.812,3.0,0.0,1.0,13.0,3.0,1,0,4
13642d20-45b5-4b3d-ad99-1e5315c517c9,Summit,25.0,2.0,8.0,19.0,Gold,3.0,403.375,5.0,0.0,2.0,13.0,3.0,1,0,4
06b83d1e-6ab6-4c4f-a4cb-a87364420715,Ascent,23.0,3.0,18.0,16.0,Platinum,1.0,306.174,4.0,0.0,0.0,10.0,13.0,1,0,4
2b04f70c-5aa9-4b30-9f17-9bf3f53bac07,Summit,21.0,1.0,15.0,15.0,Gold,3.0,232.0,3.0,2.0,1.0,13.0,9.0,1,0,4
5d2b0ef0-259d-41c9-b4bd-b7a12a62a1e8,Ascent,13.0,0.0,10.0,8.0,Gold,3.0,168.3,1.0,0.0,2.0,13.0,7.0,1,0,4
ae9baeae-cb67-4c6c-b0e2-4a751e39daf3,Haven,32.0,3.0,21.0,19.0,Gold,3.0,310.286,6.0,0.0,0.0,13.0,15.0,0,0,4
6a1e3910-4b39-43d4-ab82-35551704bc5d,Sunset,14.0,0.0,17.0,10.0,Platinum,1.0,153.348,1.0,5.0,0.0,10.0,13.0,1,0,4
0127e55c-3a5b-4909-8828-68b2f475774d,Haven,18.0,4.0,17.0,13.0,Platinum,1.0,242.174,6.0,5.0,1.0,13.0,10.0,1,0,4
154ad802-d504-42e8-9e30-d7d5788b359a,Split,18.0,4.0,18.0,16.0,Platinum,1.0,233.087,4.0,1.0,1.0,13.0,10.0,1,0,4
73993277-8b63-4902-a0df-c87e2cd3655b,Sunset,0.0,0.0,2.0,0.0,Platinum,1.0,0.0,0.0,0.0,1.0,13.0,7.0,0,0,4
c838f9a6-e7e6-4615-8130-ca992a63e465,Ascent,19.0,4.0,12.0,11.0,Ascendant,2.0,240.571,2.0,2.0,1.0,13.0,8.0,0,1,3
af3e73cf-fd7f-4c1f-a175-f21da1e0e66c,Breeze,20.0,2.0,13.0,10.0,Ascendant,2.0,274.421,3.0,1.0,2.0,13.0,6.0,1,2,2
73c3d1f4-6278-40ae-be47-acbbdebec122,Haven,20.0,2.0,8.0,10.0,Ascendant,2.0,308.176,3.0,1.0,3.0,13.0,4.0,1,1,3
960c5673-a61f-4071-a32c-7ee61a63a429,Lotus,16.0,5.0,7.0,16.0,Ascendant,2.0,266.294,3.0,1.0,4.0,13.0,4.0,0,1,3
7b3c4fed-a3f3-4baa-9167-479e1f0f0ed1,Pearl,19.0,6.0,20.0,7.0,Ascendant,2.0,219.7,4.0,6.0,5.0,16.0,14.0,1,0,4
37dfd5ef-db86-448d-89d9-6fd22e1853f1,Haven,20.0,1.0,17.0,11.0,Ascendant,3.0,247.409,3.0,1.0,0.0,9.0,13.0,1,0,4
0298f99d-7405-4421-845c-54aa1baa1b51,Pearl,19.0,3.0,15.0,11.0,Ascendant,3.0,237.714,2.0,2.0,1.0,13.0,8.0,1,0,4
39db9025-2ae4-4045-b98e-6892a2df85f7,Haven,5.0,3.0,15.0,3.0,Unrated,,138.467,1.0,4.0,0.0,2.0,13.0,1,1,3
29f61e0c-d0c3-45c1-880a-7a2de2739cec,Lotus,16.0,13.0,12.0,15.0,Unrated,,222.762,1.0,1.0,1.0,13.0,8.0,0,1,3
b8badccb-a39b-40d1-be55-b7384004a207,Breeze,13.0,4.0,16.0,10.0,Unrated,,155.826,2.0,3.0,0.0,10.0,13.0,0,0,4
dfdb38f0-916d-4cd5-a1a8-7118586b9663,Summit,16.0,5.0,16.0,14.0,Unrated,,201.792,4.0,3.0,0.0,11.0,13.0,1,0,4
c5fbeff0-08f4-4b81-9ea3-2e26c26e70e6,Ascent,17.0,2.0,18.0,12.0,Unrated,,202.417,4.0,1.0,1.0,13.0,11.0,0,0,4
6887a0ef-25d5-4a5e-b98a-e1aa5be29e21,Lotus,15.0,10.0,19.0,13.0,Diamond,3.0,182.321,4.0,3.0,1.0,15.0,13.0,0,1,3
ab8fb01d-d149-400e-bcb7-b2e25c8ee7fd,Ascent,18.0,3.0,18.0,11.0,Diamond,3.0,272.4,5.0,3.0,0.0,7.0,13.0,1,2,2
c7ec53aa-c5f3-458c-b7a4-87af16e75356,Pearl,12.0,6.0,19.0,8.0,Diamond,3.0,181.136,7.0,6.0,1.0,13.0,9.0,1,0,4
5f00af97-baf3-421d-87f3-05b669df570d,Fracture,9.0,2.0,9.0,6.0,Diamond,3.0,181.867,3.0,0.0,0.0,2.0,7.0,1,1,3
c5e18656-bbfb-4fba-8a1c-5064983953e6,Pearl,19.0,6.0,12.0,11.0,Diamond,3.0,271.9,4.0,1.0,1.0,13.0,7.0,0,1,3
aab7dd37-d979-435f-ac38-37f3d0a3b010,Lotus,22.0,5.0,17.0,19.0,Diamond,3.0,278.565,5.0,1.0,0.0,10.0,13.0,0,3,1
ac6a614c-0016-484d-9422-9c30663210d2,Ascent,11.0,1.0,15.0,8.0,Diamond,3.0,197.176,2.0,4.0,0.0,4.0,13.0,1,2,2
df187d36-e337-4883-a88d-1a3a9d6aff42,Pearl,13.0,6.0,15.0,7.0,Diamond,3.0,221.833,1.0,0.0,0.0,5.0,13.0,1,1,3
28ee867e-2e05-4733-85af-b868213779a8,Lotus,21.0,8.0,17.0,18.0,Diamond,3.0,281.0,3.0,0.0,1.0,13.0,9.0,0,1,3
18612531-b010-47bd-8db9-69e520857776,Haven,16.0,5.0,21.0,11.0,Diamond,3.0,195.913,6.0,2.0,1.0,13.0,10.0,0,4,0
50e1e1df-7d50-44e3-8a7e-1f4a2fcc44ce,Breeze,16.0,8.0,17.0,13.0,Diamond,3.0,210.625,5.0,1.0,2.0,13.0,11.0,0,4,0
d8b570ac-17a8-40fe-81fc-ab9c4c97863d,Fracture,16.0,2.0,11.0,9.0,Diamond,3.0,257.294,5.0,1.0,2.0,13.0,4.0,1,0,4
f4897cb9-dfd4-461b-8819-e9dfafbba9c6,Split,11.0,7.0,15.0,10.0,Diamond,3.0,201.526,0.0,0.0,0.0,6.0,13.0,0,0,4
4e24a733-08d4-4b47-9ad5-e33822751ba5,Lotus,17.0,6.0,20.0,13.0,Diamond,3.0,205.269,5.0,4.0,0.0,12.0,14.0,1,0,4
5976fe2b-56f4-4957-81b2-9edc8080846e,Lotus,28.0,12.0,23.0,19.0,Diamond,3.0,295.536,5.0,2.0,1.0,14.0,14.0,0,0,4
8389231e-8b49-4874-86de-54b9c71e110d,Fracture,25.0,4.0,18.0,22.0,Diamond,3.0,292.25,5.0,2.0,1.0,13.0,11.0,1,1,3
a2abbcc9-6d54-4e48-a325-9ea6b5cf5b21,Fracture,13.0,1.0,19.0,7.0,Diamond,3.0,181.875,5.0,3.0,2.0,13.0,11.0,0,0,4
62041631-9f06-4173-9c33-96356d204069,Breeze,10.0,2.0,17.0,6.0,Diamond,3.0,131.85,2.0,5.0,0.0,7.0,13.0,0,1,3
c999d7da-4684-45d9-8614-57db6d6c2847,Split,16.0,4.0,14.0,12.0,Diamond,3.0,232.0,5.0,4.0,1.0,13.0,8.0,1,1,3
b2d831a8-9ac6-4a0b-9823-b9ad0ef3e23b,Lotus,9.0,3.0,20.0,5.0,Diamond,3.0,98.696,0.0,6.0,0.0,10.0,13.0,1,1,3
31cf468e-10b4-4b5b-821f-9e5dd6afb47b,Lotus,7.0,4.0,15.0,8.0,Diamond,3.0,110.824,0.0,4.0,0.0,4.0,13.0,0,1,3
0a034114-4073-4bdc-bd44-214a6a552db4,Breeze,18.0,3.0,13.0,12.0,Diamond,3.0,214.524,2.0,5.0,1.0,13.0,8.0,0,1,3
d8a3dcf5-4a77-40a7-9ef5-9b72474a7689,Ascent,23.0,6.0,15.0,16.0,Diamond,3.0,298.435,6.0,2.0,2.0,13.0,10.0,1,0,4
ff91128f-9221-479f-9af2-ef46e7d4ef0d,Breeze,10.0,2.0,15.0,9.0,Diamond,3.0,186.688,0.0,2.0,0.0,3.0,13.0,1,0,4
428ae3b1-f8b7-4635-9ce0-bcdf1acce50f,Haven,19.0,2.0,17.0,13.0,Diamond,2.0,269.0,3.0,3.0,0.0,7.0,13.0,1,0,4
ea3e4ad1-0f05-4604-b4f3-5bf5922f071b,Ascent,8.0,1.0,15.0,6.0,Diamond,2.0,170.125,3.0,3.0,0.0,3.0,13.0,1,1,3
dbeab98f-102e-4f95-9f84-a522c24657b8,Pearl,0.0,2.0,6.0,0.0,Diamond,3.0,14.733,0.0,3.0,0.0,2.0,4.0,1,1,3
d5ec1d56-cc5b-446c-b561-db593a089c67,Split,14.0,4.0,15.0,12.0,Diamond,3.0,206.05,2.0,5.0,0.0,7.0,13.0,0,0,4
18fb8eed-f3e8-4e8e-b39b-31b81b279dc5,Haven,16.0,0.0,13.0,12.0,Diamond,3.0,199.381,2.0,1.0,1.0,13.0,8.0,0,0,4
95bdacc1-47e8-405a-9bd1-1d1d62f16035,Haven,15.0,1.0,16.0,8.0,Bronze,1.0,162.792,2.0,0.0,0.0,11.0,13.0,1,3,1
de68b107-bae7-4836-985f-03854412eba2,Ascent,12.0,6.0,20.0,9.0,Bronze,1.0,168.318,0.0,3.0,0.0,9.0,13.0,1,0,4
c9aa777a-9602-49f9-9ed8-caa3afc7d0b8,Sunset,16.0,1.0,3.0,6.0,Bronze,1.0,248.8,2.0,1.0,1.0,7.0,2.0,0,0,4
209da64a-81a8-4458-aef1-3f17974761a0,Lotus,11.0,5.0,19.0,4.0,Bronze,1.0,146.125,1.0,0.0,0.0,11.0,13.0,1,0,4
bb0d6a86-2ee7-43a3-96ce-a43f75528b57,Breeze,5.0,12.0,12.0,1.0,Bronze,1.0,115.312,2.0,2.0,1.0,13.0,3.0,0,0,4
55a8fed5-1b2f-4812-ac49-d4700957eac5,Ascent,8.0,5.0,17.0,5.0,Bronze,1.0,124.263,2.0,1.0,0.0,6.0,13.0,1,0,4
d7ffa148-3363-4f30-ba04-43e0e149ebaa,Haven,7.0,2.0,20.0,8.0,Bronze,1.0,124.81,1.0,5.0,0.0,8.0,13.0,0,0,4
c93ab136-150d-4d4b-a107-dedfe1a77c33,Ascent,26.0,6.0,17.0,12.0,Bronze,1.0,286.423,2.0,1.0,0.0,12.0,14.0,0,0,4
ff270635-ac70-4334-bd96-fb4a87d65bd6,Split,16.0,6.0,15.0,7.0,Iron,3.0,302.438,2.0,3.0,0.0,3.0,13.0,0,0,4
f76c9e2f-33f7-468f-be05-0083b277f44d,Haven,9.0,1.0,16.0,8.0,Gold,3.0,145.722,2.0,5.0,0.0,5.0,13.0,1,0,4
2ca43dc5-8f5e-4515-9087-d2ad83762322,Split,21.0,7.0,13.0,16.0,Gold,3.0,296.85,2.0,1.0,1.0,13.0,7.0,1,0,4
30184e30-f07d-4540-ab0e-c8603c4e66a4,Pearl,26.0,5.0,22.0,22.0,Gold,3.0,299.462,4.0,1.0,2.0,14.0,12.0,1,0,4
e6d5cad2-8b3c-47ee-8076-e40d474a505f,Fracture,8.0,1.0,15.0,6.0,Gold,3.0,136.412,3.0,0.0,0.0,4.0,13.0,1,0,4
dd00236a-3f82-454e-b8b0-77558805c71f,Pearl,33.0,4.0,17.0,22.0,Gold,2.0,392.083,5.0,4.0,1.0,13.0,11.0,1,0,4
2c55e1ab-f6bc-4977-b922-8ea328c17b4b,Fracture,13.0,2.0,15.0,12.0,Diamond,1.0,145.273,3.0,0.0,1.0,13.0,9.0,0,0,4
db56099c-8a7e-4bb8-a5d9-7df7a73b8066,Haven,15.0,3.0,16.0,15.0,Diamond,1.0,255.611,4.0,4.0,0.0,5.0,13.0,1,1,3
6887a0ef-25d5-4a5e-b98a-e1aa5be29e21,Lotus,20.0,4.0,19.0,18.0,Diamond,1.0,207.964,3.0,3.0,1.0,15.0,13.0,1,1,3
ab8fb01d-d149-400e-bcb7-b2e25c8ee7fd,Ascent,16.0,5.0,15.0,9.0,Diamond,1.0,224.65,1.0,2.0,0.0,7.0,13.0,0,2,2
6f5e9dff-d078-4feb-ba02-0c1d1f5b3396,Ascent,23.0,8.0,18.0,16.0,Diamond,1.0,277.167,3.0,1.0,1.0,13.0,11.0,0,0,4
cede5538-42d8-4029-a6d4-159a6ed6450b,Fracture,10.0,2.0,16.0,8.0,Diamond,1.0,162.111,2.0,3.0,0.0,5.0,13.0,0,0,4
5601e3c4-8552-4ed6-ba36-72e26926fe63,Lotus,19.0,6.0,21.0,20.0,Diamond,1.0,206.192,2.0,8.0,0.0,12.0,14.0,1,0,4
18612531-b010-47bd-8db9-69e520857776,Haven,13.0,8.0,13.0,8.0,Diamond,1.0,179.13,1.0,2.0,1.0,13.0,10.0,0,1,3
50e1e1df-7d50-44e3-8a7e-1f4a2fcc44ce,Breeze,24.0,4.0,14.0,14.0,Diamond,1.0,258.75,5.0,1.0,2.0,13.0,11.0,1,1,3
92d28ed2-1347-432e-86e6-27b4824b1677,Ascent,9.0,5.0,17.0,6.0,Diamond,1.0,159.833,1.0,2.0,0.0,5.0,13.0,0,0,4
041ecf7b-fef7-4438-b774-e30e83ad4291,Split,10.0,4.0,14.0,5.0,Diamond,1.0,151.706,2.0,4.0,0.0,4.0,13.0,1,0,4
c7c23bc5-05e6-43bf-ae86-665bea0f3073,Pearl,8.0,9.0,15.0,7.0,Diamond,1.0,152.833,1.0,1.0,0.0,5.0,13.0,0,0,4
cc6efaa5-6695-4969-b965-21e067b57e47,Breeze,11.0,3.0,14.0,6.0,Diamond,1.0,152.947,2.0,5.0,1.0,13.0,6.0,1,0,4
0635ee01-6933-4f98-ae78-cf1734ccb11a,Breeze,15.0,11.0,10.0,14.0,Diamond,1.0,220.588,2.0,0.0,1.0,13.0,4.0,0,0,4
a509d809-d9ed-4212-b324-a1ea986cf60f,Haven,25.0,0.0,12.0,18.0,Diamond,1.0,280.619,1.0,3.0,1.0,13.0,8.0,0,0,4
98e196e0-ac68-484a-82d7-0d41d2d756c2,Breeze,20.0,4.0,12.0,15.0,Diamond,1.0,262.364,1.0,1.0,0.0,9.0,13.0,1,0,4
9694a592-7fff-479f-985a-9666f9f7bd83,Pearl,12.0,6.0,16.0,3.0,Diamond,1.0,178.682,2.0,0.0,0.0,9.0,13.0,0,0,4
87cf9af8-8e6a-46ac-9c24-5c2f273ab19a,Pearl,8.0,2.0,7.0,3.0,Diamond,1.0,121.263,3.0,2.0,1.0,13.0,6.0,0,0,4
ab455c79-4be7-4af0-85e7-f93263edf502,Lotus,21.0,4.0,12.0,15.0,Diamond,1.0,252.417,4.0,3.0,1.0,13.0,11.0,0,0,4
af3e73cf-fd7f-4c1f-a175-f21da1e0e66c,Breeze,15.0,7.0,15.0,11.0,Ascendant,2.0,228.684,1.0,0.0,1.0,13.0,6.0,0,2,2
3ece756e-0406-4a6d-bc00-33c3e1289224,Ascent,35.0,5.0,23.0,32.0,Ascendant,2.0,330.433,3.0,4.0,1.0,15.0,15.0,0,1,3
921faaa9-582a-48b7-ab28-936f04c393e6,Ascent,22.0,3.0,18.0,15.0,Ascendant,2.0,238.75,4.0,1.0,2.0,13.0,11.0,1,1,3
f1982d3e-02e7-4a05-b22d-95e464613667,Split,19.0,11.0,12.0,18.0,Ascendant,2.0,286.19,2.0,1.0,3.0,13.0,8.0,0,1,3
5cdde415-c3b4-4207-a8f1-281393fe3b59,Pearl,22.0,3.0,16.0,17.0,Ascendant,2.0,261.696,2.0,1.0,0.0,10.0,13.0,1,1,3
4715296b-8f2e-4ba1-b552-934594078cef,Breeze,21.0,6.0,13.0,16.0,Ascendant,2.0,298.8,3.0,0.0,1.0,13.0,7.0,1,0,4
134f7da1-63a9-4926-998f-c18fbdcfd9d4,Fracture,20.0,3.0,15.0,17.0,Ascendant,2.0,223.917,1.0,2.0,0.0,11.0,13.0,1,0,4
c01ead6c-2259-497b-8b8a-14c599c72b65,Breeze,10.0,10.0,19.0,8.0,Ascendant,2.0,149.15,0.0,1.0,0.0,7.0,13.0,0,0,4
72d0c1cd-6ef2-445a-8c2b-bed897cea6b8,Haven,15.0,5.0,18.0,11.0,Ascendant,2.0,211.13,2.0,2.0,0.0,10.0,13.0,1,0,4
def52268-b264-4ddb-aa8b-e0fc33d204d3,Pearl,16.0,3.0,19.0,15.0,Ascendant,2.0,214.227,1.0,3.0,0.0,9.0,13.0,1,0,4
05122e11-5c1e-4b9c-afb0-40a0451a9104,Haven,14.0,5.0,16.0,10.0,Ascendant,2.0,174.273,1.0,2.0,0.0,9.0,13.0,1,0,4
16f39c5d-be4d-499b-b32a-1e338563280f,Fracture,11.0,3.0,16.0,8.0,Ascendant,1.0,159.5,1.0,1.0,0.0,7.0,13.0,1,1,3
88175118-18cb-42c3-8468-2df3ec8312ef,Pearl,9.0,0.0,16.0,4.0,Ascendant,2.0,142.8,1.0,3.0,0.0,7.0,13.0,1,1,3
fa2aebfc-5984-44e6-a7b6-9d37639ef519,Fracture,12.0,3.0,16.0,11.0,Ascendant,1.0,186.316,1.0,1.0,0.0,6.0,13.0,0,1,3
049be9d6-0572-4bd6-b829-00d35b67d34b,Lotus,18.0,3.0,15.0,19.0,Ascendant,1.0,240.238,4.0,1.0,1.0,13.0,8.0,0,1,3
f71162e5-9c86-4049-91c4-d7ee8efd985e,Ascent,13.0,5.0,17.0,13.0,Unrated,,223.15,0.0,5.0,0.0,7.0,13.0,0,2,2
d1e55b2e-9b01-4f1f-accc-e895c0374f64,Breeze,18.0,4.0,11.0,11.0,Unrated,,234.111,1.0,2.0,1.0,13.0,5.0,1,2,2
a976d7f7-0e93-457b-9d6d-e2f1416891b8,Lotus,23.0,2.0,18.0,23.0,Unrated,,242.308,2.0,0.0,2.0,14.0,12.0,0,2,2
b4c1cfd4-4bb2-46e4-9f26-2488452bf745,Split,24.0,4.0,25.0,16.0,Unrated,,319.087,3.0,0.0,0.0,10.0,13.0,0,2,2
92207ba6-3f55-4856-a24c-1410d5e97ea1,Breeze,23.0,8.0,17.0,23.0,Unrated,,271.667,0.0,2.0,1.0,13.0,11.0,0,1,3
cf8f7080-b49f-4b3b-8684-cc66061fd2b0,Haven,15.0,7.0,16.0,12.0,Diamond,1.0,231.105,1.0,1.0,0.0,6.0,13.0,0,2,2
00344fd9-b628-4cf8-b294-760cbda73602,Split,24.0,4.0,19.0,13.0,Diamond,1.0,239.308,3.0,3.0,1.0,14.0,12.0,1,1,3
1d56f439-c923-4ace-923c-7aa8636cd5a6,Summit,9.0,3.0,15.0,5.0,Diamond,1.0,180.062,4.0,1.0,0.0,3.0,13.0,1,0,4
31513670-75cc-45db-ad87-c7745f559d52,Haven,23.0,4.0,15.0,14.0,Diamond,1.0,284.318,3.0,2.0,0.0,9.0,13.0,1,0,4
ca1769ad-fc69-4685-af79-a15c369d8480,Summit,21.0,3.0,17.0,16.0,Diamond,1.0,221.375,1.0,3.0,0.0,11.0,13.0,1,1,3
ae503b30-2931-46a9-ae47-49eec4854ff8,Summit,14.0,0.0,14.0,12.0,Diamond,1.0,235.375,1.0,0.0,0.0,3.0,13.0,1,1,3
0005998b-e4ff-429b-a6e9-2d3730540583,Lotus,27.0,4.0,15.0,22.0,Diamond,1.0,349.0,3.0,0.0,0.0,8.0,13.0,0,1,3
94a640d6-80d5-4a08-98d2-25526cd26f7f,Breeze,9.0,3.0,14.0,9.0,Diamond,1.0,141.789,2.0,2.0,1.0,13.0,6.0,0,1,3
b28c03fa-9a75-4d3a-aa8b-d1f7956c4bdb,Split,19.0,4.0,15.0,17.0,Diamond,1.0,266.8,2.0,2.0,0.0,7.0,13.0,0,1,3
3eb028ee-cf82-40eb-9895-8adadc2c5b16,Sunset,19.0,4.0,7.0,15.0,Diamond,1.0,351.765,5.0,0.0,1.0,13.0,4.0,1,1,3
737d0ca0-3591-48a2-b1ad-8df014236fd1,Sunset,21.0,5.0,9.0,18.0,Diamond,1.0,330.588,4.0,0.0,2.0,13.0,4.0,1,0,4
6f3f725c-61af-443e-acda-2a546dfd5e74,Ascent,14.0,9.0,19.0,8.0,Diamond,1.0,189.458,4.0,1.0,0.0,11.0,13.0,1,0,4
7d73439b-b67e-4448-929b-7313fc764ea2,Breeze,13.0,1.0,18.0,14.0,Diamond,1.0,208.647,0.0,2.0,0.0,4.0,13.0,0,0,4
bd1a29a3-b732-4906-aea5-c8c707b6ee1b,Summit,17.0,4.0,15.0,17.0,Diamond,1.0,223.261,4.0,1.0,1.0,13.0,10.0,1,0,4
7aac890f-6656-43b1-b487-733a3646ad38,Split,18.0,7.0,19.0,18.0,Diamond,1.0,219.333,2.0,3.0,0.0,11.0,13.0,0,0,4
be8cc0c6-690d-423a-97ff-0946d0d2356a,Haven,10.0,4.0,15.0,12.0,Diamond,1.0,182.882,2.0,1.0,0.0,4.0,13.0,1,1,3
40094cdc-1d7d-46f2-a45b-4ddff0117be7,Lotus,13.0,4.0,12.0,12.0,Diamond,1.0,230.188,3.0,2.0,1.0,13.0,3.0,0,1,3
88a2788f-2a14-4ced-ae8d-f3ffd5c3e4af,Lotus,26.0,4.0,21.0,16.0,Diamond,1.0,224.433,2.0,2.0,0.0,14.0,16.0,1,1,3
0ca5df82-3f78-4e04-847e-c9e0f0441f13,Breeze,15.0,1.0,16.0,12.0,Diamond,1.0,270.412,3.0,3.0,0.0,4.0,13.0,1,1,3
9feb1a4b-e17c-4262-9758-ed06ba6cfe19,Split,25.0,6.0,16.0,16.0,Diamond,1.0,313.333,8.0,0.0,1.0,13.0,11.0,1,1,3
d45ab7a1-ea6e-45e4-8f9f-88218d32f966,Lotus,25.0,5.0,12.0,22.0,Diamond,1.0,354.632,3.0,1.0,2.0,13.0,6.0,1,1,3
3abc8299-0fd2-4480-b9aa-4a5c2492b6f6,Fracture,16.0,3.0,13.0,10.0,Platinum,3.0,193.591,3.0,4.0,1.0,13.0,9.0,1,3,1
eb701524-28f9-42f6-afb7-31513486d5a8,Pearl,21.0,7.0,19.0,19.0,Platinum,3.0,256.542,4.0,2.0,0.0,11.0,13.0,0,3,1
82ab8458-b655-4d15-afbc-079826936df0,Haven,12.0,1.0,20.0,8.0,Platinum,3.0,165.864,4.0,2.0,0.0,9.0,13.0,1,3,1
5d98db81-fd46-4b99-b758-879d33c737ef,Lotus,23.0,2.0,17.0,13.0,Platinum,3.0,232.885,2.0,1.0,1.0,14.0,12.0,0,1,3
32be6ea9-89ea-406e-9d4c-df8230795197,Split,21.0,4.0,18.0,14.0,Diamond,1.0,212.964,2.0,1.0,1.0,15.0,13.0,0,1,3
26f95c48-8d7b-49b1-871a-babab7a184f9,Breeze,14.0,4.0,13.0,11.0,Diamond,1.0,252.438,1.0,2.0,0.0,3.0,13.0,0,1,3
0cdd600f-a5ed-471d-a074-add31096aae4,Pearl,14.0,3.0,17.0,11.0,Diamond,1.0,199.2,3.0,4.0,0.0,7.0,13.0,1,2,2
c6bed165-9c7c-4f01-84c9-3324f3ed194f,Haven,12.0,5.0,17.0,8.0,Platinum,3.0,166.348,4.0,3.0,1.0,13.0,10.0,0,1,3
1435bad2-97eb-44ce-9bc5-3b2f2cbe59d3,Fracture,22.0,3.0,16.0,15.0,Platinum,3.0,251.667,2.0,1.0,2.0,13.0,11.0,0,1,3
5c6725e4-284d-499e-a8fa-894752df79db,Ascent,14.0,4.0,17.0,13.0,Diamond,1.0,204.143,0.0,5.0,0.0,8.0,13.0,1,1,3
aa4e77b4-a2e0-4012-8293-235ab2afde1a,Haven,13.0,1.0,14.0,7.0,Diamond,1.0,204.353,2.0,1.0,0.0,4.0,13.0,1,3,1
b764cb0e-adbe-4120-8156-d7cdd60c805b,Ascent,19.0,2.0,19.0,15.0,Diamond,1.0,236.667,5.0,2.0,0.0,11.0,13.0,1,3,1
9e6f098c-f961-4511-8514-2bb456f4ea3f,Fracture,19.0,4.0,17.0,10.0,Platinum,3.0,230.0,4.0,1.0,1.0,13.0,11.0,1,1,3
dab3781d-f5f7-4c99-972b-d33206836d0b,Lotus,22.0,1.0,13.0,13.0,Platinum,3.0,227.0,4.0,3.0,1.0,14.0,12.0,1,2,2
c4a717dc-7e73-4e10-89b9-0111b993ae7d,Split,22.0,6.0,9.0,16.0,Platinum,3.0,359.471,5.0,1.0,2.0,13.0,4.0,0,2,2
ac299c52-cf19-4467-a4d5-a713d048c4ff,Split,16.0,0.0,16.0,10.0,Platinum,3.0,205.524,3.0,5.0,0.0,8.0,13.0,1,1,3
652eabf9-1096-4ac1-9654-c2ccb5db6ea4,Breeze,21.0,5.0,20.0,19.0,Diamond,1.0,246.042,4.0,2.0,0.0,11.0,13.0,0,2,2
b90d6aa5-02e5-40b7-bb89-18ad3996a744,Haven,11.0,1.0,16.0,11.0,Diamond,1.0,210.059,1.0,1.0,0.0,4.0,13.0,1,1,3
b288d04c-4fa0-461a-aeda-171f6f13eac4,Haven,17.0,1.0,11.0,17.0,Diamond,1.0,244.579,2.0,1.0,1.0,13.0,6.0,0,3,1
da05e78f-9768-4056-b827-4e0bcafcdbee,Fracture,19.0,4.0,13.0,18.0,Diamond,1.0,281.85,3.0,3.0,2.0,13.0,7.0,0,3,1
6d38e7af-edba-4306-b7bd-6438263f859a,Lotus,6.0,1.0,15.0,5.0,Diamond,1.0,98.0,3.0,4.0,0.0,4.0,13.0,1,3,1
ae9eb26d-10ce-4150-934d-21659420d17c,Fracture,19.0,0.0,13.0,12.0,Diamond,1.0,214.391,5.0,1.0,0.0,10.0,13.0,1,1,3
8a2cf8f2-1b57-4d1c-8471-735f441db107,Haven,25.0,1.0,14.0,15.0,Diamond,1.0,308.619,4.0,1.0,0.0,8.0,13.0,1,4,0
0e604229-7968-4bc4-8a80-8bebabccf1bd,Split,17.0,3.0,16.0,16.0,Diamond,1.0,195.348,2.0,8.0,0.0,10.0,13.0,0,2,2
d896d819-ae88-4cd6-96b8-c8264c3897b8,Haven,20.0,2.0,20.0,15.0,Diamond,1.0,217.154,3.0,2.0,0.0,12.0,14.0,0,2,2
ef08faaf-2e93-4715-8178-e617dc6b73e7,Pearl,29.0,2.0,16.0,25.0,Diamond,1.0,324.792,3.0,1.0,1.0,13.0,11.0,0,2,2
19c86dac-3b64-4dcd-b5ab-6f794f2d050d,Lotus,17.0,1.0,12.0,10.0,Diamond,1.0,187.304,2.0,1.0,2.0,13.0,10.0,1,2,2
b07baf6e-c3bd-4898-b2fe-6f952ec0b9ba,Ascent,18.0,2.0,17.0,16.0,Platinum,3.0,212.522,3.0,5.0,1.0,13.0,10.0,0,4,0
3de9e802-5006-453a-9949-14bc26236c86,Fracture,18.0,7.0,14.0,14.0,Platinum,3.0,222.609,3.0,1.0,2.0,13.0,10.0,0,4,0
97f91c84-5ef3-4e66-8672-6e6fa748831a,Pearl,18.0,2.0,16.0,13.0,Platinum,3.0,198.958,2.0,2.0,0.0,11.0,13.0,1,4,0
c9a52def-88a3-49d0-bb7b-0673fcfbf8ff,Fracture,12.0,4.0,20.0,11.0,Platinum,3.0,137.692,3.0,1.0,0.0,12.0,14.0,0,3,1
6256b154-7ddc-4a20-a253-3cd157ce854a,Pearl,18.0,5.0,20.0,12.0,Platinum,3.0,215.423,5.0,6.0,0.0,12.0,14.0,0,1,3
37080fe8-4b43-431d-b730-f7b24256c742,Breeze,26.0,6.0,11.0,24.0,Platinum,3.0,310.318,1.0,0.0,1.0,13.0,9.0,0,2,2
c658b41d-324b-4c31-8e83-2c999f0bfa48,Haven,21.0,3.0,14.0,16.0,Platinum,3.0,275.045,1.0,4.0,0.0,9.0,13.0,1,3,1
6b406759-1703-4bd9-8724-960e3338928d,Haven,13.0,0.0,7.0,10.0,Platinum,3.0,206.529,5.0,2.0,1.0,13.0,4.0,1,3,1
098680ab-5c97-4472-bb5a-b84c8af18167,Ascent,23.0,5.0,15.0,15.0,Platinum,3.0,273.708,3.0,2.0,2.0,13.0,11.0,1,3,1
abc969a4-9c43-4eea-9286-5e1cfb4b635b,Lotus,25.0,1.0,14.0,9.0,Platinum,3.0,303.826,7.0,2.0,1.0,13.0,10.0,1,2,2
a3e2112c-48a4-4b03-9f89-8506bfeeee5a,Ascent,18.0,2.0,16.0,14.0,Diamond,1.0,219.045,4.0,2.0,0.0,9.0,13.0,1,1,3
db5a22b2-8342-441b-b7be-691f35317d04,Haven,13.0,11.0,20.0,13.0,Diamond,1.0,159.385,3.0,2.0,1.0,14.0,12.0,0,1,3
97d6e11e-9f5a-448d-862a-4a40ac54c7a9,Ascent,18.0,8.0,24.0,17.0,Platinum,2.0,196.536,5.0,2.0,1.0,15.0,13.0,0,3,1
038364d6-29e6-4535-9aa7-c872455473f5,Split,24.0,5.0,18.0,23.0,Platinum,2.0,261.923,2.0,3.0,0.0,12.0,14.0,1,4,0
181140c8-4ff7-40bf-bca7-ac3f47770821,Lotus,16.0,2.0,11.0,14.0,Platinum,2.0,237.211,3.0,1.0,1.0,13.0,6.0,1,3,1
14c8c41d-9ae8-4caa-a4b0-ab44aeca844e,Breeze,11.0,2.0,8.0,9.0,Platinum,1.0,167.176,3.0,1.0,2.0,13.0,4.0,0,3,1
b7936c38-b2cf-4440-8c25-190a4f15a9dd,Split,16.0,5.0,16.0,13.0,Platinum,1.0,199.958,2.0,2.0,3.0,13.0,11.0,0,2,2
07170873-1434-4793-b3c9-54897b7fa53f,Lotus,20.0,6.0,17.0,18.0,Platinum,2.0,278.409,4.0,5.0,1.0,13.0,9.0,0,2,2
ff26ca27-a072-4412-a64e-8f2934758702,Breeze,16.0,5.0,13.0,15.0,Platinum,2.0,261.667,5.0,2.0,2.0,13.0,5.0,0,1,3
e886a6d8-c9de-4d58-b6f9-73b157ed0eb1,Summit,14.0,2.0,8.0,13.0,Platinum,2.0,233.294,3.0,0.0,3.0,13.0,4.0,0,0,4
88625a37-03b5-4594-9b97-d5ecd94b4786,Split,5.0,2.0,12.0,2.0,Platinum,2.0,78.333,0.0,1.0,0.0,5.0,13.0,1,1,3
756ff435-ebd2-44a8-b28f-5728eb03d4af,Breeze,12.0,3.0,12.0,6.0,Platinum,2.0,160.3,0.0,1.0,0.0,7.0,13.0,1,1,3
ec0014e0-70fc-4015-8831-bc95086c62c3,Ascent,11.0,2.0,17.0,7.0,Platinum,2.0,148.19,3.0,4.0,0.0,8.0,13.0,0,1,3
decf197a-3ee1-4ef2-b9cd-c7f32eb2ce61,Split,14.0,4.0,16.0,15.0,Platinum,2.0,183.095,0.0,2.0,0.0,8.0,13.0,0,0,4
362cee2f-3376-4e49-8be6-a79462fc2505,Lotus,12.0,4.0,14.0,11.0,Platinum,2.0,196.294,1.0,2.0,0.0,4.0,13.0,1,0,4
40c76735-42ad-4a2f-af81-08aab6e81db0,Summit,29.0,11.0,18.0,25.0,Platinum,2.0,256.3,0.0,1.0,1.0,16.0,14.0,0,0,4
9920e06d-2206-4355-96bd-c937fd336dea,Split,15.0,10.0,17.0,15.0,Platinum,2.0,200.261,4.0,0.0,0.0,10.0,13.0,1,0,4
ced083b9-d290-4509-bf69-8606f7343a66,Sunset,23.0,5.0,16.0,21.0,Platinum,2.0,239.536,4.0,0.0,0.0,13.0,15.0,1,1,3
ce869c31-a606-436d-b0b5-84c3b234d153,Breeze,12.0,2.0,18.0,13.0,Platinum,2.0,174.286,2.0,0.0,0.0,8.0,13.0,1,0,4
2120fcff-cf7c-4f8b-a20b-87ec34df6c09,Sunset,21.0,3.0,13.0,18.0,Platinum,2.0,268.048,3.0,0.0,1.0,13.0,8.0,1,0,4
5a8e505c-e672-4421-abac-d76bc9192d6f,Summit,13.0,3.0,17.0,16.0,Platinum,2.0,220.222,6.0,1.0,0.0,5.0,13.0,1,1,3
b84b6c69-3a26-4c24-bcf0-3287d9344f36,Breeze,16.0,2.0,18.0,16.0,Platinum,2.0,223.048,3.0,1.0,0.0,8.0,13.0,1,0,4
c0e2f410-50b6-4a5c-bf27-8d4f3d564515,Split,29.0,6.0,18.0,24.0,Platinum,2.0,356.304,3.0,2.0,1.0,13.0,10.0,1,0,4
6ce6a89a-965e-4f73-b170-55fd237f7e9e,Haven,21.0,1.0,15.0,22.0,Platinum,2.0,336.0,5.0,1.0,0.0,6.0,13.0,1,0,4
2f47c6c7-5eac-4e67-951a-ddfb31b6ab37,Haven,21.0,2.0,15.0,17.0,Platinum,2.0,251.957,3.0,2.0,0.0,10.0,13.0,0,2,2
fb9efd9d-fa74-42aa-a2f9-7c73f56f4ec6,Lotus,19.0,3.0,17.0,22.0,Platinum,2.0,286.667,7.0,1.0,0.0,8.0,13.0,1,1,3
aca5bece-5bb4-4915-9f0a-f63c8bb0a995,Ascent,15.0,6.0,20.0,12.0,Platinum,2.0,179.154,4.0,3.0,1.0,14.0,12.0,1,0,4
95d11157-0334-485e-b041-2b0501a798db,Sunset,18.0,6.0,19.0,15.0,Platinum,2.0,197.393,3.0,2.0,2.0,15.0,13.0,1,0,4
680d78bf-2a0d-44d5-ad81-6d7acac15a65,Split,11.0,2.0,13.0,9.0,Platinum,2.0,223.071,0.0,1.0,0.0,1.0,13.0,0,0,4
179d666c-6bbb-4e6a-ae2b-c142bba94559,Summit,15.0,10.0,20.0,15.0,Platinum,2.0,194.208,2.0,5.0,0.0,11.0,13.0,0,2,2
8778887b-c530-4bb6-896b-1d2efc04802c,Summit,18.0,4.0,17.0,21.0,Platinum,2.0,226.905,0.0,1.0,0.0,8.0,13.0,0,1,3
1b51daf2-483a-4f48-b36e-b150775b3f52,Sunset,17.0,6.0,19.0,18.0,Platinum,2.0,241.304,2.0,1.0,0.0,10.0,13.0,1,1,3
afc12ca3-72d9-4f65-bda4-951360550a7b,Haven,22.0,4.0,9.0,21.0,Platinum,2.0,320.842,1.0,3.0,1.0,13.0,6.0,1,1,3
7349f20c-b310-426a-801d-87436541648a,Breeze,21.0,5.0,19.0,20.0,Platinum,2.0,259.609,1.0,2.0,0.0,10.0,13.0,1,0,4
5cb0b6db-1d3e-435d-aec7-2c042825a0ee,Sunset,22.0,5.0,19.0,17.0,Platinum,2.0,254.625,2.0,1.0,1.0,13.0,11.0,0,1,3
fbb287d8-3138-4144-a516-3c3c6a5a5209,Haven,5.0,2.0,1.0,3.0,Platinum,1.0,87.615,0.0,0.0,2.0,5.0,0.0,1,1,3
a566d07e-6215-47c4-8c0e-174567dc48df,Breeze,12.0,6.0,18.0,9.0,Platinum,2.0,180.619,5.0,3.0,0.0,8.0,13.0,0,1,3
4e4f978c-1046-4743-8aad-7c44e3bed856,Haven,15.0,4.0,15.0,16.0,Platinum,2.0,222.263,3.0,1.0,1.0,13.0,6.0,0,1,3
9c092232-9750-403e-b793-279e0e0c0c99,Split,3.0,4.0,13.0,3.0,Platinum,2.0,72.188,0.0,2.0,0.0,3.0,13.0,1,1,3
b133fd00-8121-47e4-8d87-10c2656851da,Sunset,12.0,3.0,15.0,10.0,Platinum,2.0,159.6,0.0,2.0,0.0,7.0,13.0,1,1,3
aaadb14e-940f-4020-b580-09d245bf9c31,Summit,19.0,7.0,10.0,19.0,Platinum,2.0,249.579,1.0,1.0,1.0,13.0,6.0,0,1,3
4491f418-1ffc-41ed-9aa0-83fe1d7ee66b,Ascent,15.0,5.0,15.0,15.0,Platinum,2.0,240.684,1.0,5.0,0.0,6.0,13.0,0,1,3
05d453cd-f470-4f95-ae2e-877af98c72e7,Ascent,9.0,4.0,17.0,7.0,Platinum,2.0,139.211,2.0,4.0,0.0,6.0,13.0,1,1,3
39a17459-1e7e-457a-9d2f-415984b42a27,Lotus,10.0,3.0,16.0,8.0,Platinum,2.0,135.0,0.0,5.0,0.0,5.0,13.0,1,2,2
1f6a7978-a7a5-469c-ad74-04dd73a1c061,Summit,20.0,4.0,12.0,17.0,Platinum,2.0,230.348,2.0,1.0,1.0,13.0,10.0,0,2,2
fa715379-ff21-4e49-8a5f-9f5d0c250424,Breeze,11.0,5.0,15.0,10.0,Platinum,2.0,192.556,2.0,3.0,2.0,13.0,5.0,0,2,2
3a026c42-bf78-4a1a-a981-cf1069d9b0d3,Ascent,23.0,3.0,18.0,20.0,Platinum,2.0,248.577,5.0,2.0,0.0,12.0,14.0,0,2,2
81dbfa41-fdaa-4851-bfef-46873e22cd0a,Breeze,13.0,1.0,15.0,6.0,Platinum,2.0,159.143,2.0,2.0,0.0,8.0,13.0,0,1,3
ff261a6c-77e0-4c6a-848e-d2026d13f2ba,Summit,13.0,3.0,15.0,15.0,Platinum,2.0,214.333,1.0,2.0,0.0,5.0,13.0,1,1,3
587898aa-4ed5-4e0f-b0bd-0e84e40a560d,Breeze,12.0,1.0,16.0,10.0,Platinum,2.0,188.235,2.0,0.0,0.0,4.0,13.0,1,1,3
2ead0dd9-b9ac-4bcf-b233-269d27808e44,Lotus,12.0,0.0,14.0,9.0,Platinum,1.0,136.667,4.0,1.0,0.0,11.0,13.0,0,3,1
575d07ed-ea7d-42ba-b90f-2b6a01ba489a,Haven,12.0,1.0,17.0,11.0,Platinum,1.0,131.818,2.0,2.0,0.0,9.0,13.0,0,3,1
538b9cba-a52b-482f-8073-aca75cd0e910,Ascent,6.0,4.0,16.0,6.0,Platinum,1.0,149.529,2.0,3.0,0.0,4.0,13.0,0,3,1
be30af00-43f5-4d38-b9d3-b400536eedb9,Split,9.0,1.0,15.0,8.0,Platinum,1.0,141.211,1.0,5.0,0.0,6.0,13.0,0,1,3
09a1b669-3a81-46d8-8d6f-bb6268253b47,Breeze,16.0,5.0,18.0,18.0,Platinum,1.0,253.381,2.0,3.0,0.0,8.0,13.0,1,1,3
4f010203-21ee-477f-a36b-5bef2a5becf9,Split,6.0,3.0,6.0,4.0,Platinum,1.0,113.6,2.0,2.0,1.0,13.0,2.0,0,1,3
1988ecd2-56ad-4ee8-90d3-95642356234c,Lotus,16.0,4.0,15.0,17.0,Platinum,1.0,236.75,6.0,3.0,0.0,7.0,13.0,1,1,3
2af48c3a-4a66-4f1d-8bec-3432138ad0be,Pearl,3.0,1.0,14.0,2.0,Bronze,1.0,66.533,0.0,1.0,0.0,2.0,13.0,1,2,2
de1c84d7-5585-4e2b-82eb-258dfcc0f3b5,Haven,19.0,6.0,7.0,9.0,Bronze,1.0,303.667,1.0,0.0,1.0,13.0,2.0,1,1,3
7ca7f12f-4630-45f2-8797-6e82858f3556,Pearl,7.0,4.0,18.0,5.0,Bronze,1.0,115.909,1.0,1.0,0.0,9.0,13.0,0,2,2
8c9f0764-bcfa-466f-83ed-8639b9a85eff,Split,10.0,11.0,13.0,5.0,Bronze,1.0,135.762,1.0,1.0,1.0,13.0,8.0,1,2,2
909e4d26-de29-4429-93f4-fe5c2c011b51,Lotus,6.0,6.0,11.0,3.0,Bronze,1.0,87.895,0.0,1.0,1.0,13.0,6.0,1,2,2
917929aa-27d0-4106-93ed-f79753da05cf,Haven,5.0,10.0,14.0,2.0,Bronze,1.0,97.4,1.0,1.0,0.0,7.0,13.0,1,1,3
b5181a65-a9fb-4253-9ce7-cbbc03b158d3,Ascent,16.0,12.0,16.0,11.0,Bronze,1.0,214.667,0.0,4.0,1.0,13.0,11.0,0,1,3
6eb5a27d-840d-49b0-92c4-1c60bed996c3,Ascent,3.0,2.0,12.0,0.0,Bronze,1.0,72.812,0.0,1.0,0.0,3.0,10.0,0,2,2
93518b30-3dea-4b11-a002-e655fbe7a87b,Lotus,11.0,3.0,16.0,8.0,Bronze,1.0,160.4,0.0,1.0,0.0,7.0,13.0,0,2,2
4978cbc6-61d7-4a88-b88f-b1ec930b2099,Split,12.0,4.0,15.0,4.0,Bronze,1.0,181.053,3.0,2.0,0.0,6.0,13.0,1,2,2
aaedb8bf-ba5d-438a-95df-f511ca839655,Pearl,8.0,6.0,15.0,3.0,Bronze,1.0,129.455,1.0,0.0,1.0,13.0,9.0,1,2,2
edc071fa-4dd1-4742-810e-c35fb1ce6436,Fracture,25.0,10.0,22.0,14.0,Bronze,1.0,229.333,2.0,2.0,1.0,16.0,14.0,1,1,3
13cc2fbd-f92a-42cd-8177-7823fb64a485,Split,10.0,4.0,11.0,4.0,Bronze,1.0,153.222,0.0,2.0,0.0,5.0,8.0,1,1,3
5a613218-dc7d-4efd-84e1-b5faa20dd1ad,Haven,17.0,1.0,17.0,14.0,Bronze,1.0,201.958,1.0,1.0,1.0,13.0,11.0,1,0,4
c419deb3-c3f9-4d0f-ac75-c3338d1f3e1b,Split,7.0,6.0,14.0,3.0,Bronze,1.0,138.529,1.0,2.0,1.0,13.0,4.0,1,2,2
c8705f2a-2b88-4809-9a4d-7fd2652aae1a,Fracture,16.0,5.0,17.0,6.0,Bronze,1.0,232.6,0.0,0.0,0.0,7.0,13.0,1,2,2
33c789b4-0723-45eb-99fe-8252f9afece1,Haven,14.0,8.0,13.0,8.0,Bronze,1.0,229.316,1.0,3.0,1.0,13.0,6.0,1,2,2
7eb9696b-2432-4bf5-897a-42c8c1f6cc49,Pearl,10.0,3.0,16.0,6.0,Bronze,1.0,164.8,3.0,2.0,0.0,7.0,13.0,1,2,2
bb48e3a3-0f62-4e59-948a-da2e16d6832a,Ascent,14.0,8.0,20.0,8.0,Bronze,1.0,155.615,1.0,1.0,1.0,14.0,12.0,1,1,3
6a5cc3a5-0591-4bd2-9802-688792aba92d,Fracture,15.0,5.0,19.0,9.0,Bronze,1.0,175.538,3.0,4.0,0.0,12.0,14.0,1,1,3
77d7f7a9-5a9c-415d-adef-d7b05122886b,Split,11.0,9.0,14.0,9.0,Bronze,1.0,248.0,0.0,0.0,0.0,2.0,13.0,0,3,1
d5138002-9620-4caa-89da-03f5a43ca604,Ascent,2.0,2.0,2.0,0.0,Bronze,1.0,44.692,1.0,0.0,1.0,5.0,0.0,0,3,1
20680e59-2d32-4ade-b437-a15fa044aff3,Breeze,15.0,6.0,20.0,5.0,Bronze,1.0,187.0,3.0,4.0,0.0,11.0,13.0,1,3,1
a7d8f6a6-47fd-4be3-8397-a73382f6c407,Pearl,12.0,6.0,12.0,6.0,Bronze,1.0,150.667,0.0,1.0,1.0,13.0,8.0,0,1,3
60443550-24cc-4252-af82-258ccbcc9fe3,Fracture,12.0,4.0,16.0,9.0,Bronze,1.0,180.75,1.0,0.0,0.0,7.0,13.0,1,1,3
1e129077-3db1-47b2-803b-94ba6ad281eb,Haven,29.0,3.0,7.0,11.0,Bronze,1.0,451.647,2.0,0.0,1.0,13.0,4.0,1,1,3
aed4812c-ebe3-4325-8fe7-868dd06ea147,Breeze,9.0,4.0,20.0,4.0,Bronze,1.0,140.087,1.0,4.0,0.0,10.0,13.0,1,1,3
19adebbf-24a9-4db2-ab0f-26c00f7ba9ff,Haven,9.0,1.0,14.0,2.0,Bronze,1.0,136.059,1.0,2.0,0.0,4.0,13.0,0,1,3
2b7545cc-27f4-48a6-9539-6bb8f9712c75,Split,5.0,9.0,23.0,0.0,Bronze,1.0,91.231,0.0,2.0,0.0,12.0,14.0,1,2,2
aa89c6f4-201d-49c1-b316-552adb7fa970,Breeze,11.0,6.0,17.0,3.0,Bronze,1.0,135.792,0.0,2.0,0.0,11.0,13.0,1,1,3
672bf792-492d-4c51-98f3-b741cfda6d52,Ascent,10.0,3.0,18.0,4.0,Unrated,,136.043,1.0,2.0,1.0,13.0,10.0,1,2,2
e3cd03e9-a24b-47e2-9183-e583e77e9387,Split,9.0,1.0,17.0,9.0,Unrated,,115.917,1.0,2.0,0.0,11.0,13.0,1,2,2
a67a1852-2067-4aa2-8f7e-10e1a9843287,Summit,8.0,1.0,13.0,3.0,Unrated,,123.412,0.0,1.0,0.0,4.0,13.0,0,2,2
8a0e37ae-cc48-48bf-943c-5d7f23a72d89,Lotus,12.0,3.0,18.0,8.0,Unrated,,148.045,1.0,1.0,0.0,9.0,13.0,0,2,2
dcd841f5-039f-4fc3-89ff-af1986dbe9ba,Split,16.0,4.0,18.0,4.0,Unrated,,187.478,2.0,1.0,0.0,10.0,13.0,0,1,3
592e489e-b9e3-4fd6-a41d-9589da078dcc,Ascent,16.0,8.0,15.0,10.0,Iron,3.0,227.75,3.0,1.0,1.0,13.0,7.0,0,1,3
3bde7705-3bf7-4d73-bf66-6ea6154acda5,Summit,7.0,3.0,15.0,4.0,Iron,3.0,175.125,0.0,0.0,0.0,3.0,13.0,0,1,3
8e0f013c-20d8-42e9-9125-e4d613a08692,Lotus,14.0,8.0,20.0,9.0,Iron,3.0,156.923,1.0,3.0,0.0,12.0,14.0,1,2,2
0d1e4fd1-c8cc-4d69-8e69-565524ec6691,Haven,13.0,12.0,15.0,6.0,Iron,3.0,156.962,1.0,0.0,1.0,14.0,12.0,0,2,2
6c545c85-d28a-431d-bab5-731c4b03cdfe,Ascent,9.0,6.0,17.0,3.0,Iron,3.0,129.227,2.0,0.0,0.0,9.0,13.0,1,1,3
9dff2f76-89da-41ac-8ade-a275499899f6,Breeze,26.0,5.0,17.0,2.0,Silver,2.0,336.478,7.0,4.0,0.0,10.0,13.0,0,1,3
7959ef3e-08b2-4e28-9692-524c41b1c71e,Split,44.0,4.0,14.0,20.0,Silver,2.0,537.217,8.0,2.0,1.0,13.0,10.0,1,1,3
00fa081a-0796-466b-a9f8-0fb5bc983aee,Lotus,26.0,8.0,16.0,6.0,Silver,2.0,338.043,6.0,1.0,1.0,13.0,10.0,1,3,1
c63abd8e-a796-40e8-afaa-fc2cfb0008e2,Haven,11.0,2.0,14.0,3.0,Silver,1.0,232.75,0.0,3.0,0.0,3.0,13.0,0,0,4
1df91289-61fd-4f9f-8937-92216e075af2,Fracture,18.0,9.0,16.0,4.0,Silver,2.0,250.905,3.0,4.0,0.0,8.0,13.0,0,1,3
cfa78e0c-ea1d-4115-99c3-83e8c9c8c1b8,Lotus,8.0,1.0,11.0,2.0,Silver,1.0,166.133,0.0,3.0,0.0,2.0,10.0,1,0,4
e8b31f4e-991f-49eb-acc6-79cffea7f46a,Pearl,13.0,5.0,17.0,4.0,Silver,2.0,238.579,2.0,1.0,0.0,6.0,13.0,0,1,3
c8dece2e-b622-4eaf-ad1f-efd3f29726b9,Haven,13.0,6.0,20.0,8.0,Silver,2.0,162.5,2.0,2.0,0.0,12.0,14.0,0,0,4
d034107a-37cd-4789-9a6e-69b9496e0e3d,Split,11.0,5.0,16.0,4.0,Silver,2.0,225.412,3.0,3.0,0.0,4.0,13.0,0,3,1
725acbd5-0fb7-44be-a124-6b406788b772,Lotus,15.0,6.0,17.0,7.0,Silver,2.0,238.0,6.0,3.0,0.0,7.0,13.0,1,2,2
ec54872a-be60-4be8-8d59-48c57a1859a1,Fracture,21.0,7.0,8.0,6.0,Silver,2.0,388.0,4.0,2.0,1.0,13.0,3.0,0,1,3
cf9041a6-b409-4c86-b543-857a4f036673,Pearl,10.0,1.0,13.0,4.0,Silver,2.0,160.35,3.0,3.0,0.0,7.0,13.0,0,0,4
5f3154c4-4862-4b92-a687-a833063aeb43,Breeze,19.0,1.0,17.0,4.0,Silver,2.0,283.667,2.0,1.0,0.0,8.0,13.0,1,4,0
f0c17529-b63c-4aa2-8687-d9017aec7496,Breeze,31.0,5.0,16.0,4.0,Silver,2.0,398.227,7.0,2.0,1.0,13.0,9.0,1,2,2
2c5a6fdb-9082-4bd0-b1cb-15fefdc31724,Lotus,27.0,8.0,12.0,13.0,Silver,2.0,322.217,3.0,2.0,2.0,13.0,10.0,0,1,3
1580c01a-2c48-40f7-861d-d4801ccf85cc,Pearl,26.0,4.0,16.0,8.0,Silver,2.0,250.75,7.0,4.0,0.0,14.0,14.0,1,1,3
8d34f433-14db-4723-b0ef-1fcb55194383,Haven,10.0,3.0,5.0,1.0,Silver,2.0,159.688,3.0,1.0,1.0,9.0,3.0,0,1,3
4a3d8209-771f-4bad-bd98-56f34368a92b,Pearl,24.0,5.0,18.0,16.0,Silver,2.0,248.179,5.0,6.0,0.0,14.0,14.0,0,1,3
711f7cfd-402b-443a-9be3-799fec175686,Fracture,17.0,8.0,17.0,7.0,Silver,2.0,232.909,4.0,0.0,1.0,13.0,9.0,0,0,4
f5a46d52-03c1-4b05-820e-70155412ed1f,Fracture,16.0,10.0,9.0,3.0,Silver,2.0,258.389,2.0,1.0,2.0,13.0,5.0,0,0,4
609fba2e-f590-404c-97d5-bd97680256d7,Lotus,32.0,3.0,16.0,13.0,Silver,3.0,391.292,6.0,4.0,0.0,11.0,13.0,1,2,2
aaae36c8-b4a7-498e-9f0c-5de1ed48d8a9,Lotus,21.0,6.0,19.0,7.0,Silver,3.0,280.13,3.0,5.0,0.0,10.0,13.0,1,1,3
89d6795c-c17e-40cc-845b-d8faca4f5121,Pearl,10.0,6.0,13.0,7.0,Silver,2.0,167.632,1.0,2.0,0.0,6.0,13.0,0,4,0
87dba074-8141-4f21-8d13-8fa9c9f3eedc,Haven,22.0,7.0,16.0,10.0,Silver,2.0,301.182,3.0,0.0,1.0,13.0,9.0,0,4,0
e80e7fdd-63c6-4e02-94b8-ced4c993063f,Split,13.0,6.0,14.0,1.0,Silver,2.0,180.7,2.0,1.0,1.0,13.0,7.0,0,1,3
0b1d354f-9550-4cd6-ad25-7c11c75d5641,Split,4.0,2.0,5.0,1.0,Silver,2.0,88.786,0.0,0.0,0.0,1.0,6.0,0,1,3
7725c725-a4f7-4d1c-a1ab-57f5a35e3d3c,Fracture,23.0,8.0,13.0,5.0,Silver,2.0,303.455,4.0,4.0,1.0,13.0,9.0,0,2,2
c1972303-3dc7-46a2-a26d-39d449eb5900,Haven,13.0,7.0,14.0,3.0,Silver,2.0,157.652,0.0,5.0,1.0,13.0,10.0,0,3,1
59547ca8-d1ac-4d2b-9125-e407fade610c,Haven,11.0,1.0,18.0,5.0,Silver,2.0,149.095,0.0,5.0,0.0,8.0,13.0,0,1,3
74dec13a-7a51-4a64-bad3-71980f9d42d0,Breeze,20.0,2.0,14.0,4.0,Silver,2.0,256.0,3.0,4.0,0.0,8.0,13.0,0,2,2
029af2c3-6446-413d-a35e-11bcaa0f4d88,Pearl,18.0,5.0,15.0,10.0,Silver,2.0,240.739,5.0,1.0,0.0,10.0,13.0,0,4,0
aaf05d09-954e-4d38-bf46-7d92a6151fff,Fracture,24.0,4.0,12.0,7.0,Silver,2.0,321.55,1.0,3.0,1.0,13.0,7.0,0,4,0
aab5887c-7af1-4868-bbef-5958cf39e0cb,Pearl,7.0,5.0,14.0,3.0,Silver,2.0,152.267,4.0,4.0,0.0,2.0,13.0,0,0,4
13609274-9712-4519-b70e-0ead395e8330,Fracture,17.0,10.0,17.0,4.0,Silver,2.0,216.087,1.0,3.0,1.0,13.0,10.0,0,0,4
1a004b85-14aa-406d-9b4e-b00387991d46,Lotus,9.0,10.0,16.0,3.0,Silver,2.0,128.773,0.0,4.0,0.0,9.0,13.0,1,2,2
a53cc781-bd8e-4a6d-8d5b-18543b57f17f,Breeze,11.0,10.0,13.0,6.0,Silver,2.0,165.7,2.0,3.0,1.0,13.0,7.0,0,4,0
0c3e623d-2cf2-447f-b79a-8473138f4cef,Haven,9.0,6.0,12.0,1.0,Silver,2.0,129.4,4.0,1.0,2.0,13.0,7.0,1,4,0
a709c081-0c08-45c4-aba8-991378dc8265,Split,9.0,4.0,17.0,2.0,Silver,2.0,157.176,2.0,3.0,0.0,4.0,13.0,0,4,0
e351fcca-6901-4254-9268-29778a978b7c,Haven,13.0,10.0,19.0,6.0,Silver,2.0,182.333,3.0,7.0,1.0,13.0,11.0,0,4,0
441151d2-df0b-4831-98a8-50d72119b095,Ascent,10.0,5.0,17.0,7.0,Silver,2.0,160.4,3.0,1.0,2.0,13.0,7.0,1,4,0
e544faab-c55e-4b38-8b5b-3a559e2b5327,Split,9.0,6.0,15.0,2.0,Silver,2.0,121.619,0.0,2.0,0.0,8.0,13.0,1,4,0
1c81bd27-c45a-4eb5-90b7-050e01c29f00,Lotus,16.0,5.0,15.0,7.0,Silver,2.0,242.053,3.0,4.0,0.0,6.0,13.0,0,4,0
9f1c9435-c0ac-4858-866c-5292b601ec32,Ascent,8.0,8.0,13.0,2.0,Silver,2.0,103.0,0.0,3.0,2.0,13.0,9.0,1,1,3
b2f4de61-548f-412f-8c82-1f3fa806b719,Split,15.0,8.0,10.0,4.0,Silver,2.0,225.444,2.0,2.0,1.0,13.0,5.0,1,2,2
550b39ef-f5fe-4eea-b2cf-c29b7a01cb08,Pearl,6.0,9.0,18.0,3.0,Silver,2.0,85.87,1.0,4.0,1.0,13.0,10.0,0,3,1
41eeff46-8770-4323-9e72-fbfe14c0eb68,Haven,13.0,8.0,18.0,5.0,Silver,2.0,174.909,3.0,3.0,0.0,9.0,13.0,0,3,1
e796072b-5af6-4458-ba41-6602f0acefcf,Breeze,15.0,3.0,15.0,8.0,Unrated,,240.684,2.0,1.0,0.0,6.0,13.0,0,0,4
59fc0ff4-a418-4790-bc53-9dba888993a4,Breeze,18.0,3.0,18.0,5.0,Unrated,,223.286,3.0,0.0,0.0,8.0,13.0,0,4,0
c995a64e-b96b-4284-9960-a3bd6fe12a2b,Lotus,1.0,2.0,2.0,1.0,Unrated,,29.923,1.0,0.0,1.0,4.0,0.0,0,4,0
714d8e8e-c3bb-4c3b-a87f-bcd458d6b836,Breeze,9.0,3.0,14.0,2.0,Unrated,,190.938,1.0,4.0,0.0,3.0,13.0,0,0,4
4d87dd28-3b4a-48aa-b130-e95fd2cfa164,Ascent,24.0,5.0,11.0,6.0,Bronze,1.0,333.15,5.0,2.0,1.0,13.0,7.0,0,2,2
8ca036bb-f85c-43e2-a784-75166fe5b4c5,Summit,10.0,7.0,17.0,4.0,Unrated,,164.045,2.0,4.0,2.0,13.0,9.0,0,2,2
805fe7da-988b-4682-ad3a-ccbc10972e9b,Summit,13.0,3.0,11.0,2.0,Bronze,2.0,180.0,5.0,4.0,1.0,13.0,8.0,1,2,2
5dccdf2d-42a9-4204-b794-3354b16f356f,Lotus,4.0,2.0,10.0,0.0,Bronze,2.0,89.857,1.0,1.0,0.0,1.0,9.0,0,2,2
e76cdc59-7ec8-4f57-915b-9b995285e936,Ascent,15.0,6.0,13.0,6.0,Bronze,2.0,207.545,3.0,3.0,1.0,13.0,9.0,1,4,0
e809a353-a80f-412a-8781-7937b83c8eb4,Haven,17.0,3.0,15.0,6.0,Bronze,1.0,224.227,2.0,2.0,2.0,13.0,9.0,1,4,0
1cdcc5ed-b9c9-475a-9001-48f9662b6679,Split,15.0,3.0,13.0,6.0,Bronze,2.0,218.684,0.0,2.0,1.0,13.0,6.0,1,4,0
15c9f11b-4d35-4eb0-aa95-cf45421428bc,Split,12.0,2.0,9.0,5.0,Bronze,2.0,160.1,3.0,2.0,1.0,13.0,7.0,1,4,0
00d24683-4c86-4883-b61c-3cff43ce0d5d,Summit,15.0,1.0,16.0,2.0,Bronze,3.0,215.857,2.0,4.0,0.0,8.0,13.0,1,4,0
f8d344c0-20b0-4b2d-a9ab-241f28ca4c71,Breeze,6.0,1.0,5.0,2.0,Bronze,3.0,134.692,0.0,1.0,0.0,0.0,5.0,0,4,0
c4e0e852-896f-41c9-bafd-71db7c0ee67e,Lotus,9.0,8.0,15.0,1.0,Bronze,2.0,123.955,1.0,5.0,1.0,13.0,9.0,1,4,0
96c3d835-41b6-42a9-a300-d529425b09cd,Ascent,7.0,7.0,19.0,1.0,Bronze,2.0,127.474,2.0,3.0,0.0,6.0,13.0,0,4,0
2abfe2f9-87a1-492d-a6bc-b2da7101f829,Breeze,18.0,3.0,15.0,5.0,Bronze,2.0,241.1,1.0,1.0,0.0,7.0,13.0,0,4,0
ced664a5-45c2-4c3f-bcdc-3cb3961d8e27,Sunset,2.0,1.0,5.0,0.0,Bronze,2.0,48.154,0.0,1.0,0.0,0.0,5.0,0,4,0
c360fb51-e2d7-4a8c-b012-bf2df25f582a,Haven,17.0,1.0,15.0,8.0,Bronze,2.0,236.095,4.0,2.0,0.0,8.0,13.0,0,4,0
ddd68a73-3674-43fa-95c7-7d2fb75a7723,Haven,15.0,3.0,9.0,3.0,Bronze,2.0,188.222,1.0,1.0,1.0,12.0,5.0,1,0,4
a5387727-cc79-4430-a359-77be3eb81c40,Ascent,9.0,3.0,20.0,5.0,Bronze,2.0,139.143,2.0,4.0,0.0,8.0,13.0,1,1,3
508494e1-4270-4af3-807e-d14476e99a77,Summit,9.0,6.0,18.0,3.0,Bronze,2.0,119.727,2.0,3.0,1.0,13.0,9.0,0,1,3
a7d04c61-3484-4b3c-bca7-15ad626c36e8,Sunset,15.0,3.0,11.0,6.0,Bronze,2.0,210.55,3.0,2.0,2.0,13.0,7.0,1,1,3
f271f227-e105-4c8f-9d03-f92e364bb723,Sunset,11.0,7.0,15.0,4.0,Bronze,2.0,149.783,2.0,3.0,0.0,10.0,13.0,0,1,3
b1e3d209-6f53-474d-b4f9-2e604eefb53a,Summit,5.0,8.0,9.0,2.0,Bronze,2.0,100.667,1.0,5.0,1.0,11.0,2.0,0,1,3
3987088d-cc34-441a-b06d-b669efaec249,Split,14.0,7.0,19.0,10.0,Bronze,2.0,206.522,1.0,1.0,0.0,10.0,13.0,0,1,3
7a48b35b-79ed-4b57-ac7b-d2f97bb7b988,Breeze,13.0,3.0,10.0,6.0,Bronze,2.0,227.667,2.0,2.0,0.0,2.0,13.0,1,2,2
5629c992-8dff-496a-a154-723765ee5464,Lotus,15.0,3.0,18.0,4.0,Bronze,2.0,157.654,3.0,5.0,1.0,14.0,12.0,1,2,2
f93e046d-614f-445f-a2ba-373a4d310515,Ascent,9.0,6.0,16.0,5.0,Bronze,2.0,123.5,1.0,2.0,1.0,13.0,9.0,0,4,0
9db2d4ee-52c1-4dc1-8a44-4b6b4d928869,Split,16.0,10.0,18.0,4.0,Bronze,2.0,188.115,3.0,6.0,2.0,14.0,12.0,1,4,0
2c13e39c-d85e-4229-a2fc-30c5f46850e6,Summit,14.0,2.0,15.0,8.0,Bronze,2.0,174.5,2.0,1.0,0.0,11.0,13.0,0,2,2
49bf6e22-525d-4241-b8a0-f1d4377cf84f,Haven,8.0,3.0,15.0,5.0,Bronze,2.0,106.682,1.0,2.0,1.0,13.0,9.0,0,4,0
91cf5901-8940-4909-8aeb-ec0badfbfb50,Breeze,13.0,5.0,14.0,9.0,Iron,2.0,162.385,2.0,0.0,0.0,12.0,14.0,1,0,4
8d46b33c-6793-4cd6-b9f5-c5e2315e8cf3,Lotus,15.0,8.0,17.0,7.0,Iron,3.0,223.095,2.0,1.0,0.0,8.0,13.0,1,0,4
fc0eba6a-b717-4338-8f74-2687ff75f006,Ascent,12.0,10.0,18.0,11.0,Iron,3.0,210.952,1.0,2.0,0.0,8.0,13.0,1,0,4
890e4c87-42f0-4952-a3b2-a54692fa038e,Summit,6.0,5.0,17.0,9.0,Iron,3.0,123.053,0.0,3.0,0.0,6.0,13.0,0,0,4
75c41fb0-410d-4adb-aa87-b69afaf0c437,Split,20.0,5.0,14.0,14.0,Iron,3.0,215.667,2.0,0.0,0.0,11.0,13.0,0,0,4
ab8fb01d-d149-400e-bcb7-b2e25c8ee7fd,Ascent,13.0,2.0,15.0,6.0,Diamond,3.0,186.55,1.0,0.0,0.0,7.0,13.0,1,2,2
8a08045c-41d4-4e1a-aebc-059bd791cb45,Ascent,15.0,2.0,14.0,9.0,Diamond,3.0,186.273,1.0,1.0,1.0,13.0,9.0,1,0,4
3839b5be-7d37-45e5-aecb-36864c969d47,Haven,20.0,4.0,15.0,13.0,Diamond,3.0,264.857,3.0,0.0,2.0,13.0,8.0,0,0,4
f53ab275-f2c5-44c1-b886-bc5ba13ea350,Lotus,14.0,9.0,20.0,6.0,Diamond,3.0,174.846,4.0,2.0,0.0,12.0,14.0,0,0,4
23631cb0-fd7b-4887-809e-d4bd4163f7a6,Breeze,22.0,2.0,17.0,13.0,Diamond,3.0,262.435,3.0,2.0,1.0,13.0,10.0,0,0,4
5596dd4a-2027-4957-9a4b-29fe63efa003,Split,22.0,3.0,17.0,19.0,Diamond,3.0,301.045,4.0,1.0,0.0,9.0,13.0,0,1,3
a154bdd2-0eb0-4b8d-b1da-982487e0c795,Pearl,6.0,4.0,11.0,2.0,Diamond,3.0,132.429,0.0,2.0,0.0,1.0,11.0,1,1,3
c99b6c99-02fd-4cb1-8fd5-67dad6689622,Breeze,14.0,7.0,19.0,8.0,Diamond,3.0,168.5,2.0,3.0,1.0,13.0,11.0,1,1,3
4708da8b-9816-446a-a17e-741405878925,Pearl,20.0,6.0,14.0,13.0,Diamond,3.0,255.381,0.0,1.0,2.0,13.0,8.0,1,0,4
c7bf25c1-707a-403b-b51b-13aabbf6fb15,Split,19.0,2.0,16.0,11.0,Diamond,3.0,215.261,3.0,2.0,0.0,10.0,13.0,0,1,3
ee859ba0-218e-419c-9cc1-95fef497c89c,Fracture,15.0,3.0,15.0,9.0,Diamond,3.0,198.75,1.0,3.0,1.0,13.0,7.0,0,0,4
e4012e8b-12e5-4f22-aa1e-82d14d59f6d0,Fracture,10.0,1.0,14.0,6.0,Diamond,3.0,184.875,0.0,2.0,0.0,3.0,13.0,1,1,3
5563f4ff-38a3-4f23-afba-e324c1e026b5,Lotus,15.0,8.0,15.0,10.0,Diamond,3.0,278.882,1.0,4.0,1.0,13.0,4.0,0,1,3
82d2fff6-9fb0-4d45-91c1-80bd0129eb72,Breeze,17.0,1.0,13.0,8.0,Diamond,3.0,259.824,1.0,1.0,2.0,13.0,4.0,0,1,3
fdc6113c-f3c4-4ecf-8784-9d0fbadbd77c,Haven,19.0,1.0,13.0,15.0,Diamond,3.0,229.87,4.0,2.0,1.0,13.0,10.0,1,1,3
acf13fbd-78ea-44fb-9880-20383ced482c,Lotus,13.0,3.0,7.0,10.0,Diamond,3.0,271.692,4.0,1.0,2.0,13.0,0.0,0,1,3
9e611015-2cda-4e6a-a60b-b9e1a4eb6727,Pearl,29.0,3.0,15.0,15.0,Diamond,3.0,290.857,4.0,0.0,0.0,13.0,15.0,1,1,3
617155f9-f635-4c28-9211-45925a73f1ae,Ascent,12.0,4.0,15.0,7.0,Diamond,3.0,192.278,2.0,4.0,0.0,5.0,13.0,1,1,3
379f62a2-51b9-45ca-971a-b993109a55f1,Pearl,18.0,3.0,11.0,7.0,Diamond,3.0,255.0,4.0,2.0,1.0,13.0,7.0,1,0,4
d9895253-4515-471e-8d5c-54265bf474fb,Split,22.0,1.0,18.0,11.0,Diamond,3.0,243.217,4.0,0.0,2.0,13.0,10.0,1,1,3
bc85da53-247e-418a-8c66-8a2031dda40c,Pearl,11.0,0.0,19.0,6.0,Diamond,3.0,140.364,2.0,3.0,0.0,9.0,13.0,1,1,3
16553cd0-adbf-43dc-ba37-dcdc4b37af9e,Ascent,32.0,3.0,21.0,18.0,Diamond,3.0,308.75,5.0,2.0,0.0,14.0,14.0,1,1,3
0a779926-dad3-427b-bef7-72b6dcf27ba3,Breeze,8.0,1.0,16.0,5.0,Diamond,3.0,144.235,3.0,2.0,0.0,4.0,13.0,0,0,4
320fb945-cad3-4b36-b959-74476d0925be,Split,18.0,0.0,16.0,11.0,Diamond,3.0,187.565,0.0,0.0,1.0,13.0,10.0,0,1,3
3b892e7b-13cd-48e1-ab50-1816f681d15e,Ascent,23.0,1.0,16.0,14.0,Diamond,3.0,256.0,1.0,3.0,0.0,10.0,13.0,1,1,3
56775827-f278-4d25-90ac-861add29f8c7,Lotus,14.0,0.0,17.0,13.0,Diamond,3.0,201.857,2.0,2.0,0.0,8.0,13.0,1,0,4
a0cf4d23-ae3a-424a-94ec-b41535afe4ea,Pearl,15.0,4.0,15.0,10.0,Diamond,3.0,200.727,2.0,1.0,0.0,9.0,13.0,0,1,3
cc68b838-575f-4347-a572-bda58c7913b9,Lotus,10.0,3.0,16.0,5.0,Diamond,2.0,169.333,0.0,2.0,0.0,5.0,13.0,0,0,4
d47f5e4e-7584-4123-a2a7-37fc2f01887c,Fracture,26.0,3.0,16.0,18.0,Diamond,2.0,309.13,2.0,1.0,0.0,10.0,13.0,0,0,4
b97bdacb-f697-4e5d-8008-a59b12dbc64c,Ascent,9.0,6.0,17.0,7.0,Diamond,3.0,141.143,1.0,1.0,0.0,8.0,13.0,0,0,4
946ea7a1-f92c-4f76-9420-8a13d6d3e19f,Haven,29.0,5.0,19.0,15.0,Diamond,2.0,289.107,1.0,1.0,0.0,13.0,15.0,0,0,4
7fed6ea8-74ae-42b1-bf8b-b681bd8ded46,Fracture,12.0,6.0,15.0,12.0,Diamond,2.0,225.056,0.0,4.0,0.0,5.0,13.0,0,0,4
f546df77-4a3d-4439-b0dd-7ee8d1f854a3,Haven,13.0,1.0,18.0,7.0,Diamond,2.0,195.45,0.0,1.0,0.0,7.0,13.0,1,0,4
0f47f3e3-3f00-48cf-98b4-2465a1bf7131,Fracture,26.0,2.0,11.0,14.0,Diamond,2.0,356.632,4.0,1.0,1.0,13.0,6.0,1,0,4
a058812f-a405-4135-bc07-0e514965ed4a,Fracture,31.0,2.0,17.0,16.0,Diamond,2.0,354.542,4.0,1.0,1.0,13.0,11.0,1,0,4
e1ee4481-d7ec-46ad-85fa-bea91a18c341,Lotus,16.0,2.0,11.0,10.0,Diamond,2.0,245.882,1.0,0.0,2.0,13.0,4.0,0,0,4
d052c9e8-32c2-425f-aee5-06f2c5bc7c8a,Pearl,17.0,1.0,16.0,7.0,Diamond,2.0,191.348,0.0,0.0,0.0,10.0,13.0,1,0,4
f76bb6f1-b8a5-4bc5-9844-df93a6d87cf0,Haven,21.0,1.0,18.0,15.0,Diamond,2.0,307.667,4.0,3.0,0.0,8.0,13.0,1,0,4
8cf1fca2-11b8-4669-99b0-0d5c15c035c2,Ascent,23.0,3.0,13.0,11.0,Diamond,2.0,248.25,3.0,0.0,1.0,13.0,11.0,1,2,2
6876ef88-57bf-459a-8df2-d849bf803302,Fracture,21.0,4.0,23.0,8.0,Diamond,2.0,245.538,4.0,4.0,0.0,12.0,14.0,0,2,2
5dccaca8-adf4-46d1-a950-39079fda1bcd,Pearl,19.0,1.0,15.0,9.0,Diamond,2.0,291.833,1.0,2.0,0.0,5.0,13.0,1,0,4
6f0050cf-ad2a-4e9b-9aed-2ed3bb04e292,Pearl,19.0,3.0,9.0,16.0,Diamond,2.0,234.8,0.0,0.0,1.0,13.0,7.0,0,0,4
a5fd922e-0a2e-4e5a-a790-dadf731f0558,Split,21.0,2.0,17.0,9.0,Diamond,2.0,225.167,4.0,2.0,2.0,13.0,11.0,1,0,4
298f2aa0-c2f1-46c9-bb0a-fd5a2ff66d9e,Lotus,17.0,4.0,18.0,12.0,Diamond,2.0,231.348,3.0,0.0,1.0,13.0,10.0,1,0,4
1b995221-3778-4f3c-96b5-6f0ba78b24b6,Breeze,23.0,0.0,12.0,12.0,Diamond,2.0,342.053,3.0,0.0,0.0,6.0,13.0,1,0,4
43d057c5-9138-4a3f-9618-d47893ca19a0,Fracture,15.0,2.0,16.0,10.0,Diamond,2.0,176.167,2.0,3.0,1.0,13.0,11.0,1,0,4
1a5545d9-5138-420b-a50e-066544c6156b,Fracture,9.0,0.0,14.0,5.0,Diamond,2.0,184.071,0.0,3.0,0.0,1.0,13.0,0,2,2
729f0ad0-7a61-4705-804f-a802b2041912,Pearl,16.0,2.0,15.0,10.0,Diamond,2.0,234.684,2.0,0.0,0.0,6.0,13.0,1,1,3
d0693eb8-f0da-4302-82a7-5632c2a3a3fc,Pearl,8.0,1.0,18.0,6.0,Diamond,2.0,111.7,2.0,6.0,0.0,7.0,13.0,0,1,3
451684a0-4082-4f94-ba43-4a2926c32cee,Ascent,9.0,0.0,5.0,3.0,Diamond,2.0,132.375,2.0,3.0,1.0,10.0,3.0,1,1,3
23e3734c-cfda-493d-b2cd-574281d0cfa6,Fracture,27.0,9.0,19.0,19.0,Diamond,2.0,268.321,2.0,1.0,0.0,13.0,15.0,0,0,4
9309c2ff-806e-4376-9954-c8d2953a79bc,Lotus,15.0,6.0,19.0,10.0,Diamond,2.0,226.1,5.0,3.0,0.0,7.0,13.0,1,0,4
8f64e6c7-5fb6-475f-afa3-6624f3e23893,Ascent,25.0,10.0,14.0,22.0,Diamond,2.0,295.75,4.0,0.0,2.0,13.0,11.0,0,1,3
98745103-3d27-4a0d-ad04-cc4c0548b735,Split,14.0,0.0,17.0,11.0,Diamond,2.0,178.19,0.0,1.0,0.0,8.0,13.0,0,1,3
afb619ca-4fbf-4b76-a91a-4c3a16420ae8,Ascent,18.0,3.0,18.0,13.0,Diamond,2.0,223.625,4.0,4.0,1.0,13.0,11.0,1,1,3
027cbba4-9854-4813-83d5-6061b66817c0,Lotus,8.0,1.0,13.0,6.0,Unrated,,133.389,1.0,1.0,0.0,5.0,13.0,0,0,4
52c94a1e-4e15-4979-b7c9-c9663208908e,Split,24.0,1.0,18.0,19.0,Unrated,,257.154,2.0,5.0,1.0,14.0,12.0,0,0,4
045c7f98-40db-4fb3-8919-40fddca420f8,Summit,27.0,4.0,19.0,17.0,Unrated,,336.0,4.0,4.0,0.0,11.0,13.0,0,1,3
77734abe-b1a2-4b33-99e1-e9d1b571f72e,Split,4.0,1.0,13.0,3.0,Unrated,,100.333,1.0,1.0,0.0,2.0,13.0,1,2,2
43fe6fd1-e029-4777-86bc-d106c024c02c,Lotus,22.0,1.0,12.0,16.0,Platinum,3.0,275.0,5.0,2.0,1.0,13.0,8.0,1,1,3
c3af1375-2c00-4a00-a297-4d301639ce68,Split,21.0,3.0,20.0,14.0,Platinum,3.0,244.565,4.0,2.0,0.0,10.0,13.0,1,1,3
32852739-fba5-4cb9-8752-a94f4f50c083,Sunset,22.0,3.0,11.0,13.0,Platinum,2.0,307.25,4.0,2.0,1.0,13.0,7.0,0,1,3
2afadc1e-740e-452b-a021-e726701b40c0,Haven,26.0,1.0,16.0,20.0,Platinum,2.0,294.5,3.0,2.0,2.0,13.0,11.0,1,0,4
7b1b4045-8676-4136-8a2e-166ec374f301,Summit,21.0,2.0,16.0,14.0,Platinum,2.0,261.565,6.0,4.0,0.0,10.0,13.0,1,0,4
7e914b8f-df6f-426b-b5ea-fcc95e0e5341,Haven,5.0,2.0,15.0,2.0,Platinum,3.0,120.933,0.0,1.0,0.0,2.0,13.0,1,1,3
41930b30-db57-405c-bef3-7e9fa485e811,Breeze,21.0,1.0,8.0,13.0,Platinum,3.0,274.7,3.0,2.0,1.0,13.0,7.0,0,1,3
e6d889a2-baae-4581-831e-4414a59dbe27,Sunset,20.0,3.0,16.0,8.0,Platinum,3.0,173.964,3.0,2.0,0.0,13.0,15.0,0,1,3
6e036fd7-b0e8-4151-a243-1705fdde761e,Haven,19.0,3.0,13.0,13.0,Platinum,3.0,234.318,3.0,2.0,1.0,13.0,9.0,0,1,3
14202ae1-fa7f-4a0f-b552-d529d5feba0d,Breeze,19.0,4.0,19.0,7.0,Platinum,3.0,238.875,4.0,1.0,2.0,13.0,11.0,0,1,3
983e194a-8de4-483b-afb3-8ef5bf14850d,Summit,17.0,4.0,18.0,17.0,Platinum,3.0,210.0,2.0,3.0,3.0,13.0,11.0,1,0,4
de0d6bc8-1ae9-49e5-992c-3a95e599166f,Breeze,23.0,5.0,22.0,13.0,Platinum,3.0,240.679,2.0,2.0,4.0,15.0,13.0,1,0,4
13efbbcc-956f-4709-b19f-21629d6ae494,Haven,29.0,1.0,20.0,15.0,Platinum,3.0,248.733,3.0,3.0,4.0,15.0,15.0,1,0,4
3aad8555-e164-4646-bf42-775d0ba88d8b,Split,22.0,4.0,8.0,19.0,Platinum,3.0,292.2,0.0,1.0,1.0,13.0,7.0,1,0,4
3b307bc0-4ef9-4444-94f7-b9f9c3ee3a6a,Ascent,13.0,1.0,9.0,10.0,Diamond,1.0,180.474,2.0,0.0,1.0,13.0,6.0,1,1,3
c34bd04e-405e-4f0e-ada6-1f24a30a9776,Haven,26.0,3.0,18.0,17.0,Diamond,1.0,284.538,4.0,2.0,2.0,14.0,12.0,0,1,3
4702afb2-574f-4701-8399-468d1a7f8b69,Lotus,6.0,1.0,16.0,5.0,Diamond,1.0,106.278,1.0,3.0,0.0,5.0,13.0,1,1,3
a7e16343-d1b4-4081-bc08-95016cd5a4b5,Breeze,17.0,1.0,8.0,8.0,Diamond,1.0,208.667,2.0,2.0,1.0,13.0,5.0,1,0,4
3c2c2c74-3d61-47c5-a182-d80836f89550,Split,28.0,2.0,3.0,20.0,Diamond,1.0,511.933,1.0,0.0,2.0,13.0,2.0,1,0,4
1bfdaa8c-c1d7-4df4-a556-d10cce3031fb,Ascent,23.0,1.0,17.0,14.0,Diamond,1.0,279.565,1.0,1.0,0.0,10.0,13.0,1,2,2
9f22e788-f596-47c9-9eba-2a11a1b40b60,Breeze,22.0,1.0,18.0,14.0,Diamond,1.0,228.423,1.0,3.0,1.0,14.0,12.0,1,2,2
7cade7c5-8515-4214-8a8b-5b6e45337972,Haven,11.0,3.0,15.0,4.0,Diamond,2.0,185.316,1.0,3.0,0.0,6.0,13.0,1,2,2
b3fa6194-d1b9-4d30-b824-a5ff3b173e7f,Summit,22.0,6.0,21.0,17.0,Diamond,2.0,218.643,3.0,4.0,0.0,14.0,14.0,0,2,2
37b2ac63-b837-42c9-b8fc-e91827e4c962,Lotus,16.0,2.0,17.0,15.0,Diamond,2.0,221.095,1.0,2.0,0.0,8.0,13.0,1,1,3
0533b23f-c17d-4dab-8502-e3f2fb3e1e67,Haven,23.0,0.0,14.0,16.0,Diamond,1.0,263.545,1.0,0.0,1.0,13.0,9.0,1,0,4
2b7cadf7-2858-4f41-9577-8d65836d0c09,Split,9.0,0.0,15.0,8.0,Diamond,1.0,151.765,0.0,3.0,0.0,4.0,13.0,1,0,4
3c84ce3c-b9b2-457f-b344-5f527834da7e,Lotus,20.0,5.0,15.0,16.0,Diamond,1.0,254.227,3.0,2.0,0.0,9.0,13.0,1,0,4
59534ca7-70d1-48e5-a9ef-7ef4a77572d4,Sunset,21.0,1.0,13.0,13.0,Diamond,1.0,295.789,5.0,0.0,1.0,13.0,6.0,1,0,4
0978e4e8-fb19-49fd-9abf-b693f4cb8f3d,Haven,18.0,1.0,19.0,17.0,Diamond,1.0,216.833,3.0,1.0,0.0,11.0,13.0,0,2,2
71e97d4d-1640-4bfe-a686-51f2815d2edd,Summit,19.0,6.0,16.0,13.0,Diamond,1.0,249.15,0.0,1.0,1.0,13.0,7.0,0,2,2
e561b5f0-15f1-4e34-bcd5-8d6dfc4617ed,Sunset,18.0,4.0,14.0,11.0,Diamond,1.0,257.3,4.0,3.0,2.0,13.0,7.0,1,2,2
503c9969-d893-4dba-aa2c-d8ae48952cde,Split,18.0,2.0,19.0,12.0,Diamond,1.0,220.375,4.0,0.0,0.0,11.0,13.0,1,1,3
c72c2a7c-ec1f-4b4b-9fb6-ca477d20da25,Breeze,16.0,4.0,18.0,10.0,Diamond,1.0,184.731,1.0,3.0,0.0,12.0,14.0,1,1,3
0b59b81e-01f4-4255-8922-5963240f0533,Haven,21.0,4.0,19.0,15.0,Diamond,1.0,263.0,5.0,2.0,0.0,11.0,13.0,1,2,2
1831a5d1-eafd-4f15-87f4-83247a378f04,Lotus,25.0,0.0,14.0,18.0,Diamond,1.0,277.565,2.0,1.0,0.0,10.0,13.0,1,2,2
e2e16b93-d1c0-4cf1-bfee-a0af0b376591,Split,27.0,6.0,20.0,23.0,Diamond,1.0,273.893,2.0,3.0,0.0,13.0,15.0,0,2,2
b4886cb4-2b02-464f-b296-e62b94cf637d,Split,25.0,5.0,15.0,21.0,Diamond,1.0,268.654,1.0,1.0,1.0,14.0,12.0,1,0,4
0b0f22af-73dd-4648-a302-7c8967d5aaa2,Breeze,17.0,5.0,19.0,14.0,Diamond,1.0,205.542,2.0,3.0,0.0,11.0,13.0,0,0,4
b2586ef1-b634-41a3-bbd4-dc4cae906455,Haven,15.0,2.0,13.0,12.0,Diamond,1.0,226.95,3.0,0.0,1.0,13.0,7.0,1,0,4
76b4d063-cf44-42a9-8f95-c35bd49f1dfc,Summit,23.0,5.0,21.0,17.0,Diamond,1.0,236.75,3.0,5.0,2.0,15.0,13.0,0,0,4
5ef60a90-6f44-4b6f-b018-b382aa1ea76b,Split,14.0,2.0,10.0,10.0,Diamond,2.0,203.053,0.0,0.0,1.0,13.0,6.0,1,1,3
1033ca37-48af-482f-a5fa-84189c3ab009,Split,17.0,4.0,20.0,8.0,Diamond,2.0,199.577,2.0,2.0,0.0,12.0,14.0,1,1,3
24c4f22c-dbc3-40be-ba72-c89865807ea1,Breeze,21.0,2.0,13.0,13.0,Diamond,1.0,292.952,6.0,2.0,1.0,13.0,8.0,1,1,3
8708af03-c113-41ee-a097-13e0be18e8b4,Sunset,17.0,2.0,7.0,10.0,Diamond,2.0,255.941,2.0,1.0,1.0,13.0,4.0,1,0,4
f9710d8e-ae1c-451c-8a69-98294908acbc,Lotus,11.0,2.0,12.0,3.0,Diamond,2.0,144.2,2.0,2.0,2.0,13.0,7.0,1,0,4
683bf582-48a0-4c3e-b8dd-1f2c322ead61,Sunset,26.0,4.0,12.0,19.0,Diamond,2.0,337.333,5.0,3.0,1.0,13.0,8.0,1,1,3
7afcdc5e-9e8a-4a63-8f01-f38aed11f609,Summit,24.0,6.0,13.0,16.0,Diamond,2.0,323.952,3.0,1.0,2.0,13.0,8.0,0,1,3
2c666c65-32b7-49f1-ab1b-b79af4d5c8bd,Ascent,17.0,2.0,8.0,5.0,Diamond,2.0,269.938,4.0,2.0,3.0,13.0,3.0,1,1,3
2c55e1ab-f6bc-4977-b922-8ea328c17b4b,Fracture,17.0,1.0,19.0,8.0,Diamond,1.0,224.636,3.0,2.0,0.0,9.0,13.0,0,3,1
db56099c-8a7e-4bb8-a5d9-7df7a73b8066,Haven,16.0,6.0,12.0,11.0,Diamond,1.0,245.5,2.0,0.0,1.0,13.0,5.0,1,2,2
1d791d4b-437f-4a8f-afa0-939239309eb4,Haven,14.0,2.0,8.0,13.0,Diamond,1.0,201.778,1.0,3.0,2.0,13.0,5.0,1,1,3
1c63c560-a31d-44df-964b-f9c28789a173,Ascent,15.0,5.0,16.0,10.0,Diamond,1.0,200.211,1.0,1.0,0.0,6.0,13.0,0,1,3
3bd847b3-9a88-4b54-8cf5-3ed914488206,Breeze,17.0,2.0,14.0,9.0,Diamond,1.0,234.15,3.0,1.0,0.0,7.0,13.0,1,2,2
d4336326-2e31-4b83-9a3d-8f33130846af,Fracture,22.0,4.0,15.0,12.0,Diamond,1.0,277.857,1.0,1.0,0.0,8.0,13.0,1,2,2
bc37f423-250d-4c2d-a5c4-b1a2be423f9a,Breeze,9.0,4.0,15.0,5.0,Diamond,1.0,142.053,0.0,2.0,0.0,6.0,13.0,0,2,2
c5d776ac-59b9-48ff-8892-daa2a3bc682e,Pearl,22.0,13.0,18.0,12.0,Diamond,1.0,284.962,1.0,3.0,0.0,12.0,14.0,0,2,2
3af4c992-c175-4a58-a601-d05f0eb5c71a,Ascent,19.0,1.0,7.0,11.0,Diamond,1.0,370.143,6.0,2.0,1.0,12.0,1.0,0,2,2
c22dc624-f0f8-4174-ac1a-a3aa8e8c624a,Pearl,14.0,5.0,16.0,9.0,Diamond,1.0,209.0,5.0,3.0,2.0,13.0,7.0,1,1,3
d23b0235-97b1-442b-915d-727acfb357bc,Split,5.0,3.0,13.0,2.0,Diamond,1.0,152.615,1.0,4.0,0.0,0.0,13.0,1,1,3
c9a742e0-f594-4a90-9c42-48c4a5a94c39,Lotus,35.0,4.0,16.0,21.0,Diamond,1.0,396.917,5.0,2.0,0.0,11.0,13.0,0,1,3
1da65b77-4218-4bfc-98ad-c43ffee81c1a,Ascent,29.0,2.0,12.0,18.0,Diamond,1.0,380.591,3.0,3.0,1.0,13.0,9.0,1,1,3
5855d5b8-0caf-48a6-bd53-6d3985d6aff4,Ascent,16.0,3.0,14.0,11.0,Diamond,1.0,214.524,5.0,1.0,1.0,13.0,8.0,1,1,3
19e98308-e1af-4f94-9a0b-fc65d1e7484f,Split,23.0,5.0,20.0,15.0,Diamond,1.0,230.929,2.0,2.0,0.0,14.0,14.0,1,2,2
1ffea0af-c3bf-4a02-b801-6ff8bc745078,Pearl,22.0,5.0,17.0,13.0,Diamond,1.0,253.692,3.0,0.0,1.0,14.0,12.0,1,2,2
ab0677d5-14e4-47d9-a068-f40c5c761d4a,Breeze,31.0,6.0,12.0,22.0,Diamond,1.0,363.087,3.0,1.0,2.0,13.0,10.0,1,1,3
3ba01eea-abaf-43d8-badf-7f94d08b8045,Fracture,21.0,3.0,20.0,14.0,Diamond,1.0,276.364,3.0,1.0,0.0,9.0,13.0,1,2,2
127a5ed6-e44e-42cb-8082-758bf45b4f7d,Breeze,22.0,12.0,13.0,15.0,Diamond,1.0,336.1,7.0,2.0,1.0,13.0,7.0,1,1,3
4250382e-b74a-43af-bfa7-7e87513c180f,Pearl,19.0,6.0,18.0,9.0,Diamond,1.0,254.565,2.0,1.0,0.0,10.0,13.0,1,1,3
7d68b940-7a46-42a8-940f-114ed1dd8b7c,Lotus,15.0,6.0,18.0,9.0,Diamond,1.0,195.391,3.0,4.0,0.0,10.0,13.0,0,2,2
1186cd67-7f09-481d-af3d-09c7d0c5cc63,Fracture,17.0,6.0,13.0,13.0,Diamond,1.0,342.875,4.0,2.0,1.0,13.0,3.0,0,1,3
59165f73-1444-4685-8608-ef4578e80280,Breeze,15.0,4.0,17.0,10.0,Diamond,1.0,196.818,3.0,3.0,2.0,13.0,9.0,1,2,2
375a7856-3f7a-4ae3-b285-21e422a89980,Pearl,13.0,3.0,12.0,9.0,Diamond,1.0,173.25,2.0,1.0,1.0,13.0,7.0,1,2,2
4478de53-fe6e-4619-89dd-c4a550d139bb,Pearl,12.0,5.0,16.0,8.0,Diamond,1.0,168.545,2.0,9.0,2.0,13.0,9.0,1,0,4
d764cfbe-6a18-41c5-a68c-4cd8e4e499ba,Lotus,13.0,4.0,17.0,4.0,Diamond,1.0,209.389,0.0,2.0,0.0,5.0,13.0,1,2,2
fb74a574-cf6b-4df3-9816-fc09e1380a27,Split,14.0,7.0,11.0,5.0,Diamond,1.0,183.478,2.0,3.0,1.0,13.0,10.0,1,2,2
278b7403-a37d-4b68-baf4-60315d051c72,Ascent,15.0,5.0,18.0,13.0,Diamond,1.0,244.476,5.0,1.0,0.0,8.0,13.0,1,2,2
ead0d575-0f2a-47ec-83c2-c99a906edd7b,Lotus,25.0,4.0,15.0,16.0,Diamond,1.0,340.684,3.0,0.0,1.0,13.0,6.0,0,1,3
bac7a064-06fd-4498-8c96-7c38aed3170c,Haven,19.0,3.0,13.0,5.0,Diamond,1.0,284.45,6.0,3.0,2.0,13.0,7.0,0,1,3
28a70c3d-d3df-4632-8a40-0c7d9b8dbed0,Pearl,21.0,9.0,19.0,15.0,Diamond,2.0,276.783,3.0,2.0,1.0,13.0,10.0,1,1,3
e42016a1-c7e6-4c07-a826-e18c28ba2de1,Fracture,13.0,4.0,21.0,6.0,Diamond,2.0,145.308,5.0,7.0,1.0,14.0,12.0,1,2,2
0d0609c7-ca98-486c-8d2e-6e488f169f32,Fracture,15.0,8.0,21.0,10.0,Diamond,2.0,194.391,5.0,1.0,0.0,10.0,13.0,1,1,3
630a66c0-29b5-4180-b35a-06775ba4eacd,Lotus,10.0,10.0,14.0,6.0,Diamond,2.0,156.3,1.0,2.0,1.0,13.0,7.0,0,1,3
94c6e3fc-0502-4dc9-ab3a-f63237853169,Haven,13.0,4.0,16.0,12.0,Diamond,2.0,228.389,3.0,1.0,0.0,5.0,13.0,0,1,3
5a5d2607-f402-42d4-9ea7-48a742caa13a,Sunset,17.0,9.0,21.0,15.0,Platinum,1.0,212.538,4.0,5.0,0.0,12.0,14.0,1,1,3
7c3d8dfe-ef1b-4fe5-aa9e-471d6e79f866,Lotus,17.0,3.0,19.0,16.0,Platinum,1.0,214.565,6.0,5.0,1.0,13.0,10.0,0,1,3
9e23fd82-6cc4-430f-bc7d-32bc580ebcb4,Breeze,21.0,3.0,23.0,13.0,Unrated,,223.192,4.0,4.0,2.0,14.0,12.0,0,1,3
a6d07529-2830-47cc-b4be-a13d95294600,Split,24.0,7.0,28.0,18.0,Unrated,,220.088,3.0,5.0,3.0,18.0,16.0,1,2,2
8ff59159-bbab-4161-ab34-94de95bf1f10,Ascent,23.0,2.0,15.0,13.0,Platinum,1.0,273.136,3.0,3.0,0.0,9.0,13.0,0,1,3
817beb9f-708c-4f6b-bc4c-a386159f0468,Summit,16.0,2.0,19.0,9.0,Platinum,1.0,174.217,4.0,7.0,0.0,10.0,13.0,1,1,3
36631733-0817-45a1-9e4c-c721a6864b71,Sunset,21.0,6.0,19.0,16.0,Platinum,1.0,262.833,5.0,5.0,1.0,13.0,11.0,1,0,4
b52e5449-be5c-4d5f-9bc4-8e586fd8f764,Sunset,7.0,7.0,19.0,5.0,Platinum,2.0,97.864,0.0,2.0,0.0,9.0,13.0,0,2,2
c86e1d22-13d0-4b6c-90e9-bacbfe9673bd,Split,13.0,8.0,18.0,10.0,Platinum,1.0,186.565,5.0,8.0,1.0,13.0,10.0,0,2,2
cdb44464-8ed8-4d20-ba6d-cae600d54dcd,Haven,13.0,9.0,16.0,9.0,Platinum,1.0,173.727,4.0,3.0,2.0,13.0,9.0,0,2,2
13f62a5b-9d2a-4a77-b769-ca63852c30d5,Ascent,14.0,6.0,13.0,7.0,Platinum,1.0,223.55,4.0,1.0,3.0,13.0,7.0,0,1,3
063a1906-ad36-46be-9e8e-02dbd8f768c8,Breeze,12.0,3.0,18.0,9.0,Platinum,1.0,163.864,4.0,2.0,0.0,9.0,13.0,1,1,3
474ec11f-243e-4221-b95a-30e1d5ee6b2f,Breeze,12.0,4.0,18.0,8.0,Platinum,2.0,158.727,0.0,3.0,0.0,9.0,13.0,0,1,3
b264ae0e-a9b0-4810-b608-c277eb580d72,Sunset,20.0,6.0,25.0,17.0,Platinum,2.0,242.154,4.0,5.0,1.0,14.0,12.0,1,1,3
25a74342-651f-42cb-86ec-df56e0f8c60a,Summit,20.0,4.0,17.0,14.0,Platinum,2.0,284.455,6.0,0.0,2.0,13.0,9.0,1,1,3
fd3155a3-d521-496c-8d25-789ce575d755,Haven,15.0,5.0,14.0,10.0,Platinum,1.0,182.0,3.0,1.0,3.0,13.0,10.0,0,0,4
354b479a-9c24-4c9e-9f55-9d633ea5995b,Split,12.0,5.0,11.0,9.0,Platinum,2.0,137.609,0.0,0.0,1.0,13.0,10.0,1,1,3
09129172-e939-4ab7-8d35-b4c3fcccab75,Lotus,21.0,7.0,17.0,19.0,Platinum,2.0,254.667,2.0,0.0,2.0,13.0,11.0,1,1,3
4e163783-ae41-4f34-8f15-a94a539d7405,Split,13.0,7.0,12.0,8.0,Platinum,2.0,208.0,3.0,0.0,3.0,13.0,5.0,1,1,3
03dc1d00-74f5-4d58-9286-8c0be0d4c136,Haven,12.0,6.0,18.0,12.0,Platinum,3.0,185.381,5.0,5.0,0.0,8.0,13.0,1,0,4
627e32a8-e106-49c7-95f4-5316957735d2,Split,18.0,5.0,17.0,13.0,Platinum,3.0,260.571,0.0,3.0,0.0,8.0,13.0,1,0,4
290c3962-cbd7-40a3-81d1-0a3f5745c4eb,Lotus,16.0,10.0,22.0,12.0,Platinum,2.0,208.692,3.0,5.0,1.0,14.0,12.0,1,2,2
d5be5043-2475-4491-b237-94b83b793bcb,Split,11.0,7.0,19.0,8.0,Platinum,2.0,154.792,2.0,4.0,0.0,11.0,13.0,1,2,2
5a29005c-2024-46a8-9812-445b316c6005,Sunset,22.0,6.0,13.0,13.0,Platinum,2.0,283.952,1.0,0.0,1.0,13.0,8.0,1,2,2
a0caa8f7-e72a-4cba-acda-1284f34221d6,Breeze,16.0,4.0,20.0,13.0,Platinum,2.0,204.087,3.0,4.0,0.0,10.0,13.0,1,1,3
f6e15b71-a31c-4b7c-95be-2166b2321783,Haven,9.0,2.0,16.0,8.0,Platinum,2.0,140.15,1.0,0.0,0.0,7.0,13.0,1,1,3
6a95a0fe-6475-4e39-a3ca-453efb4c11b3,Summit,26.0,2.0,17.0,18.0,Platinum,2.0,289.333,3.0,5.0,0.0,11.0,13.0,0,0,4
d37363b1-c243-48a7-9980-a73848bc4b68,Ascent,10.0,4.0,16.0,9.0,Platinum,2.0,150.158,1.0,5.0,0.0,6.0,13.0,1,1,3
a6df3a87-8aea-4253-b491-18f8fc1cd60e,Ascent,25.0,7.0,14.0,12.0,Platinum,2.0,323.909,4.0,3.0,1.0,13.0,9.0,1,1,3
9bb7ece1-3774-4e1f-bfef-666f5d8aaed5,Breeze,12.0,2.0,14.0,3.0,Platinum,2.0,150.0,1.0,2.0,0.0,9.0,13.0,0,1,3
84f432e8-09ab-4ae1-8c7a-fe7e64655cd0,Lotus,13.0,2.0,17.0,7.0,Platinum,2.0,181.476,4.0,1.0,0.0,8.0,13.0,0,1,3
f43f6ba4-b6cc-480c-a8af-f1414bee8c64,Split,8.0,10.0,19.0,7.0,Platinum,2.0,140.957,3.0,5.0,1.0,13.0,10.0,1,1,3
8f7867d8-3476-4dc2-8e8a-3f5cfb5107fe,Lotus,19.0,4.0,19.0,16.0,Platinum,2.0,252.391,7.0,3.0,2.0,13.0,10.0,1,1,3
cb3d7345-b2c4-48c0-8410-92502c39db42,Bind,27.0,20.0,16.0,10.0,Bronze,3.0,282.423,4.0,1.0,0.0,12.0,14.0,0,4,0
e52a9066-d920-4390-81e0-7805b79c2bad,Haven,23.0,4.0,15.0,11.0,Bronze,3.0,296.143,2.0,1.0,3.0,13.0,8.0,1,4,0
18e193fb-25bd-4e36-826c-f3cca2891b0c,Lotus,20.0,6.0,15.0,6.0,Bronze,3.0,263.182,0.0,4.0,0.0,9.0,13.0,1,4,0
75378d13-50a7-4744-8a4e-22a5b13518a9,Breeze,30.0,6.0,16.0,18.0,Bronze,3.0,399.818,8.0,0.0,1.0,13.0,9.0,1,3,1
0acf19df-9649-48bf-82e0-2fb9ffe9d632,Pearl,17.0,8.0,16.0,11.0,Silver,2.0,234.263,0.0,2.0,0.0,6.0,13.0,0,2,2
133916b0-27ed-44df-bb4b-e3805cfb8f89,Ascent,14.0,3.0,19.0,10.0,Silver,1.0,190.87,4.0,4.0,0.0,10.0,13.0,1,3,1
eb306a08-8c72-4915-9016-204696d4ff5e,Fracture,10.0,0.0,14.0,6.0,Silver,2.0,213.667,0.0,1.0,0.0,2.0,13.0,1,3,1
e76cdc59-7ec8-4f57-915b-9b995285e936,Ascent,18.0,5.0,17.0,10.0,Unrated,,245.591,2.0,0.0,1.0,13.0,9.0,0,4,0
e809a353-a80f-412a-8781-7937b83c8eb4,Haven,10.0,7.0,14.0,5.0,Unrated,,128.955,1.0,1.0,2.0,13.0,9.0,0,4,0
1cdcc5ed-b9c9-475a-9001-48f9662b6679,Split,16.0,19.0,10.0,6.0,Unrated,,245.842,1.0,2.0,1.0,13.0,6.0,0,4,0
e439c5d2-bcaa-47c9-b58c-5ff48348d315,Haven,13.0,19.0,12.0,11.0,Unrated,,200.619,0.0,2.0,2.0,13.0,8.0,1,1,3
7a48b35b-79ed-4b57-ac7b-d2f97bb7b988,Breeze,3.0,4.0,13.0,3.0,Bronze,3.0,88.533,0.0,1.0,0.0,2.0,13.0,0,2,2
5629c992-8dff-496a-a154-723765ee5464,Lotus,13.0,15.0,14.0,8.0,Unrated,,170.462,3.0,1.0,1.0,14.0,12.0,0,2,2
138f4118-a314-4096-a3b4-373b76c74fb6,Pearl,21.0,6.0,19.0,11.0,Diamond,1.0,214.385,2.0,2.0,0.0,12.0,14.0,1,0,4
de11c9bc-1a36-4dd1-b5b6-0ccfb30adafc,Breeze,2.0,5.0,18.0,4.0,Diamond,1.0,76.105,0.0,2.0,0.0,6.0,13.0,1,0,4
1eeec37e-013d-4ae7-a76d-3e959e65c567,Haven,16.0,1.0,16.0,8.0,Diamond,1.0,199.318,3.0,0.0,0.0,9.0,13.0,0,0,4
49b7a87b-bbfb-4c4e-a295-cc3a7d407738,Pearl,16.0,1.0,16.0,5.0,Diamond,1.0,190.227,0.0,0.0,1.0,13.0,9.0,0,0,4
8f845a7b-08bd-432a-86a8-6cfd8e7668e0,Breeze,15.0,3.0,6.0,7.0,Diamond,1.0,213.647,1.0,0.0,1.0,13.0,4.0,0,0,4
d71473c0-58df-4201-aa97-2a8a61e82677,Ascent,18.0,4.0,15.0,11.0,Diamond,1.0,200.652,3.0,0.0,1.0,13.0,10.0,0,0,4
30c9a2ab-adcd-4475-93c3-459aa871fc68,Fracture,7.0,4.0,6.0,5.0,Diamond,1.0,131.8,0.0,1.0,2.0,10.0,2.0,0,0,4
57745ea5-34ac-4d3e-9562-3828b66dd621,Breeze,15.0,8.0,17.0,12.0,Diamond,1.0,232.095,4.0,2.0,0.0,8.0,13.0,0,1,3
e60f8608-8b4d-4bae-9164-214c9b02abbd,Haven,10.0,2.0,18.0,7.0,Diamond,1.0,131.455,0.0,1.0,0.0,9.0,13.0,0,0,4
1496ae94-62d8-42d1-8e8a-636d70e67a4b,Split,17.0,8.0,18.0,10.0,Diamond,1.0,202.423,2.0,4.0,1.0,14.0,12.0,0,0,4
59aadead-6851-4468-8fb3-fb26eaad9e23,Ascent,16.0,5.0,21.0,16.0,Diamond,1.0,165.857,2.0,4.0,1.0,15.0,13.0,0,0,4
0365d650-bbcc-4472-b614-d381818865ae,Pearl,6.0,2.0,11.0,6.0,Diamond,1.0,117.812,0.0,1.0,0.0,3.0,11.0,1,0,4
3ed790a3-2b3d-4d92-b9c5-6646964030f7,Pearl,18.0,2.0,14.0,7.0,Diamond,1.0,236.25,5.0,1.0,0.0,7.0,13.0,1,0,4
16b6b630-86c5-432a-9fce-22aa9b9eb158,Lotus,18.0,4.0,10.0,9.0,Diamond,1.0,268.421,2.0,2.0,1.0,13.0,6.0,1,0,4
cfc93ffe-9eb6-4357-92ef-439bca8778fd,Fracture,12.0,9.0,15.0,9.0,Diamond,1.0,171.174,3.0,0.0,0.0,10.0,13.0,0,0,4
6eb64baa-6e2a-42fc-8381-d2ad3b3ce60a,Breeze,19.0,4.0,19.0,11.0,Diamond,1.0,246.0,3.0,2.0,0.0,11.0,13.0,0,0,4
09d2d30a-6c95-41ad-a0af-96d7037e20a0,Breeze,10.0,5.0,12.0,9.0,Diamond,1.0,170.235,0.0,3.0,1.0,13.0,4.0,0,0,4
2be8394d-3508-4f62-a7ab-120a47e02bc3,Split,13.0,6.0,18.0,9.0,Diamond,1.0,177.292,1.0,4.0,1.0,13.0,11.0,1,0,4
7540ccf6-f084-40bd-bad9-35c5b6c83ce5,Split,21.0,3.0,18.0,12.0,Diamond,1.0,299.6,1.0,1.0,0.0,7.0,13.0,1,0,4
82fb5905-7b40-4cb4-bef7-cf8f0004d055,Fracture,21.0,8.0,13.0,9.0,Diamond,1.0,272.913,5.0,0.0,1.0,13.0,10.0,1,0,4
1696b4a2-cdf0-4927-90bf-d6da7d3dc383,Ascent,15.0,1.0,5.0,6.0,Diamond,1.0,211.529,3.0,0.0,2.0,13.0,4.0,1,0,4
79dea19e-0848-44e3-8763-5591c2141760,Lotus,23.0,6.0,14.0,14.0,Diamond,1.0,334.6,1.0,1.0,0.0,7.0,13.0,0,0,4
5b8b06e3-dc47-45d5-9f8c-7f674c5373ef,Fracture,18.0,6.0,19.0,11.0,Diamond,1.0,208.667,2.0,2.0,1.0,13.0,11.0,1,2,2
bddb8ec7-2377-40fb-a34d-35ab6ebadce4,Ascent,13.0,1.0,15.0,6.0,Diamond,1.0,224.5,2.0,1.0,0.0,3.0,13.0,1,0,4
970ec78d-7701-454d-859b-c0477e24b6f1,Breeze,16.0,6.0,19.0,10.0,Unrated,,271.7,5.0,2.0,0.0,7.0,13.0,1,1,3
e2ae737d-f15d-4704-b79a-02c5353b33e0,Summit,19.0,7.0,14.0,16.0,Unrated,,253.364,1.0,1.0,1.0,13.0,9.0,0,1,3
cd5f3704-3ca0-46a5-89e3-65ff5a354fde,Summit,15.0,9.0,16.0,15.0,Gold,2.0,204.091,2.0,3.0,1.0,13.0,9.0,0,1,3
6b26eee9-4710-40ba-8259-98a2abd68c09,Ascent,9.0,1.0,14.0,8.0,Unrated,,190.929,0.0,1.0,0.0,1.0,13.0,1,1,3
ce2edde9-a082-4dbb-8cf2-8f56c3c1080b,Sunset,21.0,4.0,14.0,9.0,Unrated,,309.6,4.0,0.0,0.0,7.0,13.0,1,2,2
7c94332d-da8b-4931-b4b2-ec2c70fc0160,Haven,21.0,3.0,11.0,14.0,Unrated,,251.5,3.0,0.0,1.0,13.0,9.0,1,1,3
149efa50-cbea-4165-8046-7df93ef59131,Sunset,7.0,3.0,14.0,7.0,Gold,3.0,181.857,1.0,3.0,0.0,1.0,13.0,1,1,3
a54ab52f-0edb-4036-b388-aac5f16ec33f,Lotus,17.0,11.0,14.0,14.0,Gold,2.0,239.318,1.0,0.0,1.0,13.0,9.0,0,1,3
4daff992-8c9d-45c4-960c-9f97715c5560,Ascent,9.0,7.0,17.0,9.0,Gold,2.0,158.889,0.0,1.0,0.0,5.0,13.0,1,1,3
ce7a6e25-b400-45a8-8f46-1c0738f51017,Lotus,12.0,4.0,9.0,9.0,Gold,2.0,203.167,1.0,2.0,1.0,13.0,5.0,0,1,3
07e001f6-2a4c-4ec0-bb6f-cb6af17610eb,Ascent,15.0,8.0,10.0,6.0,Gold,3.0,220.944,0.0,1.0,1.0,13.0,5.0,0,0,4
b2b4b064-76ee-46dd-af9c-be697b8a8f1e,Sunset,12.0,2.0,6.0,5.0,Gold,3.0,231.214,4.0,1.0,2.0,11.0,1.0,0,0,4
a16f1ac0-d7b3-4eb8-a590-af1b6f8e7cfa,Split,36.0,6.0,17.0,19.0,Gold,3.0,431.875,3.0,2.0,1.0,13.0,11.0,0,1,3
b1777d2e-cfe5-420e-999c-93df3391dee2,Split,7.0,9.0,18.0,5.0,Gold,3.0,140.737,0.0,1.0,0.0,6.0,13.0,1,0,4
0688be25-90bc-45a1-8ad0-cd819d99c4ec,Lotus,18.0,8.0,15.0,15.0,Gold,3.0,295.35,5.0,3.0,0.0,7.0,13.0,1,1,3
b41cf5f8-2e3d-4056-a1a9-775aa724a3ff,Breeze,22.0,3.0,15.0,9.0,Gold,3.0,250.667,2.0,0.0,0.0,11.0,13.0,0,1,3
07a0abb0-ec09-4e5a-b4de-ce90cfd1c831,Pearl,16.0,3.0,23.0,15.0,Ascendant,3.0,193.5,1.0,3.0,0.0,12.0,14.0,0,3,1
a9c41f68-4797-4881-bb92-07b6d8db2208,Split,23.0,8.0,22.0,22.0,Ascendant,3.0,282.75,1.0,0.0,1.0,13.0,11.0,0,1,3
eae23fc0-2bc1-413d-91b3-cf25091c1070,Breeze,12.0,6.0,19.0,9.0,Ascendant,3.0,168.05,1.0,2.0,2.0,13.0,7.0,0,0,4
2967fc06-c019-4252-9fad-9b6c7b2bd1ae,Fracture,6.0,3.0,17.0,5.0,Ascendant,3.0,92.2,0.0,5.0,3.0,13.0,7.0,0,0,4
0ae5ca3c-2e92-4ca1-931b-c21c5a21034b,Split,8.0,5.0,16.0,7.0,Ascendant,3.0,122.167,0.0,1.0,0.0,5.0,13.0,0,1,3
064900ae-674a-46e0-b59b-757ecdad6a38,Lotus,15.0,6.0,17.0,13.0,Ascendant,3.0,215.7,4.0,3.0,0.0,7.0,13.0,1,1,3
4558edee-9bcf-4b2b-aa35-752f382216bd,Split,11.0,8.0,18.0,8.0,Ascendant,3.0,200.471,1.0,1.0,0.0,4.0,13.0,0,1,3
81ebb9b9-0ad4-46e6-a67d-17367df26210,Breeze,9.0,4.0,14.0,7.0,Ascendant,3.0,143.8,1.0,2.0,1.0,13.0,7.0,1,1,3
1c2d896d-d8f3-42a5-8967-6a5b7e18bd49,Haven,13.0,5.0,9.0,10.0,Ascendant,2.0,233.533,1.0,1.0,1.0,13.0,2.0,1,1,3
bbd1adc2-4755-430d-a2c7-f6ecf1b0ee08,Fracture,23.0,4.0,19.0,12.0,Ascendant,2.0,261.208,1.0,2.0,0.0,11.0,13.0,1,1,3
bee478f8-bb65-4743-b308-5f4bcc698c51,Ascent,9.0,7.0,13.0,9.0,Ascendant,2.0,184.529,5.0,4.0,1.0,13.0,4.0,1,1,3
2193e418-1d11-420e-9dea-fdbf1d4c8792,Split,12.0,11.0,19.0,9.0,Ascendant,2.0,179.905,2.0,0.0,0.0,8.0,13.0,0,1,3
c215b618-20de-4a89-8c1a-6b4dd31b5d3b,Lotus,19.0,7.0,24.0,15.0,Ascendant,2.0,190.321,1.0,5.0,0.0,14.0,14.0,0,1,3
c3ebb47e-d9db-42c6-8b6f-f729eec9627d,Lotus,11.0,9.0,19.0,8.0,Ascendant,2.0,160.286,0.0,1.0,0.0,8.0,13.0,0,1,3
7a6bdd92-c5c6-406d-b12e-98a7abdec958,Ascent,13.0,5.0,16.0,11.0,Ascendant,2.0,180.85,2.0,3.0,0.0,7.0,13.0,1,1,3
301b6674-c5be-4b34-a3a0-fc3ffde50854,Pearl,9.0,7.0,19.0,7.0,Ascendant,2.0,146.095,2.0,0.0,1.0,13.0,8.0,0,1,3
fe82e5ae-6437-4cef-9ee4-cb9edb096005,Breeze,12.0,1.0,14.0,14.0,Ascendant,2.0,242.562,2.0,1.0,0.0,3.0,13.0,0,1,3
db761d54-209a-43aa-a9ab-534243ff90fd,Fracture,10.0,3.0,17.0,9.0,Ascendant,2.0,191.0,1.0,4.0,0.0,4.0,13.0,0,0,4
1f5da103-8417-49da-8d43-2170b4c03981,Pearl,16.0,3.0,15.0,13.0,Ascendant,2.0,238.0,1.0,1.0,0.0,5.0,13.0,0,0,4
156d16bd-6219-41c4-9a10-935a58f56a24,Lotus,19.0,4.0,14.0,18.0,Ascendant,1.0,281.2,4.0,1.0,1.0,13.0,7.0,1,0,4
c96a530a-ad37-49f8-a93d-735241e42b86,Fracture,14.0,3.0,19.0,10.0,Ascendant,2.0,184.455,5.0,5.0,0.0,9.0,13.0,1,0,4
4180be82-afc0-4a62-aa23-8a35574c7f85,Pearl,17.0,9.0,23.0,16.0,Ascendant,2.0,209.333,2.0,1.0,1.0,13.0,11.0,0,1,3
78798c55-5cc3-4313-b862-24fa6e8ebc91,Breeze,10.0,7.0,16.0,7.0,Ascendant,2.0,128.958,2.0,1.0,2.0,13.0,11.0,0,1,3
328724ae-4210-422c-bfd0-b73ebf35fcb5,Haven,15.0,10.0,17.0,13.0,Ascendant,2.0,212.476,4.0,0.0,3.0,13.0,8.0,0,1,3
a3ed7995-451b-44b5-9d13-bd3898319f69,Breeze,21.0,3.0,12.0,18.0,Ascendant,2.0,301.842,4.0,3.0,1.0,13.0,6.0,1,0,4
08e6141f-7950-4f6b-b667-a1988abb6e9b,Ascent,16.0,2.0,17.0,11.0,Ascendant,2.0,265.167,4.0,1.0,0.0,5.0,13.0,0,0,4
3c23a4bd-d450-424e-8cbc-4a2b5cf1dc22,Fracture,20.0,9.0,16.0,17.0,Ascendant,2.0,252.333,3.0,3.0,1.0,13.0,11.0,0,0,4
61119c61-5f9c-4d1a-a340-54cdf55e4a94,Fracture,24.0,0.0,17.0,19.0,Ascendant,2.0,274.909,3.0,2.0,0.0,9.0,13.0,1,0,4
f882c284-0d45-4bcb-89fb-8c58d5d94065,Lotus,27.0,5.0,15.0,21.0,Ascendant,2.0,312.458,4.0,3.0,1.0,13.0,11.0,1,0,4
5ab76a07-9a9f-435e-a3a8-3c8388e6c6a2,Pearl,10.0,2.0,13.0,8.0,Ascendant,2.0,210.429,3.0,2.0,0.0,1.0,13.0,1,3,1
1557da78-10d0-483d-9fc7-00fabd8e3248,Ascent,7.0,1.0,15.0,4.0,Ascendant,2.0,133.733,3.0,3.0,0.0,2.0,13.0,1,3,1
d33d3526-97b4-4bf4-8aff-36fc68edb59e,Lotus,15.0,5.0,23.0,13.0,Ascendant,2.0,190.346,2.0,2.0,0.0,12.0,14.0,1,2,2
49b512ac-dd20-4fb0-bbda-6f9da7e0308f,Fracture,19.0,2.0,15.0,13.0,Ascendant,2.0,310.889,6.0,0.0,1.0,13.0,5.0,1,2,2
7eee5d38-d9a6-4a9c-b7af-389c5d135381,Fracture,19.0,3.0,15.0,15.0,Ascendant,2.0,247.35,4.0,5.0,2.0,13.0,7.0,1,0,4
45ce9b1a-57aa-45a7-a229-f41327cdd763,Breeze,13.0,4.0,16.0,9.0,Ascendant,2.0,171.0,4.0,4.0,0.0,9.0,13.0,1,1,3
74a2eef6-f579-4eee-80ab-3d810cdeb140,Split,20.0,3.0,14.0,15.0,Ascendant,2.0,283.65,6.0,3.0,1.0,13.0,7.0,1,1,3
5a6abc0c-ae85-4087-a756-e8a1400353a4,Pearl,12.0,6.0,16.0,10.0,Ascendant,2.0,202.611,3.0,1.0,0.0,5.0,13.0,0,1,3
36643837-5c25-4293-abdf-32ba9ec4d6ce,Lotus,23.0,0.0,17.0,16.0,Ascendant,2.0,305.85,7.0,2.0,1.0,13.0,7.0,1,1,3
56e29939-1514-46ed-b2f2-ecf94bd1f172,Lotus,10.0,2.0,14.0,10.0,Ascendant,2.0,156.556,0.0,5.0,0.0,5.0,13.0,1,1,3
e44eb8ac-7139-460f-bfd5-05af2d2022e3,Breeze,17.0,3.0,10.0,11.0,Ascendant,2.0,285.0,3.0,5.0,1.0,13.0,3.0,1,1,3
cc3a226b-a9f0-4548-8c77-936f36720f76,Ascent,20.0,6.0,20.0,17.0,Ascendant,2.0,273.042,6.0,3.0,2.0,13.0,11.0,1,1,3
0b28e51e-b407-4956-95b5-70a7d8bb740c,Lotus,21.0,13.0,22.0,19.0,Ascendant,1.0,213.167,2.0,0.0,1.0,16.0,14.0,0,1,3
cde881ad-c0d1-4c4f-a404-60b3cdc1cede,Breeze,15.0,3.0,19.0,11.0,Ascendant,1.0,176.348,3.0,5.0,2.0,13.0,10.0,1,1,3
f8f7d6f6-2b30-4650-8470-dc363dcc3118,Fracture,19.0,1.0,19.0,19.0,Ascendant,2.0,265.333,6.0,2.0,0.0,8.0,13.0,1,1,3
5f0e857a-fb61-4f58-a7a7-7e76a0fbf4a0,Pearl,12.0,4.0,18.0,9.0,Ascendant,2.0,182.45,2.0,4.0,0.0,7.0,13.0,0,0,4
8787726d-556c-4699-9442-0ac2b5866cd6,Split,17.0,5.0,17.0,16.0,Ascendant,2.0,239.762,2.0,2.0,0.0,8.0,13.0,0,0,4
e73659f5-2f06-4127-8386-86e4f4288bb8,Fracture,18.0,7.0,24.0,19.0,Ascendant,2.0,195.5,5.0,10.0,0.0,14.0,16.0,1,1,3
02b3e933-36a4-4ee0-9e16-26b1d95fc021,Pearl,14.0,3.0,14.0,11.0,Ascendant,2.0,190.05,2.0,4.0,1.0,13.0,7.0,1,1,3
7db6f771-4c22-45a4-9d51-c2f753dd0a0c,Breeze,16.0,4.0,16.0,15.0,Ascendant,2.0,201.417,4.0,2.0,2.0,13.0,11.0,1,1,3
352a6a18-fec7-4980-93cc-ff894fbb7dbd,Split,16.0,0.0,16.0,13.0,Ascendant,2.0,234.55,1.0,6.0,0.0,7.0,13.0,1,1,3
fdec3aee-1ca1-4567-b0fc-30c778cbacdf,Haven,15.0,2.0,13.0,14.0,Ascendant,2.0,241.222,3.0,3.0,1.0,13.0,5.0,0,1,3
92f5b94b-47b0-4e92-9a48-8b73c6cb3ce7,Pearl,13.0,5.0,19.0,8.0,Ascendant,2.0,157.042,2.0,4.0,0.0,11.0,13.0,0,0,4
153dee31-e575-4f7f-98a7-5c3abddc5615,Split,18.0,4.0,17.0,12.0,Ascendant,2.0,277.895,5.0,3.0,1.0,13.0,6.0,0,0,4
f8065938-e7b2-46c5-b9de-48b148d56093,Lotus,17.0,1.0,14.0,15.0,Ascendant,2.0,280.833,1.0,3.0,2.0,13.0,5.0,1,0,4
9e2e6bf1-3430-4902-bfbd-0e887185cb00,Haven,25.0,4.0,15.0,21.0,Ascendant,2.0,315.591,1.0,0.0,3.0,13.0,9.0,1,0,4
99ec6cf0-4e7f-4f86-a78e-55b518f3b2be,Breeze,9.0,2.0,14.0,7.0,Ascendant,2.0,203.286,2.0,2.0,0.0,1.0,13.0,1,0,4
54312c0d-903b-4cfe-bee0-4e7e623ffa5a,Ascent,15.0,8.0,18.0,13.0,Ascendant,2.0,231.167,2.0,1.0,0.0,5.0,13.0,0,0,4
54e707ca-8d95-416b-895d-a1a8b73ed9a6,Ascent,8.0,2.0,18.0,7.0,Ascendant,2.0,138.95,5.0,5.0,0.0,7.0,13.0,1,0,4
aeb03ad3-a631-43fb-b370-53689bb55b6c,Lotus,17.0,6.0,18.0,12.0,Ascendant,2.0,249.8,2.0,5.0,1.0,13.0,7.0,1,0,4
41b04834-ea45-4cce-962c-0b8bc1903f08,Summit,15.0,17.0,23.0,7.0,Bronze,1.0,147.071,1.0,3.0,0.0,14.0,14.0,0,0,4
174fd26e-12e8-4a0e-9d24-390ef8e64a4b,Sunset,15.0,8.0,15.0,10.0,Iron,3.0,204.292,0.0,1.0,1.0,13.0,11.0,1,0,4
1200e515-71c1-4606-a521-18536a19a78c,Breeze,12.0,9.0,14.0,10.0,Iron,3.0,181.05,2.0,2.0,2.0,13.0,7.0,0,2,2
cdaa1e3d-4f2b-4826-a979-f12029453c15,Ascent,14.0,3.0,20.0,8.0,Iron,3.0,134.321,1.0,1.0,2.0,14.0,14.0,1,2,2
4e57736f-3968-4f68-ba08-be7f96fae8a8,Sunset,14.0,6.0,15.0,10.0,Bronze,1.0,210.632,1.0,0.0,1.0,13.0,6.0,0,0,4
18d62a23-6052-4e2e-ac22-8b11e07337bc,Split,16.0,10.0,13.0,7.0,Bronze,1.0,218.087,4.0,3.0,1.0,13.0,10.0,0,2,2
5938b24c-9ab9-4238-9842-b645b2837c00,Breeze,15.0,1.0,7.0,9.0,Bronze,1.0,250.267,3.0,3.0,2.0,13.0,2.0,0,2,2
9337c122-2132-4761-990b-5e05bc49446f,Lotus,7.0,1.0,15.0,5.0,Bronze,1.0,119.167,1.0,2.0,0.0,5.0,13.0,0,2,2
644f118a-5385-47ec-8f0f-f24a00b55ed4,Ascent,8.0,2.0,6.0,5.0,Bronze,2.0,126.733,0.0,0.0,1.0,10.0,2.0,0,1,3
79d56d2f-8b2b-4877-8cf5-d2145c6cb490,Haven,9.0,6.0,12.0,5.0,Bronze,1.0,115.789,0.0,1.0,2.0,13.0,6.0,0,1,3
f1234974-fb25-4404-9dd5-7b73d544110d,Ascent,10.0,5.0,16.0,7.0,Bronze,2.0,184.412,2.0,1.0,0.0,4.0,13.0,1,1,3
5a41ac82-938c-49f8-94c8-783f4462297f,Breeze,2.0,1.0,14.0,3.0,Bronze,2.0,70.143,0.0,1.0,0.0,1.0,13.0,0,1,3
7cc3cd87-eb78-4ec1-8ed6-29d837d465af,Haven,12.0,9.0,18.0,3.0,Bronze,2.0,142.375,1.0,1.0,1.0,13.0,11.0,0,1,3
9c951266-8c41-49c8-92d4-882f1a11326c,Breeze,8.0,3.0,14.0,4.0,Bronze,2.0,185.812,0.0,2.0,0.0,3.0,13.0,0,0,4
5003b94c-71cb-4404-8bc1-a7387ae85ba0,Breeze,9.0,3.0,18.0,7.0,Bronze,2.0,125.636,1.0,4.0,1.0,13.0,9.0,0,2,2
3aae6269-db19-4a3a-b9a9-7180ff5e8d74,Ascent,11.0,3.0,18.0,7.0,Bronze,2.0,115.917,0.0,3.0,2.0,13.0,11.0,0,2,2
5a9293de-e4b0-48a7-b10e-9012c9a615cd,Split,9.0,7.0,12.0,8.0,Bronze,1.0,170.105,1.0,3.0,3.0,13.0,6.0,0,2,2
8d82536b-9bd4-4217-a092-5a9ec325e76e,Summit,10.0,2.0,17.0,3.0,Bronze,2.0,102.167,0.0,1.0,1.0,13.0,11.0,1,1,3
7470e63b-ecb5-4e15-a7d9-052df809caa1,Summit,4.0,3.0,15.0,1.0,Bronze,2.0,88.833,1.0,2.0,0.0,5.0,13.0,1,2,2
b97c383a-8ccf-4395-86ab-efad34d3e0c3,Sunset,12.0,3.0,21.0,10.0,Bronze,2.0,154.87,3.0,1.0,0.0,10.0,13.0,0,1,3
a6e9cd39-b35f-48ca-ab1b-217214e35fff,Haven,20.0,3.0,11.0,16.0,Bronze,2.0,285.158,4.0,2.0,1.0,13.0,6.0,1,1,3
41a478a6-7346-4c1f-9897-f1a83f13d211,Lotus,10.0,9.0,16.0,11.0,Bronze,2.0,209.053,2.0,4.0,0.0,6.0,13.0,0,1,3
2c55e1ab-f6bc-4977-b922-8ea328c17b4b,Fracture,12.0,6.0,15.0,9.0,Platinum,3.0,170.591,1.0,0.0,0.0,9.0,13.0,0,2,2
09004179-5baf-474e-95b3-f2e91d438ead,Breeze,12.0,6.0,12.0,9.0,Platinum,3.0,184.611,2.0,0.0,1.0,13.0,5.0,0,1,3
4d8036cc-3edc-4d83-8e4b-7afd8dba6f1b,Fracture,3.0,3.0,13.0,1.0,Platinum,3.0,86.385,0.0,4.0,0.0,0.0,13.0,0,1,3
138f4118-a314-4096-a3b4-373b76c74fb6,Pearl,13.0,11.0,23.0,10.0,Platinum,3.0,178.538,1.0,5.0,1.0,14.0,12.0,1,2,2
6c7a27ac-99f6-4e79-baa6-a7f29d69c6cb,Pearl,12.0,2.0,7.0,13.0,Platinum,3.0,204.2,2.0,1.0,2.0,13.0,2.0,0,1,3
d6eba345-8b95-4249-8ef3-210bab1f7b6f,Lotus,24.0,8.0,13.0,14.0,Platinum,3.0,264.13,0.0,0.0,1.0,13.0,10.0,1,1,3
0eaaf809-4f36-4de2-8cf2-12ce30d89d9f,Split,15.0,6.0,16.0,11.0,Platinum,3.0,224.25,3.0,0.0,0.0,7.0,13.0,1,1,3
d2d697c8-d081-4735-8f48-3bd8e73ca91f,Haven,26.0,8.0,18.0,12.0,Platinum,3.0,334.542,5.0,4.0,0.0,11.0,13.0,0,2,2
5df0dd2f-0673-4647-90e2-26ef1af2eb26,Pearl,14.0,4.0,4.0,10.0,Platinum,3.0,225.312,1.0,0.0,1.0,13.0,3.0,0,2,2
1e996545-90a9-4724-9d33-4da81fb38daa,Pearl,15.0,4.0,16.0,10.0,Platinum,3.0,189.524,0.0,3.0,0.0,8.0,13.0,1,0,4
655a7edc-00fb-4898-97ac-444a8d91a4b0,Ascent,14.0,5.0,13.0,11.0,Platinum,3.0,200.6,1.0,3.0,0.0,7.0,13.0,1,0,4
da719d21-9b60-476e-a83e-f8d8566496c9,Ascent,17.0,6.0,14.0,15.0,Platinum,3.0,215.783,2.0,3.0,1.0,13.0,10.0,1,0,4
6dff9105-1176-4df2-9950-e849c4e99f36,Ascent,15.0,5.0,15.0,8.0,Platinum,3.0,183.304,1.0,4.0,0.0,10.0,13.0,0,3,1
ddd8713c-8075-4cb5-b5df-6c089c98e418,Split,18.0,6.0,21.0,13.0,Platinum,3.0,202.167,4.0,6.0,0.0,14.0,16.0,0,3,1
b68ff50f-5533-4e42-be02-a6782fa22252,Pearl,24.0,15.0,13.0,23.0,Platinum,3.0,340.591,6.0,0.0,1.0,13.0,9.0,0,3,1
f804a62a-b318-415c-bf2e-8b97f716c5d7,Ascent,22.0,3.0,17.0,12.0,Platinum,3.0,224.542,2.0,2.0,0.0,11.0,13.0,0,1,3
4035d6c8-f585-4646-a1b5-e75f5432c12c,Lotus,15.0,7.0,20.0,15.0,Platinum,3.0,162.192,1.0,0.0,1.0,14.0,12.0,1,1,3
12060635-b6a8-4c36-a09c-4381fc4caa13,Haven,14.0,5.0,18.0,7.0,Platinum,3.0,150.308,2.0,3.0,0.0,12.0,14.0,0,1,3
62b265c1-b62e-4c3b-ab83-7abef4c21289,Split,9.0,10.0,2.0,7.0,Platinum,3.0,166.462,0.0,0.0,1.0,13.0,0.0,0,1,3
620dc231-61c5-42fa-a9be-f471ffe87cb2,Pearl,10.0,9.0,10.0,6.0,Platinum,2.0,164.053,2.0,1.0,2.0,13.0,6.0,1,1,3
9ef96f6c-be10-4048-9f87-7a6cebdbeec7,Split,21.0,8.0,19.0,8.0,Platinum,3.0,184.767,0.0,2.0,0.0,14.0,16.0,0,1,3
ed800906-2e92-492d-993e-5e61830eed64,Breeze,22.0,6.0,21.0,12.0,Platinum,3.0,232.214,1.0,4.0,0.0,14.0,14.0,1,1,3
96729978-d878-490b-a840-7ba14f1366b1,Fracture,1.0,2.0,5.0,1.0,Platinum,3.0,40.846,0.0,1.0,0.0,0.0,5.0,0,1,3
f81841a7-01d8-45eb-81fc-edc5c2607a22,Pearl,17.0,5.0,11.0,14.0,Platinum,3.0,246.0,2.0,0.0,1.0,13.0,6.0,0,1,3
ee91e2de-32b2-4862-a3ba-551df2806247,Split,21.0,8.0,14.0,10.0,Platinum,2.0,254.083,0.0,2.0,1.0,13.0,11.0,0,1,3
bc49d6a0-bc6a-4d4c-8145-bde0ad4671d4,Fracture,12.0,7.0,15.0,7.0,Platinum,3.0,203.5,4.0,1.0,0.0,5.0,13.0,0,1,3
223f8291-401f-4792-a0c2-769b5c8cbaa9,Ascent,17.0,2.0,19.0,14.0,Platinum,3.0,172.536,1.0,1.0,1.0,15.0,13.0,0,1,3
596ada9f-c8b1-408d-ac28-90af5f210bdd,Haven,22.0,4.0,21.0,17.0,Platinum,3.0,236.0,3.0,1.0,0.0,12.0,14.0,0,1,3
15284535-4403-466e-8973-2b373d1c35e1,Breeze,21.0,4.0,13.0,17.0,Platinum,3.0,274.762,2.0,0.0,1.0,13.0,8.0,1,1,3
417fd860-c7d3-48a2-8bc5-1489debc9aa6,Haven,16.0,7.0,12.0,10.0,Platinum,3.0,191.636,0.0,0.0,2.0,13.0,9.0,0,1,3
188c13b7-ed9e-485e-99fa-2ea7a67ab9cf,Fracture,15.0,9.0,14.0,16.0,Platinum,3.0,186.167,1.0,0.0,1.0,13.0,11.0,0,1,3
7bdecbfa-0ea6-48f3-a5eb-fd86ab7c9d75,Split,15.0,7.0,10.0,12.0,Platinum,3.0,201.095,1.0,1.0,2.0,13.0,8.0,0,1,3
e42984d4-6f0b-430a-ba66-bc78ddd07739,Fracture,12.0,5.0,11.0,7.0,Platinum,3.0,172.316,0.0,0.0,3.0,13.0,6.0,0,1,3
4597707c-6038-4926-9f16-87e95b5ff447,Lotus,23.0,8.0,19.0,16.0,Platinum,3.0,207.733,1.0,4.0,0.0,15.0,15.0,1,1,3
7b5c610a-5d2c-4950-a513-fd6f6a0f365b,Lotus,10.0,5.0,12.0,5.0,Platinum,3.0,157.778,0.0,2.0,1.0,13.0,5.0,1,1,3
755ebbab-8e79-4f48-807f-9faa983c5e7e,Haven,15.0,6.0,19.0,9.0,Platinum,3.0,156.357,2.0,2.0,1.0,15.0,13.0,1,1,3
6111bbc3-62dd-46d9-93da-7f12ed4a62de,Breeze,9.0,5.0,17.0,7.0,Platinum,3.0,140.957,1.0,2.0,0.0,10.0,13.0,0,1,3
53ba45ed-3601-4ee0-ac51-bda1d84910a3,Ascent,18.0,2.0,12.0,10.0,Platinum,3.0,214.45,1.0,0.0,1.0,13.0,7.0,0,1,3
2a9e3a5b-0bbc-40fd-99f4-156022767559,Fracture,20.0,9.0,18.0,13.0,Platinum,3.0,265.545,1.0,1.0,0.0,9.0,13.0,0,1,3
49945f93-4c31-4165-bedb-bdf600e47930,Haven,12.0,13.0,20.0,10.0,Diamond,1.0,170.083,2.0,3.0,0.0,11.0,13.0,1,1,3
b46dde6d-5c44-4d28-8758-a396ed732538,Pearl,22.0,3.0,12.0,6.0,Diamond,1.0,324.222,5.0,2.0,1.0,13.0,5.0,0,1,3
b18c189c-f7d3-4f3f-8e37-e070857fa154,Lotus,13.0,9.0,11.0,11.0,Diamond,1.0,182.524,2.0,1.0,2.0,13.0,8.0,1,1,3
89cc53ba-5479-4664-8f98-683e1e897c81,Breeze,18.0,10.0,11.0,15.0,Diamond,1.0,209.957,0.0,1.0,3.0,13.0,10.0,0,1,3
e4817069-70c8-47db-a960-6deaffb4c2f7,Haven,7.0,6.0,10.0,7.0,Platinum,3.0,113.167,0.0,0.0,4.0,13.0,5.0,1,1,3
b4a95442-91ed-4281-b17c-65504ac2d8dc,Breeze,6.0,1.0,7.0,4.0,Unrated,,106.333,0.0,0.0,0.0,2.0,6.0,0,1,3
7d6f66fe-451a-4003-a6f0-1827046362e3,Summit,13.0,2.0,11.0,10.0,Unrated,,176.15,1.0,0.0,0.0,7.0,13.0,0,1,3
528e0434-01f8-4129-bbbe-6f00f55c7822,Lotus,7.0,3.0,10.0,5.0,Unrated,,137.0,0.0,0.0,0.0,3.0,9.0,0,1,3
b5fb67de-b1a3-4e12-bdb1-97a9b4943cef,Ascent,18.0,11.0,12.0,13.0,Unrated,,226.045,1.0,2.0,1.0,13.0,9.0,1,1,3
ab8fb01d-d149-400e-bcb7-b2e25c8ee7fd,Ascent,16.0,8.0,13.0,8.0,Diamond,3.0,253.95,2.0,0.0,1.0,13.0,7.0,0,0,4
3ece756e-0406-4a6d-bc00-33c3e1289224,Ascent,18.0,19.0,25.0,12.0,Diamond,3.0,203.767,2.0,2.0,1.0,15.0,15.0,1,2,2
9b9dbede-46d2-42ae-8067-0db1eeb719b6,Breeze,16.0,8.0,18.0,13.0,Diamond,3.0,184.308,2.0,1.0,0.0,12.0,14.0,1,0,4
ac04103b-cf07-4d83-93f7-e0bae38e60d6,Pearl,13.0,5.0,18.0,5.0,Diamond,3.0,172.409,2.0,0.0,0.0,9.0,13.0,0,1,3
90203048-f38a-400f-807d-cd01d67ce38b,Haven,10.0,2.0,14.0,5.0,Diamond,3.0,201.533,2.0,0.0,0.0,2.0,13.0,1,1,3
aa6b32a2-d34f-4db2-bf81-e8b52d790155,Breeze,9.0,6.0,11.0,5.0,Diamond,3.0,133.211,0.0,0.0,1.0,13.0,6.0,1,0,4
4db2fb03-0734-457d-8952-70cbc6bb3628,Haven,14.0,4.0,14.0,8.0,Diamond,3.0,227.667,1.0,2.0,0.0,5.0,13.0,0,0,4
efe5d470-c22f-4961-86d5-8cca570c47d1,Split,16.0,7.0,18.0,10.0,Diamond,3.0,193.417,4.0,2.0,0.0,11.0,13.0,0,0,4
a1e5c228-1d29-4d9f-9315-6d67230da22c,Fracture,18.0,5.0,15.0,11.0,Diamond,3.0,247.727,2.0,0.0,0.0,9.0,13.0,0,0,4
a32b83a1-3c8a-43a0-a8e3-88f88cf660a6,Breeze,22.0,7.0,18.0,19.0,Diamond,3.0,313.391,3.0,0.0,1.0,13.0,10.0,0,3,1
135ea325-f88e-44a2-bfd5-52d90cff3dac,Haven,21.0,10.0,17.0,14.0,Diamond,3.0,297.739,2.0,5.0,2.0,13.0,10.0,1,3,1
853d1892-e78a-45ff-809a-f7c2a5073bcc,Lotus,17.0,8.0,20.0,13.0,Diamond,3.0,224.792,6.0,5.0,0.0,11.0,13.0,0,2,2
e1c8d1ea-9056-4f37-8642-c48005f89d6a,Haven,18.0,2.0,18.0,17.0,Diamond,3.0,258.65,3.0,1.0,0.0,7.0,13.0,0,2,2
6daec91e-e4b1-488c-b15b-ec542f274dc4,Fracture,21.0,7.0,17.0,15.0,Diamond,3.0,273.417,3.0,2.0,1.0,13.0,11.0,0,0,4
a43296e5-dc21-4dcf-b9dd-a887326b81dd,Fracture,17.0,3.0,15.0,12.0,Diamond,3.0,230.15,4.0,1.0,1.0,13.0,7.0,0,0,4
c629ac51-7a73-4d8f-a5b5-373b41cfa7f8,Split,19.0,4.0,15.0,9.0,Diamond,3.0,334.611,1.0,1.0,0.0,5.0,13.0,0,0,4
c2b4f463-6470-496d-afaf-e250e344fbde,Fracture,7.0,4.0,7.0,4.0,Diamond,3.0,135.714,1.0,1.0,1.0,13.0,1.0,0,0,4
da99c5ce-7030-40e6-b1ec-967b4198f850,Breeze,19.0,8.0,14.0,13.0,Unrated,,244.87,1.0,1.0,1.0,13.0,10.0,1,0,4
6d30b567-4e68-4ccd-b593-7631a5fc1a90,Haven,7.0,3.0,14.0,10.0,Unrated,,189.333,1.0,2.0,0.0,2.0,13.0,1,0,4
346c4b5d-327d-405d-bcf2-eef6a8e5424b,Ascent,22.0,7.0,12.0,11.0,Unrated,,297.368,1.0,0.0,1.0,13.0,6.0,1,0,4
0c6d4e8b-ef42-480f-bfca-634b2cfb3c64,Breeze,11.0,1.0,13.0,9.0,Unrated,,150.7,1.0,2.0,0.0,7.0,13.0,1,0,4
0e4c08ab-4ce1-4cda-a5e8-6ac1527d10ed,Split,16.0,9.0,18.0,16.0,Diamond,3.0,201.042,5.0,3.0,0.0,11.0,13.0,0,0,4
6a6e62d0-1be5-4b3e-8665-b06886db8e67,Breeze,21.0,4.0,14.0,12.0,Diamond,1.0,316.4,4.0,2.0,0.0,7.0,13.0,1,1,3
4df34ce6-3fd5-476f-83a3-6a0c5761d246,Sunset,13.0,6.0,12.0,4.0,Platinum,3.0,193.737,2.0,1.0,1.0,13.0,6.0,0,2,2
c64e57e8-94c1-48c0-a184-1f4643267659,Summit,14.0,4.0,14.0,8.0,Platinum,3.0,178.286,1.0,2.0,2.0,13.0,8.0,1,2,2
6524a3f0-781f-4b0a-aae6-461bedfb22b1,Haven,12.0,3.0,21.0,12.0,Platinum,3.0,183.5,1.0,3.0,0.0,9.0,13.0,0,2,2
2daf3fe2-ce8f-4743-9655-d8286d37a181,Lotus,9.0,4.0,17.0,9.0,Platinum,3.0,163.056,2.0,4.0,0.0,5.0,13.0,0,2,2
22467654-460a-4127-a529-d065c9a04386,Summit,19.0,12.0,16.0,17.0,Diamond,1.0,263.818,2.0,0.0,0.0,9.0,13.0,0,0,4
2bf91a0f-0eba-413f-a01c-2639b77e9126,Breeze,10.0,6.0,20.0,9.0,Diamond,1.0,153.909,0.0,0.0,0.0,9.0,13.0,0,0,4
4f597f34-3870-46b5-a741-e7af786db637,Haven,18.0,5.0,17.0,9.0,Diamond,1.0,215.792,0.0,1.0,0.0,11.0,13.0,0,0,4
a7868810-bbb2-4a66-98ab-7927278ef60e,Haven,15.0,14.0,13.0,6.0,Platinum,3.0,248.4,2.0,1.0,1.0,13.0,7.0,0,0,4
437617f5-dfe3-49cf-b8bc-5699ee3dc026,Split,13.0,6.0,18.0,10.0,Diamond,1.0,217.368,1.0,0.0,0.0,6.0,13.0,0,1,3
27791d27-b922-443b-a876-dae8b767a3bd,Ascent,18.0,2.0,8.0,11.0,Diamond,1.0,278.412,6.0,0.0,1.0,13.0,4.0,1,1,3
5d8de604-f710-42a2-ace5-6fe32f492eea,Split,10.0,9.0,18.0,7.0,Diamond,1.0,164.087,1.0,3.0,0.0,10.0,13.0,0,1,3
69554ecd-7f48-4bf0-8c05-4988b8c55a7a,Lotus,23.0,6.0,17.0,16.0,Diamond,1.0,292.174,2.0,2.0,0.0,10.0,13.0,0,1,3
3340d38b-510f-4edc-aaab-ddadf4f91e7d,Sunset,15.0,5.0,11.0,6.0,Diamond,1.0,205.053,1.0,2.0,1.0,13.0,6.0,1,1,3
621407dc-50d0-4809-a00c-4a3ebb77d455,Haven,14.0,5.0,15.0,12.0,Diamond,1.0,164.654,1.0,0.0,1.0,14.0,12.0,0,0,4
59350fab-0109-4dce-b383-256671b010cd,Summit,8.0,8.0,13.0,2.0,Diamond,1.0,119.05,1.0,3.0,0.0,7.0,13.0,0,0,4
bc1a7e29-1482-4110-a849-50a7f85f2924,Ascent,20.0,9.0,15.0,17.0,Diamond,1.0,275.286,0.0,1.0,0.0,8.0,13.0,0,0,4
8affd09f-4e88-40aa-8cf5-4e2d8d0687d9,Breeze,20.0,5.0,12.0,12.0,Diamond,1.0,282.952,1.0,1.0,1.0,13.0,8.0,1,0,4
fbc3e33e-bb1c-47e1-b86c-f1667aa0355f,Haven,12.0,10.0,15.0,11.0,Diamond,1.0,192.273,0.0,0.0,0.0,9.0,13.0,0,0,4
a96dd442-4e82-46e5-89e4-0bcbe0f50684,Lotus,18.0,8.0,10.0,12.0,Diamond,1.0,267.25,1.0,2.0,1.0,13.0,7.0,1,0,4
c2ba4fba-09b4-40b3-afab-97e92c377f4b,Lotus,11.0,4.0,10.0,3.0,Diamond,1.0,147.7,2.0,1.0,1.0,13.0,7.0,0,2,2
2b0b910f-91a6-4c1f-aaae-bf261cd06502,Sunset,17.0,2.0,18.0,12.0,Diamond,1.0,238.909,5.0,1.0,0.0,9.0,13.0,0,2,2
1f85d6e4-8bc4-49be-910b-afb5460eb0e3,Ascent,17.0,6.0,15.0,12.0,Diamond,1.0,210.208,1.0,3.0,0.0,11.0,13.0,1,2,2
934c78a5-d507-44a6-b7a6-7ecbbabc4abd,Breeze,19.0,24.0,25.0,11.0,Diamond,1.0,183.471,1.0,3.0,0.0,16.0,18.0,0,2,2
3233ed00-41dd-42dd-90db-2a76d5e21931,Split,18.0,2.0,14.0,16.0,Diamond,1.0,246.789,0.0,1.0,0.0,6.0,13.0,0,0,4
dc1a0632-47bc-47d4-b1b5-2c14140de1b6,Split,11.0,4.0,9.0,6.0,Diamond,1.0,198.75,1.0,0.0,1.0,13.0,3.0,0,0,4
6277dbeb-31a5-42bf-ba93-2d77c098d628,Breeze,11.0,5.0,19.0,6.0,Diamond,1.0,177.429,3.0,3.0,0.0,8.0,13.0,1,1,3
5cffd4e0-098c-4a9d-826d-346791abdf9a,Breeze,19.0,0.0,7.0,15.0,Ascendant,3.0,275.824,0.0,1.0,1.0,13.0,4.0,1,1,3
07a0abb0-ec09-4e5a-b4de-ce90cfd1c831,Pearl,13.0,6.0,18.0,12.0,Ascendant,3.0,162.038,0.0,0.0,0.0,12.0,14.0,0,2,2
70279999-6745-4eaf-8a8a-d070e8dcf49c,Breeze,10.0,4.0,10.0,8.0,Ascendant,3.0,170.588,1.0,0.0,1.0,13.0,4.0,0,0,4
0cc82d00-b76f-4c19-8e18-ca73ce24582f,Ascent,15.0,8.0,15.0,13.0,Ascendant,3.0,225.286,1.0,1.0,0.0,8.0,13.0,0,0,4
4ccb2729-1c3c-4366-beb5-857623bdd9bb,Lotus,22.0,17.0,12.0,22.0,Ascendant,3.0,298.286,1.0,0.0,1.0,13.0,8.0,0,0,4
5d4e4188-b610-4d2e-8700-dcb301447714,Lotus,9.0,9.0,13.0,6.0,Ascendant,3.0,143.667,0.0,2.0,0.0,5.0,13.0,0,0,4
63569cff-4c4e-4b1b-a64a-bfc9478c395a,Haven,16.0,1.0,15.0,11.0,Ascendant,3.0,187.348,1.0,3.0,1.0,13.0,10.0,1,0,4
bc891482-1682-4659-a686-fda2a77121e0,Haven,18.0,1.0,17.0,14.0,Ascendant,3.0,265.15,2.0,2.0,0.0,7.0,13.0,1,0,4
f98b441c-0a8b-4b14-80df-6d5b92626e9a,Breeze,25.0,9.0,16.0,19.0,Ascendant,3.0,288.708,1.0,1.0,0.0,11.0,13.0,0,0,4
08f5f5dd-bb3f-4dbe-8d3d-977ba0adff3a,Lotus,16.0,3.0,13.0,14.0,Ascendant,3.0,246.389,6.0,1.0,1.0,13.0,5.0,1,0,4
2a748ea6-3d90-48d3-ae78-d00389b9538e,Split,13.0,11.0,13.0,7.0,Ascendant,3.0,140.375,1.0,1.0,2.0,13.0,11.0,0,0,4
8f1b5e0d-d47b-49f7-90f2-338c09af265b,Fracture,20.0,4.0,18.0,17.0,Ascendant,3.0,227.75,1.0,0.0,0.0,11.0,13.0,1,1,3
e4f23d53-2376-416d-bf7c-8ce488908b9a,Ascent,15.0,6.0,14.0,8.0,Ascendant,3.0,175.261,1.0,1.0,0.0,10.0,13.0,0,1,3
e7d9fbdd-e1dd-430a-8d82-628c2ab93805,Split,11.0,7.0,12.0,7.0,Ascendant,3.0,144.556,2.0,0.0,1.0,13.0,5.0,0,1,3
95c87d1a-9f2d-4046-af10-e4ee5ec62910,Fracture,12.0,2.0,17.0,9.0,Ascendant,3.0,145.826,3.0,4.0,2.0,13.0,10.0,1,1,3
f260cea6-bc76-4283-96d3-48ee259a6f0c,Haven,12.0,1.0,8.0,6.0,Ascendant,3.0,199.938,2.0,0.0,3.0,13.0,3.0,1,1,3
a1743e10-e583-43ed-9313-2b227208bd0e,Ascent,17.0,3.0,15.0,17.0,Ascendant,2.0,211.136,3.0,4.0,1.0,13.0,9.0,1,1,3
01f5f6c2-be68-4d7a-8a8d-809c7c3a8cd7,Fracture,22.0,7.0,15.0,16.0,Ascendant,2.0,296.364,3.0,1.0,0.0,9.0,13.0,0,0,4
d401c79b-ce10-4546-bfdc-f2328069d39a,Split,12.0,5.0,18.0,7.0,Ascendant,2.0,194.3,3.0,2.0,0.0,7.0,13.0,1,0,4
f6c77222-3a97-4d18-a4de-2b8e65bc8233,Split,23.0,2.0,19.0,20.0,Ascendant,3.0,287.304,6.0,1.0,0.0,10.0,13.0,1,1,3
6617961c-69b6-473f-8478-025bc4535245,Fracture,18.0,7.0,19.0,15.0,Ascendant,2.0,205.391,1.0,1.0,0.0,10.0,13.0,1,0,4
2d0a42c5-aeeb-4105-bdda-9bd8e862f722,Breeze,14.0,6.0,17.0,13.0,Ascendant,2.0,162.591,0.0,3.0,0.0,9.0,13.0,1,0,4
a7f8cd2d-60a3-4157-8bf4-cf8f444c5dfb,Ascent,15.0,3.0,14.0,9.0,Ascendant,2.0,243.444,1.0,1.0,0.0,5.0,13.0,0,1,3
f1b2cbdd-f68c-49d7-b5ef-75daefbf0612,Breeze,13.0,0.0,17.0,10.0,Ascendant,2.0,164.35,3.0,2.0,0.0,7.0,13.0,0,1,3
320a090c-cd3f-4941-ad97-f17ad9cc8eb7,Fracture,24.0,1.0,15.0,17.0,Ascendant,2.0,274.917,3.0,2.0,1.0,13.0,11.0,0,1,3
4b09eae0-eed3-4743-8e3f-1a5c66622ebf,Ascent,4.0,6.0,20.0,3.0,Ascendant,2.0,79.304,1.0,0.0,0.0,10.0,13.0,0,0,4
76db7ff9-2427-46ae-bb32-981119d52e87,Fracture,15.0,12.0,19.0,11.0,Ascendant,2.0,200.958,2.0,1.0,0.0,11.0,13.0,1,0,4
51b3dff7-fd81-4cdd-bcf8-3a28ada557ab,Lotus,24.0,7.0,18.0,20.0,Ascendant,2.0,265.962,1.0,0.0,1.0,14.0,12.0,0,0,4
72d48ea6-799e-498d-8bce-c439ac8defac,Pearl,13.0,8.0,18.0,13.0,Ascendant,1.0,196.952,1.0,3.0,1.0,13.0,8.0,0,0,4
8f3a8aeb-793d-4d51-af40-ea6673c93146,Ascent,20.0,3.0,17.0,16.0,Ascendant,1.0,225.375,2.0,5.0,2.0,13.0,11.0,0,0,4
6256c689-c758-43b0-8584-aa9d6745258e,Pearl,24.0,11.0,17.0,18.0,Ascendant,1.0,195.833,0.0,0.0,2.0,15.0,15.0,0,0,4
3940fbc8-3354-4b92-a7db-06bb25a2d0bc,Split,4.0,8.0,16.0,3.0,Ascendant,2.0,69.105,0.0,1.0,0.0,6.0,13.0,0,0,4
4f8c6a1f-964e-48dd-888a-aedd7b71f66b,Pearl,13.0,10.0,15.0,10.0,Ascendant,2.0,147.577,1.0,0.0,1.0,14.0,12.0,0,0,4
df4d8ce6-3215-4710-a1b8-4a5586e9c723,Split,16.0,4.0,15.0,11.0,Ascendant,2.0,199.542,2.0,2.0,2.0,13.0,11.0,0,0,4
78c0d7ef-15c4-4cef-8679-b78942eafd3b,Fracture,6.0,2.0,13.0,4.0,Ascendant,2.0,117.765,1.0,5.0,3.0,13.0,4.0,1,0,4
4db26c77-bb23-4828-b2a7-01c409e80294,Ascent,16.0,4.0,13.0,16.0,Unrated,,275.889,2.0,0.0,1.0,13.0,5.0,1,0,4
62c704fb-e523-4982-8174-f002811b0d33,Ascent,11.0,3.0,13.0,9.0,Unrated,,170.5,3.0,2.0,2.0,13.0,5.0,1,0,4
e6e65071-4533-46f0-aa16-af602d49044c,Breeze,23.0,3.0,19.0,11.0,Unrated,,261.5,5.0,2.0,0.0,12.0,14.0,1,0,4
45fd9da0-3625-4690-9c26-1d71bd649a76,Haven,24.0,2.0,18.0,13.0,Unrated,,271.0,5.0,3.0,1.0,13.0,11.0,1,0,4
835e4af8-4bd1-4d98-b4dc-a700b015ed73,Breeze,26.0,2.0,16.0,11.0,Unrated,,249.154,1.0,4.0,2.0,14.0,12.0,1,0,4
785457dd-7778-41b2-b53f-e1e277bc1eab,Sunset,20.0,2.0,17.0,16.0,Diamond,3.0,224.87,4.0,2.0,1.0,13.0,10.0,1,0,4
84e884ec-270d-4d98-a81c-27b5074d1c3c,Haven,21.0,2.0,10.0,17.0,Diamond,3.0,283.895,5.0,0.0,2.0,13.0,6.0,0,0,4
da4f83e4-1320-40b2-ab03-7a865e6f3d14,Breeze,16.0,2.0,18.0,10.0,Ascendant,1.0,181.773,2.0,4.0,0.0,9.0,13.0,1,0,4
0a53ab07-be0e-4d0a-a9af-e6dd42f96232,Summit,18.0,3.0,11.0,6.0,Diamond,3.0,296.176,3.0,1.0,1.0,13.0,4.0,1,0,4
e316f26c-bd1e-48a0-8774-bdecec4dddba,Lotus,10.0,2.0,13.0,6.0,Ascendant,1.0,137.222,1.0,2.0,0.0,5.0,13.0,1,0,4
f9ae3fc8-2ca4-420f-8105-d6fe48503940,Haven,22.0,8.0,17.0,15.0,Ascendant,1.0,228.385,1.0,1.0,1.0,14.0,12.0,0,0,4
ef9d503c-4f75-4741-bf15-e7f240406c36,Breeze,13.0,1.0,14.0,6.0,Ascendant,1.0,175.4,0.0,2.0,0.0,7.0,13.0,1,0,4
c444f67b-8bce-4516-903d-b28b125d8822,Haven,19.0,2.0,18.0,13.0,Ascendant,1.0,201.333,0.0,3.0,1.0,13.0,11.0,1,0,4
f5321374-8937-442c-ab5d-4e0957c6e911,Sunset,14.0,8.0,15.0,9.0,Ascendant,1.0,175.0,1.0,1.0,0.0,9.0,13.0,0,0,4
d6f32976-0424-444e-a17d-cdec9cc84c88,Summit,9.0,1.0,15.0,9.0,Ascendant,1.0,153.353,3.0,1.0,0.0,4.0,13.0,1,0,4
888444a9-0d63-411a-9f7c-e47a5bd741c7,Ascent,15.0,12.0,18.0,12.0,Ascendant,1.0,152.964,2.0,1.0,0.0,14.0,14.0,1,0,4
70aa50a7-493f-4d6c-85b3-1ce76da9107c,Sunset,13.0,5.0,18.0,11.0,Ascendant,1.0,159.875,2.0,1.0,0.0,11.0,13.0,0,0,4
8d5161a0-fbd8-499a-a5e3-7dddd7c8834d,Haven,9.0,2.0,17.0,9.0,Ascendant,1.0,128.579,0.0,2.0,0.0,6.0,13.0,0,0,4
56eff8e6-82f7-4643-a7e3-da645cd786e1,Lotus,21.0,4.0,16.0,13.0,Ascendant,1.0,241.783,4.0,2.0,1.0,13.0,10.0,1,0,4
599d97ff-97dc-473e-b168-530b2397f254,Split,20.0,8.0,16.0,18.0,Ascendant,1.0,264.727,6.0,4.0,1.0,13.0,9.0,1,0,4
619096aa-2f43-42c8-a6c1-36c196427eb0,Breeze,11.0,3.0,15.0,10.0,Ascendant,1.0,162.5,1.0,1.0,0.0,7.0,13.0,0,1,3
9655f06a-dfb4-445e-8a99-04571902721e,Haven,14.0,3.0,12.0,12.0,Ascendant,1.0,206.056,1.0,1.0,1.0,13.0,5.0,0,1,3
1f4e455b-5015-41b6-991a-4d0de960f725,Sunset,15.0,4.0,19.0,14.0,Ascendant,1.0,198.696,0.0,4.0,2.0,13.0,10.0,1,1,3
e200e252-5a6c-409f-aa7f-f7bd1c81acbf,Split,24.0,3.0,15.0,18.0,Radiant,,319.238,6.0,4.0,1.0,13.0,8.0,1,0,4
bd9b828a-14ea-4ce9-af50-4ddd1211597f,Haven,21.0,2.0,14.0,19.0,Radiant,,288.762,4.0,0.0,1.0,13.0,8.0,0,0,4
2c00c11e-859e-4788-a512-73d92dfa01a1,Pearl,17.0,4.0,13.0,14.0,Immortal,1.0,232.632,2.0,0.0,1.0,13.0,6.0,1,1,3
cc9337b0-9f85-47e0-8f00-ab921ec84234,Split,16.0,2.0,19.0,12.0,Ascendant,3.0,242.6,6.0,5.0,0.0,7.0,13.0,0,1,3
41308905-83bd-4230-b597-12d0e8d049e3,Haven,24.0,5.0,25.0,26.0,Ascendant,3.0,267.192,8.0,7.0,0.0,12.0,14.0,0,2,2
0f844291-28a0-4b79-b002-6f6e0d996128,Summit,17.0,0.0,16.0,17.0,Ascendant,3.0,208.545,1.0,4.0,0.0,9.0,13.0,0,1,3
5501288c-64a8-44d0-a9c4-4f98a2fcf0f1,Lotus,10.0,2.0,18.0,10.0,Ascendant,3.0,151.619,4.0,3.0,1.0,13.0,8.0,0,2,2
f943f21d-b51f-4784-99fc-8e4a95913d88,Sunset,32.0,2.0,24.0,27.0,Immortal,1.0,344.577,2.0,2.0,1.0,14.0,12.0,1,1,3
64c06ae6-0eff-47e2-9385-9baa0fca7357,Lotus,14.0,9.0,11.0,12.0,Immortal,1.0,267.0,2.0,1.0,2.0,13.0,2.0,0,1,3
ea6cbb18-92b7-44b1-a19d-cdc3fe22a7c8,Breeze,21.0,7.0,8.0,18.0,Ascendant,3.0,329.125,0.0,0.0,3.0,13.0,3.0,0,2,2
b32107b3-2866-493c-b350-21694b7f8407,Ascent,16.0,7.0,21.0,14.0,Ascendant,3.0,258.3,1.0,3.0,0.0,7.0,13.0,1,2,2
e09bbf59-c395-46d8-8958-8964a57223a2,Ascent,14.0,0.0,18.0,6.0,Ascendant,3.0,184.318,3.0,3.0,0.0,9.0,13.0,0,2,2
7cbfc539-cd4d-4348-ab84-f8f2e8e3337c,Breeze,14.0,3.0,9.0,11.0,Immortal,1.0,191.263,2.0,1.0,1.0,13.0,6.0,0,3,1
37c53077-75fa-45d7-ad0a-172f1d4aee4a,Haven,14.0,2.0,11.0,6.0,Immortal,1.0,217.389,7.0,2.0,2.0,13.0,5.0,0,3,1
825282f1-2e30-472b-a7bc-04d00a3d3e1f,Split,13.0,2.0,17.0,12.0,Immortal,1.0,192.421,1.0,3.0,0.0,6.0,13.0,0,1,3
b67f9298-cbfc-4d35-a923-b166ea48698f,Lotus,14.0,5.0,20.0,13.0,Immortal,2.0,245.167,5.0,1.0,0.0,5.0,13.0,1,2,2
8d8d4cd2-4ab3-484b-817a-cfb1c466f29c,Breeze,24.0,1.0,22.0,25.0,Immortal,1.0,253.923,8.0,7.0,1.0,14.0,12.0,0,3,1
deee4a74-fa60-4c04-b788-6b4621d079d4,Split,20.0,2.0,23.0,19.0,Immortal,2.0,254.87,3.0,3.0,0.0,10.0,13.0,1,1,3
afec832a-736a-4e91-b244-47093a8acd55,Split,28.0,3.0,14.0,20.0,Immortal,2.0,390.9,5.0,1.0,1.0,13.0,7.0,0,0,4
cf71297f-8f46-40e3-85c1-2ff0741b7bd9,Ascent,8.0,4.0,19.0,3.0,Immortal,2.0,117.182,4.0,7.0,0.0,9.0,13.0,0,1,3
d4dfce0d-f218-4427-9ab7-d0a829947f02,Lotus,39.0,8.0,18.0,33.0,Immortal,2.0,473.125,4.0,1.0,1.0,13.0,11.0,0,1,3
8fa3a08f-8ebd-45c3-a5e3-cae872030f14,Split,16.0,4.0,19.0,15.0,Immortal,2.0,235.6,1.0,4.0,0.0,7.0,13.0,0,1,3
c021ea7a-d277-41e3-acf7-56b0c0f3b3ea,Summit,26.0,4.0,18.0,26.0,Immortal,2.0,363.286,1.0,3.0,0.0,8.0,13.0,0,0,4
e0b175ce-3ca8-4a77-9ccf-3c86a68f0b6c,Ascent,19.0,5.0,16.0,17.0,Immortal,3.0,259.238,2.0,3.0,1.0,13.0,8.0,0,3,1
a87a41d1-2b9a-4c2a-a598-20b911204284,Ascent,16.0,2.0,18.0,12.0,Immortal,3.0,212.714,3.0,2.0,0.0,8.0,13.0,1,3,1
eb03023f-91a1-4154-b68d-5e2b3f858fac,Sunset,15.0,3.0,21.0,8.0,Immortal,3.0,190.435,5.0,7.0,0.0,10.0,13.0,0,2,2
7c765e0d-ec2b-4681-840e-a76e4c06ebfd,Split,23.0,2.0,20.0,20.0,Radiant,,333.45,8.0,5.0,0.0,7.0,13.0,1,2,2
e2b69725-fa94-4615-b15d-05a6a0cd2fa7,Lotus,18.0,7.0,11.0,19.0,Radiant,,345.312,4.0,2.0,1.0,13.0,3.0,1,2,2
b528e4ae-4b2d-4780-8d1f-3586014484db,Ascent,34.0,2.0,10.0,25.0,Immortal,3.0,516.588,3.0,0.0,2.0,13.0,4.0,1,2,2
bd11326b-991c-48f4-a471-3cd9191a23f6,Sunset,16.0,2.0,16.0,15.0,Immortal,3.0,207.143,1.0,2.0,3.0,13.0,8.0,0,1,3
8de42a4a-57ee-4e18-a72b-03bab29a4615,Breeze,14.0,0.0,15.0,11.0,Radiant,,177.1,2.0,3.0,0.0,7.0,13.0,0,0,4
8dc6b5c0-4102-478c-9231-86bcdce44eb0,Breeze,20.0,4.0,18.0,17.0,Radiant,,239.667,4.0,6.0,0.0,11.0,13.0,1,1,3
5ea79007-7c99-4dff-b9cf-ab41585cc98a,Ascent,25.0,4.0,24.0,18.0,Radiant,,289.769,6.0,9.0,1.0,14.0,12.0,1,1,3
3b6ef208-100f-4e5f-9342-a3dfc62caa99,Summit,20.0,3.0,18.0,16.0,Radiant,,295.778,7.0,2.0,2.0,13.0,5.0,0,1,3
960dee36-fb1a-4dc1-b1b0-9cb1a086dcb9,Summit,20.0,6.0,25.0,18.0,Radiant,,225.615,2.0,1.0,1.0,14.0,12.0,0,1,3
011683d7-af84-401c-8407-5b8be7238e47,Split,16.0,7.0,18.0,13.0,Radiant,,217.909,0.0,2.0,0.0,9.0,13.0,0,1,3
2be77430-2e2a-4d9d-a1c7-dc03df558284,Ascent,21.0,14.0,22.0,20.0,Radiant,,270.75,4.0,4.0,1.0,13.0,11.0,1,1,3
38f94f12-5d81-49f2-8f9d-bcce073c5d98,Haven,16.0,4.0,16.0,18.0,Radiant,,234.3,3.0,4.0,0.0,7.0,13.0,0,1,3
5056d19e-dc61-4acd-8f9e-3c3dbb1f3bae,Split,12.0,4.0,18.0,11.0,Radiant,,203.222,5.0,7.0,0.0,5.0,13.0,1,1,3
114b2515-70e3-456e-9c03-fb17133b81fd,Ascent,20.0,6.0,23.0,15.0,Radiant,,197.5,2.0,7.0,1.0,14.0,12.0,1,1,3
955cd846-9414-45e7-b39a-37db9c0872eb,Breeze,25.0,1.0,14.0,22.0,Radiant,,355.684,2.0,1.0,1.0,13.0,6.0,1,1,3
7f229612-4dc9-4c65-9488-fef78a3ad3a6,Breeze,19.0,7.0,15.0,22.0,Radiant,,302.579,4.0,1.0,2.0,13.0,6.0,1,1,3
b78e438a-7251-4cd4-b24e-6e988611567a,Lotus,16.0,2.0,23.0,13.0,Radiant,,189.25,3.0,6.0,1.0,13.0,11.0,1,0,4
d01f0ec2-d346-434d-973e-c6bb9cd9e793,Summit,16.0,5.0,14.0,4.0,Radiant,,206.591,0.0,2.0,2.0,13.0,9.0,0,0,4
6b1a8866-dee1-4794-a2bb-09a75d04d165,Haven,22.0,3.0,23.0,19.0,Radiant,,270.739,6.0,3.0,3.0,13.0,10.0,1,1,3
c236fd4e-49b4-456f-9bb4-0ffbda115bbe,Sunset,15.0,8.0,17.0,13.0,Radiant,,214.905,2.0,1.0,0.0,8.0,13.0,0,1,3
0e3cf8a6-83b4-4bef-bd11-6686d3921e10,Haven,24.0,2.0,15.0,19.0,Radiant,,275.435,2.0,3.0,1.0,13.0,10.0,0,1,3
178a7f12-a002-47a4-bcb1-355a19c46df7,Breeze,15.0,5.0,19.0,16.0,Radiant,,199.955,1.0,2.0,2.0,13.0,9.0,0,1,3
5595a3a9-26d0-4b46-8c9f-582947cd95eb,Lotus,14.0,3.0,16.0,12.0,Radiant,,195.619,1.0,5.0,3.0,13.0,8.0,0,1,3
63a2a886-3ff2-4e70-82fa-eae42f28c2a3,Split,20.0,5.0,10.0,19.0,Radiant,,272.1,1.0,1.0,4.0,13.0,7.0,0,2,2
8a91fe82-ad6b-4ac3-b57d-6dd5c6a8bca4,Sunset,18.0,5.0,20.0,18.0,Radiant,,276.0,6.0,2.0,1.0,13.0,6.0,1,1,3
49e8cbec-49eb-492f-bf25-ac3f73d2b8f1,Lotus,14.0,0.0,19.0,9.0,Radiant,,176.5,5.0,8.0,2.0,13.0,9.0,0,1,3
f228c4e1-db55-4a28-a588-cfc48de26b65,Sunset,19.0,6.0,20.0,15.0,Radiant,,259.1,2.0,4.0,3.0,13.0,7.0,1,1,3
dde3dbd5-78ec-42a4-91cd-55b83de9d104,Split,20.0,5.0,14.0,17.0,Radiant,,231.826,0.0,3.0,0.0,10.0,13.0,0,1,3
1c5fb050-1bfd-4743-a828-8400e4e3372c,Lotus,15.0,1.0,17.0,11.0,Radiant,,171.174,1.0,1.0,0.0,10.0,13.0,0,1,3
2ba2e8e0-0894-435e-9abd-676d14af45d3,Split,16.0,3.0,17.0,12.0,Radiant,,209.0,2.0,2.0,0.0,7.0,13.0,0,1,3
3456bd8e-2614-4379-8748-d6172d9a21b5,Summit,22.0,4.0,23.0,22.0,Radiant,,273.364,3.0,4.0,0.0,9.0,13.0,1,1,3
564247bc-c67b-4298-b598-f4fc855a9b2c,Ascent,22.0,3.0,18.0,19.0,Radiant,,300.238,7.0,5.0,0.0,8.0,13.0,0,1,3
d38c1693-511c-4227-bb81-da72e8536028,Summit,9.0,2.0,14.0,9.0,Radiant,,168.125,2.0,5.0,0.0,3.0,13.0,0,1,3
b5dd0f37-b4cd-416f-aea6-3e8828c61c8c,Breeze,22.0,1.0,17.0,20.0,Radiant,,278.304,4.0,5.0,1.0,13.0,10.0,0,1,3
6442ca29-93d0-459a-aaf8-336ab550e716,Split,17.0,1.0,20.0,15.0,Radiant,,244.579,2.0,2.0,0.0,6.0,13.0,1,1,3
d46afe82-9022-4018-a461-9ffe21a285a3,Breeze,22.0,4.0,18.0,21.0,Radiant,,289.091,7.0,4.0,0.0,9.0,13.0,0,1,3
7e868a74-caa7-4840-a4bd-1aa361c919ac,Sunset,27.0,4.0,23.0,22.0,Radiant,,337.364,4.0,3.0,0.0,9.0,13.0,1,1,3
84f0afea-fe7e-4526-a8f0-89717c32f778,Summit,29.0,5.0,10.0,20.0,Radiant,,471.882,6.0,0.0,1.0,13.0,4.0,1,1,3
5d33b447-2552-447d-8cdf-1953aa6ea4f9,Lotus,28.0,5.0,20.0,29.0,Radiant,,343.87,3.0,2.0,2.0,13.0,10.0,1,1,3
41c52e80-4087-45d8-93e2-67cf617e6460,Sunset,9.0,5.0,18.0,6.0,Radiant,,161.944,0.0,4.0,0.0,5.0,13.0,1,1,3
14705fba-0e47-484d-bee7-900aee362586,Ascent,17.0,3.0,10.0,16.0,Radiant,,272.059,4.0,3.0,1.0,13.0,4.0,0,1,3
0b59d67e-ac9d-47b7-b8f9-e4cfc60f1122,Lotus,19.0,6.0,23.0,15.0,Radiant,,243.917,5.0,5.0,0.0,11.0,13.0,1,1,3
48df3eea-0357-4091-a8a4-c08fa02e09cc,Haven,35.0,2.0,24.0,24.0,Radiant,,291.031,4.0,2.0,0.0,16.0,16.0,0,1,3
db56099c-8a7e-4bb8-a5d9-7df7a73b8066,Haven,11.0,2.0,14.0,7.0,Diamond,2.0,173.167,2.0,4.0,0.0,5.0,13.0,1,2,2
69a933b5-c383-4f33-ac6f-a8560d04c211,Split,18.0,5.0,9.0,15.0,Diamond,2.0,279.842,4.0,2.0,1.0,13.0,6.0,1,2,2
f641bbff-3640-4ff5-8058-bb1f81922fcb,Pearl,27.0,4.0,23.0,15.0,Diamond,2.0,281.357,4.0,0.0,2.0,15.0,13.0,1,2,2
72fad432-23ad-4f04-9ddb-83f28e5d46a3,Lotus,23.0,8.0,17.0,18.0,Diamond,2.0,281.565,0.0,1.0,0.0,10.0,13.0,0,2,2
b06012a7-07e5-4f9a-b0e6-c8d32ab2909a,Fracture,10.0,2.0,16.0,6.0,Diamond,2.0,139.35,0.0,2.0,0.0,7.0,13.0,0,2,2
c463cb0c-7efa-490e-80e2-43eff65d6e17,Lotus,5.0,3.0,13.0,4.0,Silver,1.0,90.059,0.0,2.0,0.0,4.0,13.0,0,1,3
2d8c4897-993a-45ac-ae82-62768a2fd09f,Ascent,15.0,3.0,14.0,3.0,Silver,1.0,217.278,1.0,2.0,0.0,5.0,13.0,0,1,3
2f311431-21f8-42d8-98e1-3c41f4d1d323,Summit,7.0,2.0,14.0,1.0,Silver,1.0,135.294,1.0,0.0,0.0,4.0,13.0,1,1,3
9c42fce5-1194-4f5b-aa5d-4d7f1f866386,Breeze,17.0,8.0,19.0,3.0,Silver,1.0,197.071,2.0,3.0,1.0,15.0,13.0,0,1,3
c5d408bf-9eaf-4b55-8906-6a395bf3b84b,Split,17.0,3.0,16.0,9.0,Silver,1.0,198.609,2.0,1.0,0.0,10.0,13.0,1,1,3
c4b954f5-9abf-4c31-9490-c1301f693b7c,Haven,11.0,3.0,14.0,9.0,Silver,1.0,181.05,0.0,3.0,0.0,7.0,13.0,1,1,3
3669f078-43b5-4f54-b9ee-33370a6c46b4,Summit,11.0,3.0,19.0,5.0,Silver,1.0,132.522,1.0,5.0,0.0,10.0,13.0,0,1,3
8e1b7304-6c06-4531-99f5-d7cc7a04db90,Breeze,12.0,3.0,10.0,1.0,Silver,1.0,157.35,0.0,2.0,1.0,13.0,7.0,0,1,3
cacbbaa7-690f-4e3d-abe3-266d64d422b4,Ascent,17.0,5.0,11.0,5.0,Silver,1.0,232.6,1.0,0.0,2.0,13.0,7.0,1,0,4
1f35c346-5707-43aa-a224-9ada1cb3c795,Breeze,16.0,0.0,11.0,2.0,Silver,1.0,207.15,2.0,0.0,1.0,13.0,7.0,0,0,4
29e827ad-1d9b-4ed7-95b3-0a12524a9f17,Ascent,9.0,6.0,14.0,5.0,Silver,1.0,173.471,2.0,0.0,0.0,4.0,13.0,1,1,3
a7ee8591-2e49-4fd3-aab7-04fb47ecf670,Lotus,14.0,2.0,16.0,8.0,Silver,1.0,234.632,2.0,1.0,0.0,6.0,13.0,1,1,3
d8cf3160-8108-4915-8dd3-040839f8b591,Split,18.0,4.0,5.0,11.0,Silver,1.0,281.824,3.0,0.0,1.0,10.0,4.0,0,1,3
5fa16703-c503-48a1-b0d7-270025181aef,Summit,19.0,7.0,10.0,7.0,Silver,1.0,260.278,1.0,2.0,2.0,13.0,5.0,0,1,3
e0e61677-8be9-4c20-8f24-465d398ce54b,Ascent,18.0,1.0,16.0,10.0,Silver,1.0,262.5,3.0,1.0,0.0,5.0,13.0,1,1,3
f18d45ab-3aee-4834-8f6b-bbd21fb00e46,Lotus,15.0,8.0,16.0,7.0,Silver,1.0,238.381,0.0,3.0,0.0,8.0,13.0,1,1,3
dc0b7fb5-4cfc-43fe-abaf-7469a4093c50,Split,16.0,2.0,14.0,4.0,Silver,1.0,230.895,0.0,0.0,0.0,6.0,13.0,0,1,3
7dd0863d-2517-4c35-ba01-aee4eaeb1c68,Haven,18.0,4.0,13.0,6.0,Silver,1.0,236.522,1.0,0.0,0.0,10.0,13.0,0,1,3
aa88cee3-e0e7-4b28-af00-7b80fe0b0aa6,Breeze,14.0,2.0,7.0,7.0,Silver,1.0,208.438,2.0,0.0,1.0,13.0,3.0,0,1,3
bb31ea91-49b8-4e83-a06d-e1fc3c8e7dc3,Summit,11.0,8.0,9.0,8.0,Silver,1.0,179.222,0.0,1.0,1.0,13.0,5.0,1,1,3
652cbf25-d25a-4579-ae33-754c093c792d,Haven,16.0,6.0,12.0,6.0,Silver,1.0,213.5,0.0,0.0,2.0,13.0,7.0,1,1,3
c5e99678-abe5-4eca-a3e5-521f31fc696e,Ascent,13.0,10.0,13.0,5.0,Silver,1.0,200.478,3.0,0.0,3.0,13.0,10.0,0,1,3
7fd417e8-3550-4258-854a-a8d0d1bdfc00,Summit,24.0,12.0,20.0,9.0,Silver,1.0,236.2,3.0,0.0,0.0,15.0,15.0,0,0,4
8532867c-44f4-42af-a1a3-1bf90a0be3b9,Haven,18.0,2.0,14.0,3.0,Silver,1.0,181.667,0.0,2.0,1.0,13.0,11.0,0,0,4
923d8955-3e51-4b02-ab85-53cbf181c40f,Lotus,6.0,4.0,14.0,2.0,Silver,1.0,105.722,1.0,2.0,2.0,13.0,5.0,0,0,4
1c9c9d4c-421b-4f90-9a02-3549d24949e2,Lotus,2.0,1.0,4.0,1.0,Silver,1.0,33.0,0.0,1.0,3.0,5.0,2.0,1,0,4
542db51c-f43b-4402-8e8a-501f1446d3ce,Sunset,10.0,4.0,6.0,9.0,Silver,2.0,175.444,2.0,1.0,1.0,13.0,5.0,0,0,4
a08e8e1e-41a3-4c52-88e3-470b99ad6940,Breeze,10.0,7.0,20.0,4.0,Silver,2.0,121.958,0.0,2.0,0.0,11.0,13.0,1,0,4
3f9e80ca-9d1b-4460-8d9e-a26a56d9a72a,Split,15.0,5.0,14.0,6.0,Silver,2.0,199.15,1.0,1.0,0.0,7.0,13.0,0,0,4
62dfce4d-0271-42f7-92c1-aa6fa96bffba,Ascent,21.0,5.0,12.0,18.0,Silver,2.0,266.7,1.0,1.0,1.0,13.0,7.0,0,0,4
53d5ac1f-3cc8-4861-91bb-65028d17e209,Lotus,23.0,9.0,15.0,14.0,Silver,2.0,275.0,4.0,2.0,2.0,13.0,11.0,1,0,4
e7dde3d5-b598-416c-ad92-c9e5bb0ddb96,Summit,26.0,9.0,14.0,4.0,Silver,2.0,286.87,3.0,0.0,3.0,13.0,10.0,1,0,4
06f5ce41-b4ca-450e-9106-8787e4bf9407,Lotus,12.0,9.0,15.0,5.0,Silver,2.0,177.0,1.0,2.0,0.0,9.0,13.0,1,0,4
68b38178-899e-4c68-ac98-d8ee0157fe8c,Haven,8.0,3.0,7.0,4.0,Silver,2.0,127.824,1.0,2.0,1.0,13.0,4.0,0,0,4
07a9e9f6-c12c-49e1-9433-2e293ad7d133,Split,18.0,4.0,14.0,6.0,Silver,2.0,193.043,2.0,1.0,2.0,13.0,10.0,0,0,4
6ee97907-9331-4e08-abe0-cbc23317412d,Lotus,13.0,9.0,9.0,3.0,Silver,2.0,225.824,2.0,0.0,3.0,13.0,4.0,1,0,4
e634dce4-5b44-4e62-8286-fb9763f6335b,Haven,5.0,1.0,10.0,2.0,Silver,2.0,109.333,1.0,3.0,0.0,2.0,10.0,1,0,4
95bdacc1-47e8-405a-9bd1-1d1d62f16035,Haven,15.0,4.0,15.0,8.0,Bronze,1.0,170.333,4.0,0.0,0.0,11.0,13.0,1,3,1
72974e1c-a383-4dac-a63f-5e7d4b1d4b02,Split,4.0,1.0,15.0,5.0,Bronze,1.0,75.632,0.0,2.0,0.0,6.0,13.0,1,1,3
26dfbf07-2e88-4060-b8f7-d6dc6bdf2a80,Ascent,17.0,3.0,10.0,8.0,Bronze,1.0,237.765,2.0,1.0,1.0,13.0,4.0,1,1,3
0c62a57e-5595-42c6-a755-ba2eca48162a,Haven,18.0,4.0,15.0,10.0,Bronze,1.0,206.542,3.0,1.0,2.0,13.0,11.0,1,2,2
08b6c4d0-7531-4ec0-a0a0-a4cd2148cd9e,Summit,11.0,4.0,15.0,7.0,Bronze,1.0,192.105,2.0,0.0,0.0,6.0,13.0,0,1,3
f48e0023-b884-46ab-a642-a31a413a921f,Summit,10.0,4.0,15.0,5.0,Bronze,1.0,127.0,1.0,1.0,0.0,8.0,13.0,1,1,3
c61ac094-c478-491f-a64b-3c8de20930a1,Haven,21.0,6.0,14.0,10.0,Bronze,1.0,232.958,2.0,0.0,1.0,13.0,11.0,1,1,3
ded15123-6385-4c41-a2d9-9e5c643b2801,Sunset,11.0,6.0,17.0,7.0,Bronze,1.0,122.958,2.0,0.0,0.0,11.0,13.0,0,1,3
02117eb9-5ccb-4a3a-aa0b-7bde9bb6a8c3,Lotus,14.0,1.0,13.0,10.0,Bronze,1.0,195.526,1.0,2.0,0.0,6.0,13.0,1,1,3
797cd19e-b3f4-46da-8170-6af5dad9fa70,Sunset,16.0,4.0,12.0,5.0,Bronze,1.0,195.3,3.0,3.0,1.0,13.0,7.0,1,1,3
5efcffc3-9e30-4e00-b0a9-3e02d4df0f5c,Split,14.0,4.0,13.0,9.0,Bronze,1.0,223.944,1.0,0.0,2.0,13.0,5.0,1,1,3
7e3052b6-b6dd-424d-807c-026e3cf17c5c,Haven,16.0,4.0,16.0,12.0,Bronze,1.0,197.957,0.0,1.0,0.0,10.0,13.0,0,1,3
9cd49189-5d14-4756-bdf7-ce7d78c4c692,Ascent,18.0,14.0,14.0,6.0,Bronze,1.0,255.048,0.0,1.0,0.0,8.0,13.0,0,1,3
5d03e75a-924b-42f3-b5e2-9ddc09475dc0,Ascent,5.0,0.0,7.0,2.0,Bronze,1.0,64.267,0.0,1.0,1.0,10.0,2.0,0,1,3
13244431-c70b-4a87-a1a7-51a0a640847c,Ascent,16.0,1.0,20.0,9.0,Bronze,1.0,200.652,1.0,2.0,0.0,10.0,13.0,1,1,3
b4a0e3d8-1a94-4fc8-8c19-fb627718de22,Lotus,7.0,5.0,18.0,5.0,Bronze,1.0,107.955,1.0,2.0,0.0,9.0,13.0,1,0,4
24c00abb-0846-48b0-8805-b7e41888ffd7,Split,11.0,5.0,17.0,2.0,Bronze,1.0,164.591,0.0,2.0,0.0,9.0,13.0,0,0,4
96ac2eec-7797-4dd5-b01f-02b92abd2407,Breeze,33.0,2.0,14.0,18.0,Bronze,1.0,381.13,3.0,1.0,0.0,10.0,13.0,1,0,4
5304c92c-c793-4b6d-a541-e976efc3d7e0,Haven,14.0,2.0,17.0,6.0,Bronze,1.0,171.522,1.0,2.0,0.0,10.0,13.0,1,1,3
3b6737ed-ee63-4e23-b4c5-1dedefed1974,Breeze,20.0,3.0,6.0,13.0,Iron,3.0,365.267,0.0,0.0,1.0,13.0,2.0,1,1,3
0d1e4fd1-c8cc-4d69-8e69-565524ec6691,Haven,24.0,1.0,16.0,12.0,Bronze,1.0,214.923,1.0,2.0,1.0,14.0,12.0,1,2,2
8ebf7d74-50e1-4cd7-a526-f9002015c3bb,Ascent,13.0,2.0,13.0,7.0,Bronze,1.0,169.35,1.0,0.0,0.0,7.0,13.0,0,1,3
34708ce9-363a-4d6b-9733-8dd2256940a6,Ascent,10.0,6.0,16.0,4.0,Bronze,1.0,145.2,0.0,2.0,0.0,7.0,13.0,0,1,3
f01eebb8-f30a-44a9-b2ab-98211ec18d3a,Split,12.0,2.0,12.0,6.0,Bronze,1.0,154.8,1.0,0.0,1.0,13.0,7.0,1,1,3
