rango,mapa_Abyss,mapa_Ascent,mapa_Bind,mapa_Breeze,mapa_Corrode,mapa_Fracture,mapa_Haven,mapa_Icebox,mapa_Lotus,mapa_Pearl,mapa_Split,mapa_Sunset,mapa_Summit,id_partida,kills,asistencias,muertes,headshots,subrango,acs,fb,fd,racha,rondas_ganadas,rondas_perdidas,es_main,num_amigos,desconocidos
3.0,0.0,0.0,0.0,0.0,0.0,0.0,0.0,0.0,0.0,1.0,0.0,0.0,0,21b6b62f-7cb1-4773-9835-db4101800fc0,19.0,4.0,12.0,6.0,3.0,323.059,3.0,2.0,1.0,13.0,4.0,1.0,1.0,3.0
3.0,0.0,0.0,0.0,0.0,0.0,0.0,0.0,0.0,1.0,0.0,0.0,0.0,0,8ac3d251-b92a-4e06-a10b-9330481e4dcf,14.0,3.0,8.0,5.0,3.0,225.562,2.0,1.0,2.0,13.0,3.0,0.0,1.0,3.0
3.0,0.0,0.0,0.0,0.0,0.0,1.0,0.0,0.0,0.0,0.0,0.0,0.0,0,57bf22f5-2530-4e47-9811-a909fd1c2966,9.0,2.0,8.0,4.0,3.0,141.133,1.0,0.0,3.0,10.0,2.0,0.0,1.0,3.0
4.0,0.0,0.0,0.0,0.0,0.0,0.0,0.0,0.0,0.0,0.0,1.0,0.0,0,1910a185-4da5-421d-9458-d215b41ae5ec,31.0,12.0,18.0,14.0,1.0,310.607,4.0,3.0,0.0,14.0,14.0,0.0,1.0,3.0
4.0,0.0,0.0,0.0,0.0,0.0,0.0,0.0,0.0,0.0,1.0,0.0,0.0,0,816870a4-a03f-4375-aefe-a594b3efdf97,12.0,3.0,15.0,7.0,1.0,194.111,1.0,3.0,0.0,5.0,13.0,1.0,1.0,3.0
3.0,0.0,0.0,0.0,0.0,0.0,0.0,0.0,0.0,1.0,0.0,0.0,0.0,0,30334f0a-ab00-44eb-a0f7-bc9a579e45da,22.0,6.0,11.0,12.0,3.0,341.0,5.0,0.0,1.0,13.0,6.0,1.0,1.0,3.0
3.0,0.0,0.0,1.0,0.0,0.0,0.0,0.0,0.0,0.0,0.0,0.0,0.0,0,d1f19aea-3a52-4d1a-b5e4-df1db5409751,8.0,10.0,10.0,3.0,3.0,156.611,1.0,0.0,2.0,13.0,5.0,0.0,1.0,3.0
3.0,0.0,0.0,0.0,0.0,0.0,0.0,0.0,0.0,0.0,0.0,1.0,0.0,0,d077d941-eaf0-4904-b35f-005fb0490ac0,14.0,8.0,11.0,3.0,3.0,244.167,3.0,0.0,3.0,13.0,5.0,0.0,1.0,3.0
4.0,0.0,0.0,0.0,0.0,0.0,1.0,0.0,0.0,0.0,0.0,0.0,0.0,0,255825b8-b18a-4421-99ec-f1b00f2c0621,21.0,6.0,14.0,2.0,1.0,272.727,4.0,1.0,0.0,9.0,13.0,0.0,1.0,3.0
4.0,0.0,0.0,1.0,0.0,0.0,0.0,0.0,0.0,0.0,0.0,0.0,0.0,0,cb3d7345-b2c4-48c0-8410-92502c39db42,34.0,15.0,21.0,11.0,1.0,388.308,3.0,3.0,0.0,12.0,14.0,0.0,4.0,0.0
3.0,0.0,0.0,0.0,0.0,0.0,0.0,0.0,0.0,0.0,0.0,1.0,0.0,0,96932143-e504-4428-b94b-5ea7089a1b63,17.0,9.0,18.0,10.0,3.0,233.087,5.0,1.0,3.0,13.0,10.0,0.0,1.0,3.0
4.0,0.0,0.0,0.0,0.0,0.0,1.0,0.0,0.0,0.0,0.0,0.0,0.0,0,c08e6fd1-bbcd-43e2-8507-26135ca9cd78,23.0,5.0,16.0,10.0,1.0,305.591,4.0,0.0,0.0,9.0,13.0,0.0,1.0,3.0
4.0,0.0,0.0,1.0,0.0,0.0,0.0,0.0,0.0,0.0,0.0,0.0,0.0,0,633ccb39-8dc4-42f2-ad42-889be51899d7,19.0,12.0,16.0,11.0,1.0,241.25,1.0,2.0,0.0,11.0,13.0,0.0,1.0,3.0
4.0,0.0,0.0,0.0,0.0,0.0,0.0,1.0,0.0,0.0,0.0,0.0,0.0,0,e8b56652-ec85-40c4-97e8-591e74797545,35.0,1.0,16.0,11.0,1.0,502.65,5.0,1.0,0.0,7.0,13.0,1.0,2.0,2.0
4.0,0.0,0.0,0.0,0.0,0.0,0.0,0.0,0.0,1.0,0.0,0.0,0.0,0,f3000f1d-21b7-4cd7-be92-d7feb0c62d94,18.0,8.0,12.0,9.0,1.0,263.9,4.0,0.0,1.0,13.0,7.0,0.0,1.0,3.0
4.0,0.0,0.0,0.0,1.0,0.0,0.0,0.0,0.0,0.0,0.0,0.0,0.0,0,e47d1d34-69f2-41ca-8893-8ed0d8a9d6eb,28.0,7.0,11.0,11.0,1.0,419.65,8.0,2.0,2.0,13.0,7.0,1.0,3.0,1.0
4.0,0.0,0.0,0.0,0.0,0.0,1.0,0.0,0.0,0.0,0.0,0.0,0.0,0,cb103d02-7899-4e69-b4a7-0afda2765d9a,31.0,4.0,15.0,12.0,1.0,387.783,4.0,4.0,0.0,10.0,13.0,1.0,3.0,1.0
4.0,0.0,0.0,0.0,0.0,0.0,0.0,0.0,0.0,0.0,0.0,1.0,0.0,0,6d560583-ef81-4706-9f6e-70ddf975d62d,17.0,4.0,17.0,7.0,1.0,264.1,5.0,2.0,0.0,7.0,13.0,1.0,4.0,0.0
4.0,0.0,0.0,0.0,0.0,0.0,0.0,1.0,0.0,0.0,0.0,0.0,0.0,0,cdd051d9-f54e-4b14-816a-b9b72b0fd00e,12.0,9.0,19.0,10.0,1.0,209.238,2.0,6.0,0.0,8.0,13.0,0.0,4.0,0.0
4.0,0.0,0.0,0.0,0.0,0.0,1.0,0.0,0.0,0.0,0.0,0.0,0.0,0,dc7d378e-7919-4a77-b767-0615665ca4a9,39.0,7.0,17.0,16.0,1.0,394.179,7.0,1.0,2.0,14.0,14.0,1.0,4.0,0.0
4.0,0.0,1.0,0.0,0.0,0.0,0.0,0.0,0.0,0.0,0.0,0.0,0.0,0,133916b0-27ed-44df-bb4b-e3805cfb8f89,25.0,6.0,20.0,14.0,1.0,334.87,2.0,6.0,0.0,10.0,13.0,1.0,3.0,1.0
4.0,0.0,0.0,0.0,0.0,0.0,1.0,0.0,0.0,0.0,0.0,0.0,0.0,0,eb306a08-8c72-4915-9016-204696d4ff5e,9.0,1.0,14.0,2.0,1.0,175.133,2.0,3.0,0.0,2.0,13.0,0.0,3.0,1.0
4.0,0.0,0.0,0.0,0.0,0.0,0.0,0.0,0.0,0.0,0.0,1.0,0.0,0,d034107a-37cd-4789-9a6e-69b9496e0e3d,15.0,9.0,15.0,8.0,1.0,303.588,3.0,6.0,0.0,4.0,13.0,0.0,3.0,1.0
4.0,0.0,0.0,0.0,1.0,0.0,0.0,0.0,0.0,0.0,0.0,0.0,0.0,0,5f3154c4-4862-4b92-a687-a833063aeb43,18.0,7.0,19.0,9.0,1.0,264.905,3.0,2.0,0.0,8.0,13.0,0.0,4.0,0.0
4.0,0.0,0.0,0.0,0.0,0.0,1.0,0.0,0.0,0.0,0.0,0.0,0.0,0,4ca2af9c-4b00-42b5-8cd5-40f28908d28d,12.0,4.0,8.0,4.0,1.0,199.579,2.0,2.0,3.0,13.0,6.0,1.0,1.0,3.0
4.0,0.0,0.0,0.0,0.0,0.0,0.0,0.0,0.0,0.0,1.0,0.0,0.0,0,503a70f6-527c-4c01-bc90-2ef3b7f39931,14.0,7.0,14.0,7.0,1.0,286.875,5.0,3.0,0.0,3.0,13.0,1.0,4.0,0.0
4.0,0.0,0.0,0.0,0.0,0.0,0.0,0.0,0.0,0.0,1.0,0.0,0.0,0,89d6795c-c17e-40cc-845b-d8faca4f5121,25.0,3.0,14.0,12.0,1.0,378.105,6.0,2.0,0.0,6.0,13.0,1.0,4.0,0.0
4.0,0.0,0.0,0.0,0.0,0.0,0.0,1.0,0.0,0.0,0.0,0.0,0.0,0,87dba074-8141-4f21-8d13-8fa9c9f3eedc,34.0,4.0,12.0,14.0,1.0,429.955,4.0,1.0,1.0,13.0,9.0,1.0,4.0,0.0
4.0,0.0,1.0,0.0,0.0,0.0,0.0,0.0,0.0,0.0,0.0,0.0,0.0,0,62c98dd2-a9d7-483d-9e3d-3823e7939b2f,18.0,4.0,14.0,8.0,1.0,289.474,1.0,1.0,0.0,6.0,13.0,1.0,1.0,3.0
4.0,0.0,0.0,0.0,0.0,0.0,0.0,1.0,0.0,0.0,0.0,0.0,0.0,0,a720fdba-ae12-44bd-b069-d061a8b28a93,18.0,5.0,15.0,5.0,1.0,262.714,1.0,1.0,0.0,8.0,13.0,0.0,1.0,3.0
4.0,0.0,1.0,0.0,0.0,0.0,0.0,0.0,0.0,0.0,0.0,0.0,0.0,0,6f196955-1794-42b4-8ae1-b9e3960d2615,15.0,12.0,14.0,13.0,1.0,229.6,2.0,1.0,1.0,13.0,7.0,1.0,1.0,3.0
4.0,0.0,0.0,0.0,0.0,0.0,0.0,0.0,0.0,0.0,0.0,1.0,0.0,0,1b088ab7-944f-41f9-976b-5eaf6c9bd2de,19.0,3.0,13.0,4.0,1.0,268.667,6.0,2.0,2.0,13.0,8.0,0.0,1.0,3.0
4.0,0.0,0.0,0.0,0.0,0.0,0.0,0.0,0.0,0.0,1.0,0.0,0.0,0,029af2c3-6446-413d-a35e-11bcaa0f4d88,29.0,5.0,18.0,16.0,1.0,389.261,4.0,4.0,0.0,10.0,13.0,0.0,4.0,0.0
4.0,0.0,0.0,0.0,0.0,0.0,1.0,0.0,0.0,0.0,0.0,0.0,0.0,0,aaf05d09-954e-4d38-bf46-7d92a6151fff,28.0,2.0,13.0,6.0,1.0,380.0,6.0,1.0,1.0,13.0,7.0,1.0,4.0,0.0
4.0,0.0,0.0,0.0,0.0,0.0,0.0,0.0,0.0,1.0,0.0,0.0,0.0,0,b57f4584-a461-440b-bb02-96bc1bcfa4aa,22.0,8.0,16.0,10.0,1.0,202.25,3.0,3.0,0.0,13.0,15.0,0.0,1.0,3.0
4.0,0.0,0.0,0.0,0.0,0.0,0.0,1.0,0.0,0.0,0.0,0.0,0.0,0,e5d7c626-89de-482a-97d5-bae12f05c2b2,17.0,4.0,12.0,24.0,1.0,257.889,3.0,0.0,1.0,13.0,5.0,0.0,1.0,3.0
4.0,0.0,0.0,0.0,1.0,0.0,0.0,0.0,0.0,0.0,0.0,0.0,0.0,0,a53cc781-bd8e-4a6d-8d5b-18543b57f17f,27.0,2.0,11.0,6.0,1.0,363.8,4.0,3.0,1.0,13.0,7.0,1.0,4.0,0.0
4.0,0.0,0.0,0.0,0.0,0.0,0.0,1.0,0.0,0.0,0.0,0.0,0.0,0,0c3e623d-2cf2-447f-b79a-8473138f4cef,28.0,5.0,12.0,17.0,1.0,400.5,6.0,2.0,2.0,13.0,7.0,0.0,4.0,0.0
4.0,0.0,0.0,0.0,0.0,0.0,0.0,0.0,0.0,0.0,0.0,1.0,0.0,0,a709c081-0c08-45c4-aba8-991378dc8265,15.0,5.0,15.0,10.0,1.0,267.0,3.0,3.0,0.0,4.0,13.0,0.0,4.0,0.0
3.0,0.0,0.0,0.0,0.0,0.0,0.0,0.0,0.0,0.0,1.0,0.0,0.0,0,e2eb5773-58f5-4419-ab76-ec39f8f6a332,27.0,7.0,10.0,14.0,3.0,419.842,2.0,1.0,1.0,13.0,6.0,0.0,1.0,3.0
4.0,0.0,1.0,0.0,0.0,0.0,0.0,0.0,0.0,0.0,0.0,0.0,0.0,0,93b5a5fb-145d-4389-8212-646c0e2cd63f,18.0,9.0,15.0,13.0,1.0,317.158,3.0,3.0,0.0,6.0,13.0,0.0,1.0,3.0
4.0,0.0,0.0,0.0,0.0,0.0,0.0,0.0,0.0,1.0,0.0,0.0,0.0,0,0ca182c3-9f34-4338-86c6-cea309950b33,10.0,3.0,15.0,5.0,1.0,182.471,2.0,4.0,0.0,4.0,13.0,1.0,1.0,3.0
4.0,0.0,0.0,0.0,0.0,0.0,0.0,0.0,0.0,1.0,0.0,0.0,0.0,0,92df72cd-08de-4705-ac7b-61cfe9b7b6be,13.0,2.0,15.0,7.0,1.0,247.812,0.0,2.0,0.0,3.0,13.0,0.0,1.0,3.0
4.0,0.0,0.0,0.0,1.0,0.0,0.0,0.0,0.0,0.0,0.0,0.0,0.0,0,c99bc019-943e-4537-9987-d7505a75a437,31.0,5.0,19.0,7.0,1.0,314.357,5.0,3.0,0.0,13.0,15.0,1.0,1.0,3.0
4.0,0.0,0.0,0.0,0.0,0.0,0.0,1.0,0.0,0.0,0.0,0.0,0.0,0,5f6d396a-ed94-41cd-89b6-363ab066cee7,21.0,4.0,16.0,7.0,1.0,290.19,4.0,2.0,0.0,8.0,13.0,1.0,1.0,3.0
4.0,0.0,1.0,0.0,0.0,0.0,0.0,0.0,0.0,0.0,0.0,0.0,0.0,0,e35772de-b85e-4a27-9f47-1c609334e694,20.0,7.0,7.0,8.0,1.0,334.688,1.0,1.0,1.0,13.0,3.0,0.0,1.0,3.0
4.0,0.0,0.0,0.0,0.0,0.0,0.0,1.0,0.0,0.0,0.0,0.0,0.0,0,08dc66f4-161e-4e38-84c0-fec17917a94d,17.0,7.0,9.0,16.0,1.0,305.118,6.0,1.0,2.0,13.0,4.0,0.0,1.0,3.0
4.0,0.0,0.0,0.0,1.0,0.0,0.0,0.0,0.0,0.0,0.0,0.0,0.0,0,60bbf09a-c95a-4a2d-871b-d956aede53b8,14.0,6.0,7.0,6.0,1.0,284.375,3.0,0.0,1.0,13.0,3.0,1.0,1.0,3.0
4.0,0.0,0.0,0.0,0.0,0.0,0.0,0.0,0.0,0.0,1.0,0.0,0.0,0,cd0396c8-d6bb-4cae-b346-a15290b48162,14.0,6.0,9.0,6.0,1.0,238.529,2.0,5.0,2.0,13.0,4.0,0.0,1.0,3.0
4.0,0.0,0.0,0.0,0.0,0.0,0.0,1.0,0.0,0.0,0.0,0.0,0.0,0,e351fcca-6901-4254-9268-29778a978b7c,39.0,8.0,14.0,15.0,1.0,459.417,4.0,2.0,2.0,13.0,11.0,0.0,4.0,0.0
4.0,0.0,1.0,0.0,0.0,0.0,0.0,0.0,0.0,0.0,0.0,0.0,0.0,0,441151d2-df0b-4831-98a8-50d72119b095,27.0,4.0,11.0,14.0,1.0,371.7,5.0,1.0,3.0,13.0,7.0,1.0,4.0,0.0
4.0,0.0,0.0,0.0,0.0,0.0,0.0,0.0,0.0,0.0,0.0,1.0,0.0,0,e544faab-c55e-4b38-8b5b-3a559e2b5327,37.0,6.0,17.0,22.0,1.0,543.333,6.0,1.0,0.0,8.0,13.0,0.0,4.0,0.0
4.0,0.0,0.0,0.0,0.0,0.0,0.0,0.0,0.0,1.0,0.0,0.0,0.0,0,1c81bd27-c45a-4eb5-90b7-050e01c29f00,18.0,5.0,15.0,12.0,1.0,252.632,0.0,3.0,0.0,6.0,13.0,0.0,4.0,0.0
4.0,0.0,0.0,0.0,0.0,0.0,0.0,0.0,0.0,0.0,1.0,0.0,0.0,0,550b39ef-f5fe-4eea-b2cf-c29b7a01cb08,37.0,7.0,14.0,25.0,1.0,472.348,6.0,1.0,1.0,13.0,10.0,0.0,4.0,0.0
4.0,0.0,0.0,0.0,0.0,0.0,0.0,1.0,0.0,0.0,0.0,0.0,0.0,0,41eeff46-8770-4323-9e72-fbfe14c0eb68,21.0,3.0,20.0,25.0,1.0,281.5,3.0,4.0,0.0,9.0,13.0,1.0,4.0,0.0
2.0,0.0,0.0,0.0,0.0,0.0,0.0,1.0,0.0,0.0,0.0,0.0,0.0,0,1bbe367b-aeb2-4f1d-9160-84163fc7e83d,8.0,5.0,19.0,4.0,2.0,130.381,1.0,1.0,0.0,8.0,13.0,0.0,1.0,3.0
2.0,0.0,0.0,0.0,0.0,0.0,0.0,1.0,0.0,0.0,0.0,0.0,0.0,0,32fd6f23-6d77-45c6-8ef0-7037a0de5cc0,11.0,16.0,22.0,4.0,2.0,141.357,1.0,3.0,1.0,15.0,13.0,0.0,1.0,3.0
2.0,0.0,0.0,0.0,0.0,0.0,0.0,0.0,0.0,1.0,0.0,0.0,0.0,0,95799edf-4ec3-4865-bd79-d759ad23bb01,21.0,14.0,21.0,5.0,2.0,207.3,0.0,3.0,0.0,14.0,16.0,1.0,1.0,3.0
2.0,0.0,0.0,0.0,0.0,0.0,0.0,0.0,0.0,0.0,1.0,0.0,0.0,0,a0be3300-259f-404b-ba43-425bb316260c,18.0,3.0,19.0,8.0,2.0,227.542,5.0,2.0,0.0,11.0,13.0,0.0,2.0,2.0
2.0,0.0,0.0,0.0,0.0,0.0,0.0,0.0,0.0,1.0,0.0,0.0,0.0,0,00fa081a-0796-466b-a9f8-0fb5bc983aee,26.0,4.0,16.0,20.0,2.0,316.391,2.0,3.0,1.0,13.0,10.0,0.0,3.0,1.0
2.0,0.0,0.0,0.0,1.0,0.0,0.0,0.0,0.0,0.0,0.0,0.0,0.0,0,fbbff0ae-0b9c-4e7b-901f-a71055f49015,20.0,7.0,20.0,16.0,2.0,213.357,3.0,4.0,1.0,14.0,14.0,1.0,0.0,4.0
2.0,0.0,0.0,0.0,0.0,0.0,1.0,0.0,0.0,0.0,0.0,0.0,0.0,0,1df91289-61fd-4f9f-8937-92216e075af2,21.0,8.0,16.0,12.0,2.0,278.143,5.0,1.0,0.0,8.0,13.0,1.0,1.0,3.0
2.0,0.0,0.0,0.0,1.0,0.0,0.0,0.0,0.0,0.0,0.0,0.0,0.0,0,66c8a419-a503-41ff-9422-4431ced30f11,19.0,3.0,14.0,10.0,2.0,245.45,0.0,3.0,0.0,7.0,13.0,0.0,1.0,3.0
2.0,0.0,0.0,0.0,1.0,0.0,0.0,0.0,0.0,0.0,0.0,0.0,0.0,0,795d1ccf-b3b5-4691-acaa-c4c3b92e12d8,12.0,1.0,7.0,7.0,2.0,214.0,0.0,1.0,1.0,13.0,1.0,0.0,1.0,3.0
2.0,0.0,0.0,0.0,0.0,0.0,1.0,0.0,0.0,0.0,0.0,0.0,0.0,0,d606ec31-6800-4467-bde2-712fac77422e,20.0,2.0,10.0,4.0,2.0,295.412,3.0,0.0,1.0,13.0,4.0,0.0,0.0,4.0
2.0,0.0,1.0,0.0,0.0,0.0,0.0,0.0,0.0,0.0,0.0,0.0,0.0,0,87ff8761-874b-447e-acfb-0b62095d8658,22.0,7.0,19.0,6.0,2.0,279.87,4.0,3.0,1.0,13.0,10.0,1.0,0.0,4.0
2.0,0.0,0.0,0.0,0.0,0.0,0.0,0.0,0.0,1.0,0.0,0.0,0.0,0,f3e326aa-844d-4d48-89f3-1412a8d229db,19.0,4.0,16.0,6.0,2.0,250.727,2.0,3.0,0.0,9.0,13.0,0.0,2.0,2.0
2.0,0.0,0.0,0.0,0.0,0.0,0.0,0.0,0.0,0.0,1.0,0.0,0.0,0,503a70f6-527c-4c01-bc90-2ef3b7f39931,10.0,0.0,13.0,5.0,2.0,205.812,1.0,2.0,0.0,3.0,13.0,0.0,3.0,1.0
2.0,0.0,0.0,0.0,0.0,0.0,0.0,1.0,0.0,0.0,0.0,0.0,0.0,0,c1972303-3dc7-46a2-a26d-39d449eb5900,15.0,5.0,17.0,8.0,1.0,216.913,4.0,3.0,1.0,13.0,10.0,1.0,3.0,1.0
2.0,0.0,0.0,0.0,0.0,0.0,0.0,1.0,0.0,0.0,0.0,0.0,0.0,0,59547ca8-d1ac-4d2b-9125-e407fade610c,15.0,4.0,17.0,16.0,2.0,190.143,3.0,1.0,0.0,8.0,13.0,0.0,1.0,3.0
2.0,0.0,0.0,0.0,0.0,0.0,1.0,0.0,0.0,0.0,0.0,0.0,0.0,0,690ea1d2-e4ec-4433-ba26-3a1361d10f5c,29.0,0.0,12.0,12.0,1.0,363.857,7.0,2.0,1.0,13.0,8.0,1.0,1.0,3.0
2.0,0.0,0.0,0.0,1.0,0.0,0.0,0.0,0.0,0.0,0.0,0.0,0.0,0,83ce32e7-01fa-4689-8232-4dccf35e8c3a,16.0,1.0,16.0,7.0,2.0,237.333,3.0,2.0,0.0,5.0,13.0,1.0,1.0,3.0
2.0,0.0,0.0,0.0,0.0,0.0,0.0,0.0,0.0,0.0,1.0,0.0,0.0,0,029af2c3-6446-413d-a35e-11bcaa0f4d88,18.0,5.0,20.0,7.0,2.0,244.087,2.0,3.0,0.0,10.0,13.0,1.0,4.0,0.0
2.0,0.0,0.0,0.0,0.0,0.0,1.0,0.0,0.0,0.0,0.0,0.0,0.0,0,aaf05d09-954e-4d38-bf46-7d92a6151fff,16.0,8.0,14.0,10.0,2.0,231.6,0.0,0.0,1.0,13.0,7.0,0.0,4.0,0.0
2.0,0.0,0.0,0.0,0.0,0.0,0.0,1.0,0.0,0.0,0.0,0.0,0.0,0,801a19ab-0f6a-4988-a9ca-8520b177c090,19.0,2.0,16.0,8.0,2.0,211.217,3.0,3.0,1.0,13.0,10.0,1.0,1.0,3.0
2.0,0.0,0.0,0.0,0.0,0.0,0.0,0.0,0.0,0.0,0.0,1.0,0.0,0,0eb1dad8-b5d1-4792-bbf9-d4350e4f1287,18.0,8.0,10.0,7.0,2.0,281.588,3.0,0.0,2.0,13.0,4.0,1.0,1.0,3.0
2.0,0.0,0.0,0.0,0.0,0.0,0.0,0.0,0.0,1.0,0.0,0.0,0.0,0,1a004b85-14aa-406d-9b4e-b00387991d46,15.0,7.0,17.0,7.0,2.0,201.227,3.0,0.0,0.0,9.0,13.0,0.0,2.0,2.0
2.0,0.0,0.0,0.0,0.0,0.0,0.0,0.0,0.0,0.0,0.0,1.0,0.0,0,b2f4de61-548f-412f-8c82-1f3fa806b719,18.0,6.0,9.0,8.0,2.0,291.556,2.0,1.0,1.0,13.0,5.0,0.0,2.0,2.0
5.0,0.0,0.0,0.0,0.0,0.0,0.0,0.0,0.0,1.0,0.0,0.0,0.0,0,6887a0ef-25d5-4a5e-b98a-e1aa5be29e21,13.0,5.0,18.0,4.0,2.0,140.0,1.0,1.0,0.0,13.0,15.0,1.0,1.0,3.0
5.0,0.0,0.0,0.0,1.0,0.0,0.0,0.0,0.0,0.0,0.0,0.0,0.0,0,08e9a8bf-e669-4cc6-a99a-991b6abe792e,3.0,2.0,2.0,3.0,2.0,61.308,1.0,0.0,1.0,4.0,0.0,1.0,1.0,3.0
5.0,0.0,0.0,0.0,0.0,0.0,0.0,0.0,0.0,1.0,0.0,0.0,0.0,0,069e7c91-a60e-4bf8-9551-425765422de0,10.0,7.0,14.0,8.0,2.0,146.105,0.0,2.0,0.0,6.0,13.0,0.0,1.0,3.0
5.0,0.0,0.0,0.0,0.0,0.0,0.0,1.0,0.0,0.0,0.0,0.0,0.0,0,9a324d64-46a2-4ef9-897a-259957898a60,13.0,2.0,14.0,8.0,2.0,181.65,2.0,4.0,0.0,7.0,13.0,0.0,1.0,3.0
5.0,0.0,0.0,0.0,0.0,0.0,0.0,0.0,0.0,0.0,1.0,0.0,0.0,0,5241ef39-25f1-49cf-b3c2-acd78b956505,13.0,9.0,15.0,11.0,2.0,221.278,1.0,2.0,0.0,5.0,13.0,0.0,1.0,3.0
5.0,0.0,0.0,0.0,1.0,0.0,0.0,0.0,0.0,0.0,0.0,0.0,0.0,0,26282bba-dbdf-471f-ae49-74f6c1718374,16.0,2.0,15.0,10.0,2.0,216.4,2.0,2.0,0.0,7.0,13.0,1.0,1.0,3.0
5.0,0.0,0.0,0.0,0.0,0.0,1.0,0.0,0.0,0.0,0.0,0.0,0.0,0,f330ccc4-f64f-4cf9-992f-97b85c1438b4,13.0,7.0,13.0,8.0,1.0,185.05,1.0,1.0,1.0,13.0,7.0,0.0,1.0,3.0
5.0,0.0,0.0,0.0,0.0,0.0,0.0,0.0,0.0,1.0,0.0,0.0,0.0,0,1cc6d180-fc6a-4e8b-989e-2b9cc6442d8b,28.0,9.0,17.0,15.0,2.0,320.846,2.0,0.0,0.0,12.0,14.0,0.0,2.0,2.0
5.0,0.0,1.0,0.0,0.0,0.0,0.0,0.0,0.0,0.0,0.0,0.0,0.0,0,547bf733-24a2-40fd-b9f3-3b9cbcdc3d25,13.0,8.0,17.0,8.0,2.0,173.696,1.0,2.0,1.0,13.0,10.0,0.0,2.0,2.0
5.0,0.0,0.0,0.0,0.0,0.0,0.0,0.0,0.0,0.0,1.0,0.0,0.0,0,54b235de-3ad0-44c1-970c-325c6c0cd59c,22.0,6.0,9.0,11.0,2.0,284.0,2.0,0.0,1.0,13.0,7.0,1.0,2.0,2.0
5.0,0.0,0.0,0.0,0.0,0.0,0.0,0.0,0.0,1.0,0.0,0.0,0.0,0,8c3eee17-e73c-4a9c-acc8-1f5411ff97c4,8.0,4.0,18.0,7.0,2.0,115.095,1.0,1.0,0.0,8.0,13.0,1.0,1.0,3.0
5.0,0.0,0.0,0.0,0.0,0.0,0.0,0.0,0.0,0.0,1.0,0.0,0.0,0,59214d17-7a5a-483d-b6d9-028cff5580b6,3.0,13.0,17.0,3.0,2.0,91.263,0.0,2.0,0.0,6.0,13.0,0.0,1.0,3.0
5.0,0.0,0.0,0.0,0.0,0.0,0.0,1.0,0.0,0.0,0.0,0.0,0.0,0,56db44d8-b584-44c3-8aac-b706f2b8972f,10.0,8.0,18.0,5.0,1.0,146.238,0.0,1.0,0.0,8.0,13.0,0.0,1.0,3.0
5.0,0.0,0.0,0.0,0.0,0.0,0.0,0.0,0.0,0.0,0.0,1.0,0.0,0,0dbecad3-f4ec-4235-9489-5e3326be6a5a,22.0,10.0,16.0,15.0,1.0,280.478,1.0,0.0,1.0,13.0,10.0,1.0,1.0,3.0
5.0,0.0,0.0,0.0,0.0,0.0,0.0,1.0,0.0,0.0,0.0,0.0,0.0,0,88521f5b-6846-4878-bfae-1651f21ce44d,19.0,12.0,16.0,14.0,1.0,230.435,1.0,0.0,0.0,10.0,13.0,0.0,1.0,3.0
5.0,0.0,0.0,0.0,1.0,0.0,0.0,0.0,0.0,0.0,0.0,0.0,0.0,0,84a2ba04-8797-4a3f-b4e9-7fb83e417609,22.0,11.0,24.0,10.0,1.0,233.767,2.0,3.0,0.0,15.0,15.0,0.0,1.0,3.0
5.0,0.0,1.0,0.0,0.0,0.0,0.0,0.0,0.0,0.0,0.0,0.0,0.0,0,d682793c-f41d-4a2a-bc8a-d91884b59d75,13.0,7.0,21.0,8.0,1.0,164.174,0.0,1.0,0.0,10.0,13.0,0.0,1.0,3.0
1.0,0.0,0.0,0.0,0.0,0.0,1.0,0.0,0.0,0.0,0.0,0.0,0.0,0,87790e52-db3f-4020-b86c-2bdfe2b77d36,19.0,4.0,17.0,9.0,1.0,255.208,2.0,2.0,0.0,11.0,13.0,1.0,2.0,2.0
1.0,0.0,0.0,0.0,0.0,0.0,0.0,0.0,0.0,0.0,0.0,1.0,0.0,0,663b668e-14aa-46a4-b414-64e9e2fdf3a0,9.0,4.0,14.0,8.0,1.0,135.571,1.0,2.0,1.0,13.0,8.0,1.0,0.0,4.0
1.0,0.0,0.0,0.0,1.0,0.0,0.0,0.0,0.0,0.0,0.0,0.0,0.0,0,9dff2f76-89da-41ac-8ade-a275499899f6,7.0,4.0,20.0,4.0,1.0,105.739,1.0,3.0,0.0,10.0,13.0,1.0,1.0,3.0
1.0,0.0,0.0,0.0,0.0,0.0,0.0,0.0,0.0,1.0,0.0,0.0,0.0,0,978c4af4-b5e1-4de2-9e2b-a7ea0a2cd39b,8.0,5.0,12.0,4.0,1.0,143.471,0.0,1.0,1.0,13.0,4.0,0.0,0.0,4.0
1.0,0.0,0.0,0.0,0.0,0.0,0.0,0.0,0.0,1.0,0.0,0.0,0.0,0,00fa081a-0796-466b-a9f8-0fb5bc983aee,19.0,0.0,15.0,16.0,1.0,235.174,4.0,1.0,1.0,13.0,10.0,1.0,3.0,1.0
1.0,0.0,0.0,0.0,0.0,0.0,0.0,0.0,0.0,0.0,0.0,1.0,0.0,0,9d7f62b9-9334-410c-a60c-0df1b047d1bc,14.0,7.0,17.0,8.0,2.0,191.364,2.0,4.0,0.0,9.0,13.0,1.0,0.0,4.0
1.0,0.0,0.0,0.0,0.0,0.0,0.0,0.0,0.0,0.0,0.0,1.0,0.0,0,793f769a-fc9b-4902-8ccc-a2715ce687ab,25.0,5.0,21.0,16.0,2.0,248.75,4.0,1.0,0.0,14.0,14.0,1.0,0.0,4.0
1.0,0.0,0.0,0.0,0.0,0.0,0.0,0.0,0.0,0.0,1.0,0.0,0.0,0,17806c20-9a29-42b0-a891-d3c7e4a865ab,16.0,2.0,16.0,17.0,2.0,192.261,1.0,4.0,1.0,13.0,10.0,1.0,0.0,4.0
1.0,0.0,0.0,1.0,0.0,0.0,0.0,0.0,0.0,0.0,0.0,0.0,0.0,0,cb3d7345-b2c4-48c0-8410-92502c39db42,20.0,2.0,21.0,14.0,2.0,220.423,1.0,7.0,0.0,12.0,14.0,1.0,3.0,1.0
1.0,0.0,0.0,0.0,0.0,0.0,0.0,0.0,0.0,1.0,0.0,0.0,0.0,0,066d4d36-5f5f-4331-b0be-5b5cd44ec00d,15.0,9.0,13.0,10.0,2.0,240.4,3.0,3.0,1.0,13.0,7.0,1.0,0.0,4.0
1.0,0.0,0.0,0.0,0.0,0.0,0.0,0.0,0.0,0.0,1.0,0.0,0.0,0,50491aeb-07d4-4a9a-9d3d-57a619dfb287,14.0,3.0,18.0,9.0,2.0,207.304,2.0,3.0,0.0,10.0,13.0,1.0,1.0,3.0
1.0,0.0,0.0,0.0,0.0,0.0,1.0,0.0,0.0,0.0,0.0,0.0,0.0,0,aee13bbe-fba8-4ff4-8502-2659320d5f97,10.0,7.0,13.0,5.0,2.0,154.211,2.0,2.0,1.0,13.0,6.0,0.0,0.0,4.0
1.0,0.0,0.0,0.0,0.0,0.0,0.0,0.0,0.0,0.0,1.0,0.0,0.0,0,767dc04e-77ae-4fa9-b5b8-28e30ea0fcc4,21.0,2.0,14.0,15.0,2.0,278.667,5.0,1.0,1.0,13.0,8.0,1.0,0.0,4.0
1.0,0.0,1.0,0.0,0.0,0.0,0.0,0.0,0.0,0.0,0.0,0.0,0.0,0,d03bea05-5418-4ef6-a096-ee9c546f3027,11.0,5.0,17.0,5.0,2.0,238.059,3.0,3.0,0.0,4.0,13.0,1.0,0.0,4.0
1.0,0.0,0.0,0.0,0.0,0.0,0.0,0.0,0.0,0.0,0.0,1.0,0.0,0,8a1fed11-e742-4426-8113-94beba6a879d,26.0,6.0,22.0,16.0,2.0,297.231,6.0,7.0,0.0,12.0,14.0,1.0,0.0,4.0
1.0,0.0,0.0,0.0,0.0,0.0,1.0,0.0,0.0,0.0,0.0,0.0,0.0,0,32811dbd-0271-4eaa-ade5-247755acb915,19.0,7.0,22.0,10.0,2.0,228.308,3.0,5.0,0.0,12.0,14.0,1.0,0.0,4.0
1.0,0.0,0.0,0.0,0.0,0.0,0.0,0.0,0.0,1.0,0.0,0.0,0.0,0,2fe6c70d-0b19-4368-b124-c2cdcc10dbab,23.0,6.0,18.0,17.0,2.0,303.583,4.0,2.0,1.0,13.0,11.0,1.0,0.0,4.0
1.0,0.0,0.0,0.0,0.0,0.0,0.0,1.0,0.0,0.0,0.0,0.0,0.0,0,9af478eb-8663-455f-8a3c-8017f24e94b5,14.0,4.0,15.0,7.0,2.0,202.95,2.0,3.0,2.0,13.0,7.0,1.0,0.0,4.0
1.0,0.0,0.0,0.0,0.0,0.0,0.0,1.0,0.0,0.0,0.0,0.0,0.0,0,6aae10d1-d8d3-4276-b5af-aa3d779a5355,26.0,9.0,21.0,15.0,2.0,246.133,4.0,4.0,1.0,15.0,15.0,1.0,0.0,4.0
1.0,0.0,0.0,0.0,0.0,0.0,1.0,0.0,0.0,0.0,0.0,0.0,0.0,0,fd55c82e-4585-4845-9886-6de95a8e3a6a,14.0,2.0,15.0,9.0,2.0,263.118,2.0,1.0,0.0,4.0,13.0,1.0,0.0,4.0
1.0,0.0,0.0,0.0,0.0,0.0,1.0,0.0,0.0,0.0,0.0,0.0,0.0,0,c890d2b8-0cb0-49f5-802d-35c2dfcb1830,13.0,2.0,18.0,9.0,2.0,233.579,2.0,2.0,0.0,6.0,13.0,1.0,0.0,4.0
1.0,0.0,1.0,0.0,0.0,0.0,0.0,0.0,0.0,0.0,0.0,0.0,0.0,0,3d5a3519-235d-4c0c-99dc-40f8ec20105b,22.0,2.0,18.0,11.0,2.0,283.87,4.0,3.0,0.0,10.0,13.0,1.0,0.0,4.0
1.0,0.0,0.0,0.0,0.0,0.0,0.0,0.0,0.0,1.0,0.0,0.0,0.0,0,725acbd5-0fb7-44be-a124-6b406788b772,14.0,5.0,19.0,8.0,2.0,231.7,1.0,2.0,0.0,7.0,13.0,1.0,2.0,2.0
1.0,0.0,0.0,0.0,1.0,0.0,0.0,0.0,0.0,0.0,0.0,0.0,0.0,0,5f3154c4-4862-4b92-a687-a833063aeb43,18.0,5.0,18.0,11.0,2.0,239.714,1.0,4.0,0.0,8.0,13.0,1.0,3.0,1.0
1.0,0.0,0.0,0.0,0.0,0.0,0.0,1.0,0.0,0.0,0.0,0.0,0.0,0,54f6013c-d302-4efb-abbf-825393a73f7c,19.0,3.0,18.0,11.0,2.0,252.409,2.0,5.0,0.0,9.0,13.0,1.0,0.0,4.0
1.0,0.0,0.0,0.0,0.0,0.0,0.0,0.0,0.0,0.0,1.0,0.0,0.0,0,7ac1949f-1ec7-4fca-98ee-19b2f9f5add2,11.0,5.0,9.0,4.0,1.0,226.0,3.0,4.0,2.0,13.0,2.0,1.0,0.0,4.0
1.0,0.0,1.0,0.0,0.0,0.0,0.0,0.0,0.0,0.0,0.0,0.0,0.0,0,16d79d42-022e-45c4-bd0c-f494babd8a77,12.0,7.0,17.0,4.0,1.0,207.524,2.0,5.0,0.0,8.0,13.0,1.0,0.0,4.0
1.0,0.0,0.0,0.0,0.0,0.0,0.0,1.0,0.0,0.0,0.0,0.0,0.0,0,fea61afc-abd9-4ae9-bb97-c2a96b61c59f,23.0,5.0,16.0,18.0,2.0,369.474,4.0,3.0,0.0,6.0,13.0,1.0,0.0,4.0
1.0,0.0,0.0,0.0,0.0,0.0,0.0,0.0,0.0,1.0,0.0,0.0,0.0,0,f3e326aa-844d-4d48-89f3-1412a8d229db,24.0,4.0,17.0,13.0,2.0,334.909,2.0,2.0,0.0,9.0,13.0,1.0,2.0,2.0
1.0,0.0,0.0,0.0,0.0,0.0,0.0,0.0,0.0,0.0,1.0,0.0,0.0,0,503a70f6-527c-4c01-bc90-2ef3b7f39931,7.0,3.0,15.0,2.0,2.0,139.625,0.0,1.0,0.0,3.0,13.0,1.0,3.0,1.0
1.0,0.0,0.0,0.0,0.0,0.0,0.0,1.0,0.0,0.0,0.0,0.0,0.0,0,5dafdce6-c4f6-46ce-9465-18e9ceaee7a7,15.0,3.0,15.0,8.0,1.0,201.727,1.0,4.0,1.0,13.0,9.0,1.0,1.0,3.0
1.0,0.0,1.0,0.0,0.0,0.0,0.0,0.0,0.0,0.0,0.0,0.0,0.0,0,0f5f6461-8805-4a79-939e-c4b306ef8f52,10.0,4.0,16.0,7.0,1.0,171.0,2.0,2.0,0.0,6.0,13.0,1.0,0.0,4.0
1.0,0.0,0.0,0.0,0.0,0.0,0.0,0.0,0.0,1.0,0.0,0.0,0.0,0,2b0c6139-a00b-4473-a699-eba177745de5,18.0,4.0,18.0,5.0,2.0,243.864,1.0,3.0,0.0,9.0,13.0,1.0,1.0,3.0
1.0,0.0,0.0,0.0,0.0,0.0,0.0,0.0,0.0,1.0,0.0,0.0,0.0,0,5e077ceb-ec99-4b4c-bbcc-10fe2023c191,19.0,3.0,14.0,6.0,2.0,261.6,2.0,1.0,1.0,13.0,7.0,1.0,0.0,4.0
1.0,0.0,0.0,0.0,0.0,0.0,0.0,0.0,0.0,0.0,0.0,1.0,0.0,0,78f20882-b69a-46c2-93d7-644ef6a66871,20.0,4.0,12.0,7.0,1.0,266.158,2.0,3.0,2.0,13.0,6.0,1.0,0.0,4.0
1.0,0.0,0.0,0.0,0.0,0.0,0.0,0.0,0.0,0.0,1.0,0.0,0.0,0,89d6795c-c17e-40cc-845b-d8faca4f5121,8.0,7.0,14.0,6.0,2.0,157.053,1.0,1.0,0.0,6.0,13.0,1.0,4.0,0.0
1.0,0.0,0.0,0.0,0.0,0.0,0.0,1.0,0.0,0.0,0.0,0.0,0.0,0,87dba074-8141-4f21-8d13-8fa9c9f3eedc,22.0,6.0,15.0,13.0,2.0,287.773,3.0,6.0,1.0,13.0,9.0,1.0,4.0,0.0
1.0,0.0,0.0,0.0,0.0,0.0,0.0,1.0,0.0,0.0,0.0,0.0,0.0,0,c1972303-3dc7-46a2-a26d-39d449eb5900,23.0,6.0,16.0,9.0,2.0,266.957,3.0,1.0,1.0,13.0,10.0,1.0,3.0,1.0
1.0,0.0,0.0,0.0,1.0,0.0,0.0,0.0,0.0,0.0,0.0,0.0,0.0,0,74dec13a-7a51-4a64-bad3-71980f9d42d0,18.0,4.0,18.0,9.0,2.0,259.429,2.0,2.0,0.0,8.0,13.0,1.0,2.0,2.0
1.0,0.0,0.0,0.0,0.0,0.0,1.0,0.0,0.0,0.0,0.0,0.0,0.0,0,61326806-d76c-47ee-8c53-f6015457899c,31.0,7.0,11.0,16.0,2.0,390.045,2.0,1.0,1.0,13.0,9.0,1.0,0.0,4.0
1.0,0.0,1.0,0.0,0.0,0.0,0.0,0.0,0.0,0.0,0.0,0.0,0.0,0,1522d752-d0c5-4579-9485-a8619a9c8482,14.0,5.0,19.0,5.0,2.0,154.917,3.0,6.0,0.0,11.0,13.0,1.0,0.0,4.0
1.0,0.0,0.0,0.0,0.0,0.0,0.0,1.0,0.0,0.0,0.0,0.0,0.0,0,801a19ab-0f6a-4988-a9ca-8520b177c090,21.0,6.0,19.0,14.0,3.0,284.609,5.0,4.0,1.0,13.0,10.0,1.0,1.0,3.0
1.0,0.0,0.0,0.0,0.0,0.0,0.0,0.0,0.0,0.0,0.0,1.0,0.0,0,0eb1dad8-b5d1-4792-bbf9-d4350e4f1287,12.0,4.0,12.0,4.0,2.0,213.353,2.0,4.0,2.0,13.0,4.0,1.0,1.0,3.0
1.0,0.0,0.0,0.0,0.0,0.0,0.0,0.0,0.0,1.0,0.0,0.0,0.0,0,1a004b85-14aa-406d-9b4e-b00387991d46,18.0,1.0,19.0,9.0,3.0,213.455,2.0,2.0,0.0,9.0,13.0,1.0,2.0,2.0
1.0,0.0,0.0,0.0,1.0,0.0,0.0,0.0,0.0,0.0,0.0,0.0,0.0,0,a53cc781-bd8e-4a6d-8d5b-18543b57f17f,15.0,3.0,15.0,9.0,3.0,236.9,4.0,2.0,1.0,13.0,7.0,1.0,4.0,0.0
1.0,0.0,0.0,0.0,0.0,0.0,0.0,1.0,0.0,0.0,0.0,0.0,0.0,0,0c3e623d-2cf2-447f-b79a-8473138f4cef,21.0,3.0,13.0,15.0,3.0,268.2,2.0,2.0,2.0,13.0,7.0,1.0,4.0,0.0
1.0,0.0,0.0,0.0,0.0,0.0,0.0,0.0,0.0,0.0,0.0,1.0,0.0,0,a709c081-0c08-45c4-aba8-991378dc8265,10.0,4.0,16.0,4.0,3.0,182.882,2.0,1.0,0.0,4.0,13.0,1.0,4.0,0.0
1.0,0.0,0.0,0.0,1.0,0.0,0.0,0.0,0.0,0.0,0.0,0.0,0.0,0,fe3a898e-3f5d-4ea1-a331-76fdec20518d,20.0,2.0,18.0,13.0,3.0,243.609,1.0,4.0,0.0,10.0,13.0,1.0,0.0,4.0
1.0,0.0,1.0,0.0,0.0,0.0,0.0,0.0,0.0,0.0,0.0,0.0,0.0,0,9c1489ca-cf05-43f6-b39f-c7e5fd07d9c4,13.0,5.0,18.0,7.0,3.0,180.5,3.0,1.0,1.0,13.0,11.0,1.0,0.0,4.0
1.0,0.0,0.0,0.0,0.0,0.0,1.0,0.0,0.0,0.0,0.0,0.0,0.0,0,f17f6553-32e5-47ca-a1d6-1915c2ae7aa3,21.0,2.0,14.0,11.0,3.0,280.905,1.0,2.0,2.0,13.0,8.0,1.0,0.0,4.0
1.0,0.0,0.0,0.0,0.0,0.0,0.0,0.0,0.0,0.0,1.0,0.0,0.0,0,f650016b-8f6b-444b-8119-b8f006397819,20.0,6.0,17.0,11.0,3.0,275.0,3.0,2.0,1.0,13.0,8.0,1.0,0.0,4.0
2.0,0.0,0.0,0.0,0.0,0.0,1.0,0.0,0.0,0.0,0.0,0.0,0.0,0,25836339-ebed-40d1-8e99-206bebc9c0cb,12.0,2.0,17.0,1.0,1.0,166.9,0.0,6.0,0.0,7.0,13.0,1.0,0.0,4.0
2.0,0.0,0.0,0.0,0.0,0.0,0.0,1.0,0.0,0.0,0.0,0.0,0.0,0,e351fcca-6901-4254-9268-29778a978b7c,14.0,2.0,20.0,12.0,1.0,154.75,1.0,3.0,1.0,13.0,11.0,1.0,4.0,0.0
2.0,0.0,1.0,0.0,0.0,0.0,0.0,0.0,0.0,0.0,0.0,0.0,0.0,0,441151d2-df0b-4831-98a8-50d72119b095,18.0,5.0,18.0,13.0,1.0,259.35,4.0,3.0,2.0,13.0,7.0,1.0,4.0,0.0
2.0,0.0,0.0,0.0,0.0,0.0,0.0,0.0,0.0,0.0,0.0,1.0,0.0,0,e544faab-c55e-4b38-8b5b-3a559e2b5327,20.0,2.0,20.0,9.0,1.0,299.381,2.0,4.0,0.0,8.0,13.0,1.0,4.0,0.0
2.0,0.0,0.0,0.0,0.0,0.0,0.0,0.0,0.0,1.0,0.0,0.0,0.0,0,1c81bd27-c45a-4eb5-90b7-050e01c29f00,15.0,5.0,18.0,13.0,1.0,237.474,3.0,4.0,0.0,6.0,13.0,1.0,4.0,0.0
2.0,0.0,1.0,0.0,0.0,0.0,0.0,0.0,0.0,0.0,0.0,0.0,0.0,0,9f1c9435-c0ac-4858-866c-5292b601ec32,20.0,2.0,15.0,14.0,1.0,247.773,4.0,2.0,2.0,13.0,9.0,1.0,1.0,3.0
2.0,0.0,0.0,0.0,0.0,0.0,0.0,0.0,0.0,1.0,0.0,0.0,0.0,0,07c8ba64-2472-47e0-9ee0-faab75d2e9fb,12.0,3.0,20.0,9.0,1.0,159.391,2.0,1.0,1.0,13.0,10.0,1.0,0.0,4.0
2.0,0.0,1.0,0.0,0.0,0.0,0.0,0.0,0.0,0.0,0.0,0.0,0.0,0,61826a2d-3852-492a-9f26-9c490688661f,17.0,5.0,20.0,7.0,1.0,185.192,2.0,4.0,0.0,12.0,14.0,1.0,0.0,4.0
2.0,0.0,0.0,0.0,0.0,0.0,0.0,0.0,0.0,0.0,1.0,0.0,0.0,0,550b39ef-f5fe-4eea-b2cf-c29b7a01cb08,14.0,4.0,17.0,9.0,1.0,181.826,5.0,3.0,1.0,13.0,10.0,1.0,3.0,1.0
2.0,0.0,0.0,0.0,0.0,0.0,0.0,1.0,0.0,0.0,0.0,0.0,0.0,0,41eeff46-8770-4323-9e72-fbfe14c0eb68,10.0,3.0,17.0,5.0,1.0,132.409,4.0,4.0,0.0,9.0,13.0,1.0,3.0,1.0
4.0,0.0,1.0,0.0,0.0,0.0,0.0,0.0,0.0,0.0,0.0,0.0,0.0,0,e59b9766-e72c-4109-9a27-63963e7acaa7,13.0,7.0,14.0,8.0,3.0,222.875,1.0,1.0,0.0,3.0,13.0,0.0,0.0,4.0
4.0,0.0,0.0,0.0,0.0,0.0,0.0,0.0,0.0,0.0,0.0,1.0,0.0,0,0974ff2b-f701-47f3-8b1d-1a625b13c8a0,6.0,0.0,18.0,6.0,3.0,102.941,0.0,3.0,0.0,4.0,13.0,1.0,0.0,4.0
4.0,0.0,0.0,0.0,0.0,0.0,1.0,0.0,0.0,0.0,0.0,0.0,0.0,0,33613c84-d358-42ae-bab0-41a187da5374,27.0,3.0,22.0,24.0,3.0,279.286,7.0,2.0,1.0,15.0,13.0,0.0,0.0,4.0
4.0,0.0,0.0,0.0,0.0,0.0,0.0,0.0,0.0,0.0,0.0,1.0,0.0,0,a606ac59-f2aa-4c40-8e9a-86b9a64259b3,11.0,6.0,16.0,8.0,3.0,166.7,1.0,1.0,0.0,7.0,13.0,0.0,0.0,4.0
4.0,0.0,1.0,0.0,0.0,0.0,0.0,0.0,0.0,0.0,0.0,0.0,0.0,0,0f63f8f1-ee90-4c02-9716-dc321910ea9c,18.0,3.0,20.0,14.0,3.0,240.227,2.0,4.0,0.0,9.0,13.0,1.0,0.0,4.0
4.0,0.0,0.0,0.0,0.0,0.0,0.0,0.0,0.0,0.0,1.0,0.0,0.0,0,d22e30cf-fa44-4ded-b32e-610248ee0a8a,17.0,7.0,17.0,15.0,3.0,204.435,2.0,3.0,1.0,13.0,10.0,1.0,0.0,4.0
4.0,0.0,1.0,0.0,0.0,0.0,0.0,0.0,0.0,0.0,0.0,0.0,0.0,0,d1d2d7c9-4203-45ac-a6c2-9cf31a9f4fe3,21.0,6.0,18.0,16.0,3.0,283.591,4.0,6.0,1.0,13.0,9.0,1.0,0.0,4.0
4.0,0.0,0.0,0.0,0.0,0.0,1.0,0.0,0.0,0.0,0.0,0.0,0.0,0,afc44653-ab80-4a3d-ae6a-319dbc6ac470,7.0,2.0,9.0,4.0,3.0,106.333,0.0,0.0,0.0,5.0,13.0,0.0,0.0,4.0
4.0,0.0,0.0,0.0,1.0,0.0,0.0,0.0,0.0,0.0,0.0,0.0,0.0,0,39f5b8fa-2796-491c-9bbf-f226c85e207b,4.0,1.0,7.0,4.0,3.0,93.0,2.0,1.0,0.0,1.0,6.0,1.0,0.0,4.0
4.0,0.0,0.0,0.0,0.0,0.0,0.0,0.0,0.0,1.0,0.0,0.0,0.0,0,6f5e399f-11a6-4595-afc2-27e1e94030c2,7.0,4.0,14.0,6.0,3.0,173.25,3.0,4.0,0.0,3.0,13.0,0.0,0.0,4.0
4.0,0.0,0.0,0.0,0.0,0.0,0.0,0.0,0.0,0.0,1.0,0.0,0.0,0,138f4118-a314-4096-a3b4-373b76c74fb6,12.0,10.0,23.0,11.0,3.0,158.077,5.0,5.0,1.0,14.0,12.0,1.0,0.0,4.0
4.0,0.0,0.0,0.0,1.0,0.0,0.0,0.0,0.0,0.0,0.0,0.0,0.0,0,1cc6c1b3-e676-41c1-ae95-13fe9e011f4d,24.0,2.0,15.0,12.0,3.0,355.789,3.0,2.0,0.0,6.0,13.0,1.0,0.0,4.0
4.0,0.0,1.0,0.0,0.0,0.0,0.0,0.0,0.0,0.0,0.0,0.0,0.0,0,4b3edb88-a8ed-4e7d-a2bc-f4bf6744f750,12.0,9.0,18.0,12.0,3.0,219.263,0.0,2.0,0.0,6.0,13.0,0.0,0.0,4.0
4.0,0.0,0.0,0.0,0.0,0.0,0.0,0.0,0.0,0.0,1.0,0.0,0.0,0,7dae8cdf-2c75-4daa-b27a-ff40640d9542,14.0,3.0,8.0,6.0,3.0,231.706,2.0,0.0,1.0,13.0,4.0,0.0,0.0,4.0
4.0,0.0,0.0,0.0,0.0,0.0,1.0,0.0,0.0,0.0,0.0,0.0,0.0,0,da162e80-a02b-401c-baf5-099899a0b566,24.0,10.0,12.0,21.0,3.0,351.0,1.0,0.0,1.0,13.0,7.0,0.0,2.0,2.0
4.0,0.0,1.0,0.0,0.0,0.0,0.0,0.0,0.0,0.0,0.0,0.0,0.0,0,e02544c5-3fac-454b-9746-0f9433a88482,11.0,5.0,15.0,9.0,3.0,187.875,1.0,1.0,0.0,3.0,13.0,0.0,2.0,2.0
4.0,0.0,0.0,0.0,0.0,0.0,0.0,0.0,0.0,0.0,0.0,1.0,0.0,0,35af2a73-ea00-4751-8dc7-3cb52e07f606,13.0,10.0,16.0,11.0,3.0,180.429,1.0,1.0,1.0,13.0,8.0,0.0,2.0,2.0
4.0,0.0,0.0,0.0,0.0,0.0,1.0,0.0,0.0,0.0,0.0,0.0,0.0,0,7b00a0e0-8e83-4a3c-8558-33f11cf4d4d3,39.0,6.0,22.0,32.0,3.0,437.192,14.0,2.0,0.0,12.0,14.0,0.0,2.0,2.0
4.0,0.0,0.0,0.0,0.0,0.0,0.0,1.0,0.0,0.0,0.0,0.0,0.0,0,f03ad71c-7897-4530-8c12-2d848e9b9169,25.0,2.0,18.0,20.0,3.0,293.5,5.0,6.0,1.0,13.0,11.0,0.0,1.0,3.0
4.0,0.0,0.0,0.0,0.0,0.0,1.0,0.0,0.0,0.0,0.0,0.0,0.0,0,36e1aa53-def0-4741-9abc-3e114487002b,2.0,3.0,8.0,2.0,3.0,64.6,0.0,1.0,0.0,2.0,6.0,0.0,1.0,3.0
4.0,0.0,1.0,0.0,0.0,0.0,0.0,0.0,0.0,0.0,0.0,0.0,0.0,0,80249c36-b57e-465e-a2f9-960a71845958,15.0,3.0,21.0,12.0,3.0,154.875,3.0,1.0,0.0,11.0,13.0,1.0,1.0,3.0
4.0,0.0,0.0,0.0,0.0,0.0,0.0,1.0,0.0,0.0,0.0,0.0,0.0,0,639c0e15-b0d8-424d-a5f7-5791d8d4050a,29.0,4.0,18.0,21.0,3.0,368.19,5.0,1.0,1.0,13.0,8.0,0.0,1.0,3.0
4.0,0.0,0.0,0.0,1.0,0.0,0.0,0.0,0.0,0.0,0.0,0.0,0.0,0,dd77cedf-6c7f-4ff2-8628-0daaef4938b2,18.0,4.0,19.0,14.0,3.0,216.708,5.0,2.0,0.0,11.0,13.0,0.0,0.0,4.0
4.0,0.0,0.0,0.0,1.0,0.0,0.0,0.0,0.0,0.0,0.0,0.0,0.0,0,028627f9-cd82-472d-86f7-927c0b1ad9f0,14.0,2.0,16.0,14.0,3.0,178.048,1.0,0.0,0.0,8.0,13.0,0.0,1.0,3.0
4.0,0.0,0.0,0.0,0.0,0.0,0.0,0.0,0.0,0.0,1.0,0.0,0.0,0,b7d713aa-05db-4abe-a46d-fe131928394f,15.0,10.0,18.0,14.0,3.0,202.65,1.0,0.0,1.0,13.0,7.0,0.0,1.0,3.0
4.0,0.0,0.0,0.0,0.0,0.0,0.0,0.0,0.0,1.0,0.0,0.0,0.0,0,27d24c05-e803-43af-8059-39a7fe3e304f,18.0,3.0,18.0,30.0,3.0,248.19,7.0,5.0,0.0,8.0,13.0,1.0,1.0,3.0
4.0,0.0,0.0,0.0,0.0,0.0,1.0,0.0,0.0,0.0,0.0,0.0,0.0,0,9974047c-f682-47bd-affd-215733e92bb1,16.0,6.0,19.0,12.0,3.0,222.5,8.0,3.0,1.0,13.0,9.0,1.0,1.0,3.0
4.0,0.0,0.0,0.0,0.0,0.0,0.0,1.0,0.0,0.0,0.0,0.0,0.0,0,629f1293-1a86-4d91-9a72-d6225b8da783,16.0,4.0,11.0,14.0,3.0,317.0,4.0,3.0,2.0,13.0,2.0,1.0,1.0,3.0
4.0,0.0,0.0,0.0,0.0,0.0,0.0,0.0,0.0,0.0,0.0,1.0,0.0,0,0fad51a7-f330-4fc9-a7f4-88d9a2daff6d,16.0,5.0,13.0,12.0,3.0,187.545,3.0,1.0,1.0,13.0,9.0,0.0,1.0,3.0
4.0,0.0,1.0,0.0,0.0,0.0,0.0,0.0,0.0,0.0,0.0,0.0,0.0,0,fd93f971-1833-4eae-8a7c-ab70f417eea7,14.0,13.0,20.0,11.0,3.0,193.292,0.0,1.0,0.0,11.0,13.0,0.0,2.0,2.0
4.0,0.0,0.0,0.0,1.0,0.0,0.0,0.0,0.0,0.0,0.0,0.0,0.0,0,9ad46b8c-3035-4e06-a0f1-e45bacb75f72,15.0,3.0,17.0,14.0,3.0,226.25,0.0,3.0,0.0,7.0,13.0,1.0,0.0,4.0
4.0,0.0,0.0,0.0,0.0,0.0,0.0,0.0,0.0,0.0,1.0,0.0,0.0,0,e8a75bf6-b2fb-4bb1-b2e8-8b91b615b0b2,25.0,7.0,28.0,25.0,3.0,263.633,6.0,9.0,0.0,15.0,15.0,0.0,0.0,4.0
4.0,0.0,0.0,0.0,0.0,0.0,1.0,0.0,0.0,0.0,0.0,0.0,0.0,0,2679d83f-4fcf-4665-b132-97c88a0396b1,12.0,3.0,18.0,12.0,3.0,180.05,4.0,6.0,1.0,13.0,7.0,1.0,2.0,2.0
4.0,0.0,0.0,0.0,0.0,0.0,0.0,1.0,0.0,0.0,0.0,0.0,0.0,0,830582cd-5fec-497c-ac68-bacbdb268c4f,18.0,1.0,12.0,7.0,3.0,253.947,3.0,0.0,2.0,13.0,6.0,0.0,2.0,2.0
4.0,0.0,0.0,0.0,0.0,0.0,0.0,0.0,0.0,0.0,1.0,0.0,0.0,0,a385a934-6df9-4a4a-bec0-c4d988253e47,26.0,8.0,15.0,22.0,3.0,285.75,3.0,1.0,3.0,13.0,11.0,0.0,1.0,3.0
4.0,0.0,0.0,0.0,0.0,0.0,0.0,1.0,0.0,0.0,0.0,0.0,0.0,0,4bd80eee-0b47-416e-a2c9-559fe05cfe8a,35.0,5.0,19.0,34.0,3.0,403.346,9.0,5.0,4.0,14.0,12.0,1.0,1.0,3.0
4.0,0.0,0.0,0.0,0.0,0.0,1.0,0.0,0.0,0.0,0.0,0.0,0.0,0,ee0003fa-24e2-449a-aba8-376509d32b92,14.0,7.0,16.0,16.0,3.0,201.857,6.0,5.0,5.0,13.0,8.0,1.0,2.0,2.0
4.0,0.0,0.0,0.0,0.0,0.0,0.0,0.0,0.0,0.0,0.0,1.0,0.0,0,40b11812-9986-41bd-9368-2186b7881401,23.0,3.0,15.0,15.0,3.0,258.417,2.0,0.0,1.0,13.0,11.0,0.0,0.0,4.0
4.0,0.0,0.0,0.0,0.0,0.0,0.0,0.0,0.0,1.0,0.0,0.0,0.0,0,97d89923-f501-4d01-95dd-53b9fcc85e38,14.0,4.0,17.0,12.0,3.0,231.5,6.0,1.0,0.0,7.0,13.0,0.0,0.0,4.0
4.0,0.0,0.0,0.0,0.0,0.0,0.0,0.0,0.0,0.0,0.0,1.0,0.0,0,47735504-1500-4c2b-ad6d-59a8ac0c25aa,13.0,4.0,16.0,4.0,3.0,193.4,2.0,4.0,0.0,7.0,13.0,0.0,2.0,2.0
4.0,0.0,0.0,0.0,0.0,0.0,1.0,0.0,0.0,0.0,0.0,0.0,0.0,0,82f1ba8a-e4da-44c1-bc52-47cb31e63cb5,10.0,3.0,8.0,8.0,3.0,194.462,2.0,0.0,1.0,13.0,0.0,0.0,0.0,4.0
4.0,0.0,0.0,0.0,0.0,0.0,1.0,0.0,0.0,0.0,0.0,0.0,0.0,0,9563313e-8fbf-4652-97d5-3f8602a9ba81,16.0,15.0,10.0,14.0,3.0,235.474,0.0,0.0,1.0,13.0,6.0,1.0,2.0,2.0
4.0,0.0,1.0,0.0,0.0,0.0,0.0,0.0,0.0,0.0,0.0,0.0,0.0,0,f8a76852-5648-4dee-b603-e251c72eb8b4,24.0,6.0,21.0,20.0,3.0,263.846,2.0,4.0,0.0,12.0,14.0,1.0,1.0,3.0
4.0,0.0,0.0,0.0,0.0,0.0,0.0,0.0,0.0,0.0,1.0,0.0,0.0,0,997a8907-a33a-42a3-b3e8-9b50aab9b763,17.0,6.0,19.0,14.0,3.0,237.0,6.0,6.0,0.0,7.0,13.0,0.0,1.0,3.0
4.0,0.0,1.0,0.0,0.0,0.0,0.0,0.0,0.0,0.0,0.0,0.0,0.0,0,24bde2f0-e315-4355-964a-ffe57814fe22,17.0,7.0,17.0,7.0,3.0,225.318,3.0,3.0,0.0,9.0,13.0,0.0,1.0,3.0
4.0,0.0,0.0,0.0,1.0,0.0,0.0,0.0,0.0,0.0,0.0,0.0,0.0,0,e649aa0b-c94f-4a80-9469-aa1f6d89e963,8.0,6.0,17.0,3.0,3.0,131.2,1.0,3.0,0.0,7.0,13.0,0.0,1.0,3.0
4.0,0.0,0.0,0.0,0.0,0.0,0.0,0.0,0.0,0.0,1.0,0.0,0.0,0,d74bbd8a-53b9-4c60-b616-1a4614f20622,19.0,5.0,20.0,13.0,3.0,221.375,3.0,4.0,1.0,13.0,11.0,1.0,1.0,3.0
4.0,0.0,1.0,0.0,0.0,0.0,0.0,0.0,0.0,0.0,0.0,0.0,0.0,0,26900cc0-ae58-4084-bbe1-6a624f4fc633,15.0,3.0,17.0,6.0,3.0,214.75,2.0,3.0,0.0,7.0,13.0,1.0,0.0,4.0
4.0,0.0,0.0,0.0,1.0,0.0,0.0,0.0,0.0,0.0,0.0,0.0,0.0,0,802089ea-e065-4148-a027-4acabed03e64,17.0,3.0,19.0,17.0,3.0,248.0,5.0,4.0,0.0,7.0,13.0,1.0,1.0,3.0
4.0,0.0,0.0,0.0,0.0,0.0,0.0,0.0,0.0,1.0,0.0,0.0,0.0,0,71e17766-75c7-4d1e-ac46-b0081af1e6cb,20.0,7.0,22.0,18.0,3.0,224.0,5.0,1.0,1.0,14.0,12.0,0.0,1.0,3.0
4.0,0.0,0.0,0.0,1.0,0.0,0.0,0.0,0.0,0.0,0.0,0.0,0.0,0,4d491e19-4106-425e-ae5c-ff25d17bee51,21.0,3.0,17.0,4.0,3.0,248.875,4.0,2.0,1.0,13.0,11.0,1.0,1.0,3.0
4.0,0.0,1.0,0.0,0.0,0.0,0.0,0.0,0.0,0.0,0.0,0.0,0.0,0,0449c7b0-d0b3-471e-9b78-e968ebfa5f6e,11.0,14.0,18.0,11.0,3.0,152.542,0.0,3.0,0.0,11.0,13.0,0.0,2.0,2.0
4.0,0.0,0.0,0.0,0.0,0.0,0.0,0.0,0.0,0.0,1.0,0.0,0.0,0,ba4aafa2-d71a-4624-9e12-9864895f69ab,9.0,3.0,21.0,10.0,3.0,110.0,0.0,4.0,1.0,13.0,10.0,1.0,2.0,2.0
4.0,0.0,0.0,0.0,0.0,0.0,1.0,0.0,0.0,0.0,0.0,0.0,0.0,0,ca498eec-66b8-4adf-b239-f04d5cfb6010,13.0,15.0,24.0,6.0,3.0,149.107,1.0,1.0,1.0,14.0,14.0,0.0,2.0,2.0
4.0,0.0,1.0,0.0,0.0,0.0,0.0,0.0,0.0,0.0,0.0,0.0,0.0,0,a45af059-a005-4685-a2d1-b1a440a2d6c6,18.0,9.0,16.0,14.0,3.0,272.455,5.0,6.0,1.0,13.0,9.0,0.0,0.0,4.0
4.0,0.0,0.0,0.0,0.0,0.0,0.0,0.0,0.0,1.0,0.0,0.0,0.0,0,4759af26-75d8-49ba-b43d-5e821f235d73,21.0,4.0,8.0,15.0,3.0,282.947,1.0,4.0,2.0,13.0,6.0,1.0,0.0,4.0
4.0,0.0,0.0,0.0,0.0,0.0,0.0,0.0,0.0,0.0,1.0,0.0,0.0,0,581cb6cd-e0da-4493-ba11-a4d4f1a08fd3,16.0,11.0,13.0,6.0,3.0,223.2,3.0,2.0,1.0,13.0,7.0,1.0,0.0,4.0
4.0,0.0,0.0,0.0,0.0,0.0,0.0,0.0,0.0,0.0,0.0,1.0,0.0,0,6ab8b2e6-2980-4ff2-98fe-c25f971c7040,14.0,7.0,17.0,7.0,3.0,178.292,2.0,3.0,0.0,11.0,13.0,0.0,0.0,4.0
4.0,0.0,0.0,0.0,1.0,0.0,0.0,0.0,0.0,0.0,0.0,0.0,0.0,0,380b8d02-cf3e-43c6-9875-aa150f2a05f3,18.0,9.0,24.0,15.0,3.0,206.821,5.0,5.0,0.0,13.0,15.0,0.0,0.0,4.0
4.0,0.0,0.0,0.0,0.0,0.0,0.0,1.0,0.0,0.0,0.0,0.0,0.0,0,755ebbab-8e79-4f48-807f-9faa983c5e7e,18.0,3.0,22.0,14.0,3.0,193.786,4.0,3.0,0.0,13.0,15.0,1.0,0.0,4.0
4.0,0.0,0.0,0.0,0.0,0.0,1.0,0.0,0.0,0.0,0.0,0.0,0.0,0,f1a9a0bc-8c1e-4117-98cf-893de2f877f1,12.0,6.0,12.0,4.0,3.0,169.842,2.0,3.0,1.0,13.0,6.0,1.0,0.0,4.0
4.0,0.0,0.0,0.0,0.0,0.0,0.0,0.0,0.0,1.0,0.0,0.0,0.0,0,7beff112-4564-4cff-9899-0cca1905e1e9,19.0,4.0,20.0,27.0,3.0,214.208,1.0,4.0,2.0,13.0,11.0,0.0,0.0,4.0
4.0,0.0,0.0,0.0,0.0,0.0,0.0,0.0,0.0,0.0,1.0,0.0,0.0,0,1d856645-11bc-4143-a939-7fbfdc141f83,14.0,5.0,17.0,10.0,3.0,188.905,2.0,1.0,0.0,8.0,13.0,0.0,0.0,4.0
4.0,0.0,0.0,0.0,0.0,0.0,0.0,0.0,0.0,0.0,0.0,1.0,0.0,0,95d4c769-d035-4d75-b044-94b488eaa929,14.0,7.0,12.0,9.0,3.0,211.35,3.0,1.0,1.0,13.0,7.0,0.0,1.0,3.0
4.0,0.0,0.0,0.0,0.0,0.0,0.0,0.0,0.0,0.0,0.0,1.0,0.0,0,afcb1ee8-e2dc-4f97-87d8-fa691a31018f,8.0,6.0,16.0,6.0,3.0,136.882,0.0,1.0,0.0,4.0,13.0,0.0,1.0,3.0
4.0,0.0,0.0,0.0,0.0,0.0,1.0,0.0,0.0,0.0,0.0,0.0,0.0,0,54e2b280-44d1-4399-af26-b77942a59961,18.0,6.0,15.0,6.0,3.0,251.85,5.0,1.0,1.0,13.0,7.0,1.0,1.0,3.0
4.0,0.0,0.0,0.0,1.0,0.0,0.0,0.0,0.0,0.0,0.0,0.0,0.0,0,06689153-1a6e-45b0-b9c7-62e5389d1596,19.0,9.0,18.0,13.0,3.0,223.739,2.0,2.0,2.0,13.0,10.0,0.0,1.0,3.0
5.0,0.0,0.0,0.0,1.0,0.0,0.0,0.0,0.0,0.0,0.0,0.0,0.0,0,3e87fb6a-596a-471c-a817-4caaab17c308,16.0,7.0,18.0,11.0,1.0,164.038,2.0,1.0,0.0,12.0,14.0,0.0,1.0,3.0
5.0,0.0,0.0,0.0,0.0,0.0,0.0,0.0,0.0,0.0,1.0,0.0,0.0,0,5e4b52cd-f719-4288-8ce4-54cea82a41bf,14.0,6.0,12.0,9.0,1.0,198.778,2.0,2.0,1.0,13.0,5.0,0.0,1.0,3.0
5.0,0.0,1.0,0.0,0.0,0.0,0.0,0.0,0.0,0.0,0.0,0.0,0.0,0,6b9f8ee4-e746-4457-bdff-f33e1a999762,10.0,4.0,13.0,4.0,1.0,113.043,1.0,1.0,2.0,13.0,10.0,0.0,1.0,3.0
4.0,0.0,1.0,0.0,0.0,0.0,0.0,0.0,0.0,0.0,0.0,0.0,0.0,0,3b44e7a8-7a1c-4ad6-8376-1d084d929e98,16.0,5.0,12.0,9.0,3.0,278.938,0.0,1.0,3.0,13.0,3.0,1.0,1.0,3.0
6.0,0.0,0.0,0.0,0.0,0.0,1.0,0.0,0.0,0.0,0.0,0.0,0.0,0,ddaf3062-228d-4ddf-99c5-2a39aa72f3bc,14.0,5.0,15.0,14.0,3.0,181.762,1.0,0.0,0.0,8.0,13.0,0.0,1.0,3.0
6.0,0.0,0.0,0.0,0.0,0.0,0.0,0.0,0.0,0.0,1.0,0.0,0.0,0,07a0abb0-ec09-4e5a-b4de-ce90cfd1c831,19.0,11.0,26.0,16.0,3.0,224.577,2.0,4.0,0.0,12.0,14.0,1.0,1.0,3.0
6.0,0.0,0.0,0.0,0.0,0.0,0.0,0.0,0.0,0.0,1.0,0.0,0.0,0,635a6fdd-e06d-4561-8b29-8eb2b8eee7a2,15.0,9.0,15.0,14.0,2.0,219.579,1.0,1.0,1.0,13.0,6.0,1.0,1.0,3.0
6.0,0.0,0.0,0.0,0.0,0.0,0.0,0.0,0.0,0.0,0.0,1.0,0.0,0,09050e08-edc1-4453-b21f-037b88de3f2b,21.0,6.0,14.0,11.0,2.0,217.308,1.0,2.0,2.0,14.0,12.0,0.0,1.0,3.0
6.0,0.0,0.0,0.0,1.0,0.0,0.0,0.0,0.0,0.0,0.0,0.0,0.0,0,2827b4ee-b772-4c20-9c7a-9b5ea0c55485,13.0,6.0,10.0,8.0,2.0,212.722,3.0,2.0,1.0,13.0,5.0,0.0,2.0,2.0
6.0,0.0,0.0,0.0,0.0,0.0,0.0,0.0,0.0,0.0,0.0,1.0,0.0,0,14cddb62-bcac-467a-a7d6-f83cb476316a,16.0,4.0,13.0,9.0,2.0,229.25,1.0,1.0,2.0,13.0,7.0,0.0,2.0,2.0
6.0,0.0,0.0,0.0,0.0,0.0,1.0,0.0,0.0,0.0,0.0,0.0,0.0,0,f08a81d3-e6b2-4cae-a0f6-bf5ce6f8e909,9.0,1.0,13.0,3.0,3.0,177.0,2.0,1.0,0.0,1.0,13.0,0.0,2.0,2.0
6.0,0.0,0.0,0.0,1.0,0.0,0.0,0.0,0.0,0.0,0.0,0.0,0.0,0,c78539c5-831a-4c6c-8ae9-7e2160ee8327,17.0,8.0,17.0,17.0,3.0,210.455,1.0,1.0,1.0,13.0,9.0,1.0,1.0,3.0
6.0,0.0,1.0,0.0,0.0,0.0,0.0,0.0,0.0,0.0,0.0,0.0,0.0,0,f1c6bf32-90a9-4e99-a25c-ecb8bf17c340,10.0,1.0,16.0,9.0,3.0,138.85,0.0,3.0,0.0,7.0,13.0,0.0,1.0,3.0
6.0,0.0,0.0,0.0,1.0,0.0,0.0,0.0,0.0,0.0,0.0,0.0,0.0,0,1784552e-ca05-41a0-b2a0-558a25098d3f,14.0,1.0,10.0,11.0,2.0,249.188,3.0,0.0,1.0,13.0,3.0,0.0,1.0,3.0
6.0,0.0,0.0,0.0,0.0,0.0,1.0,0.0,0.0,0.0,0.0,0.0,0.0,0,c773fdce-47f6-4a01-8050-bd88561acf18,20.0,6.0,16.0,12.0,2.0,244.522,2.0,3.0,2.0,13.0,10.0,1.0,1.0,3.0
6.0,0.0,0.0,0.0,0.0,0.0,0.0,0.0,0.0,0.0,1.0,0.0,0.0,0,dc1d2a79-74ef-4a50-b028-5ab76fda9d0b,7.0,4.0,8.0,5.0,2.0,110.0,3.0,1.0,3.0,13.0,5.0,0.0,1.0,3.0
6.0,0.0,0.0,0.0,0.0,0.0,0.0,0.0,0.0,0.0,1.0,0.0,0.0,0,c8b0a30e-e058-449d-acc3-1eba40991b90,13.0,7.0,6.0,10.0,3.0,250.533,3.0,1.0,1.0,13.0,2.0,0.0,1.0,3.0
6.0,0.0,1.0,0.0,0.0,0.0,0.0,0.0,0.0,0.0,0.0,0.0,0.0,0,0321a62d-9ca8-47d6-b381-86e5bd128d95,16.0,2.0,14.0,16.0,3.0,216.455,1.0,1.0,2.0,13.0,9.0,0.0,1.0,3.0
6.0,0.0,0.0,0.0,0.0,0.0,0.0,0.0,0.0,1.0,0.0,0.0,0.0,0,847f89f9-f976-4223-9dc7-2d5b47e2a9de,27.0,4.0,15.0,20.0,3.0,299.708,4.0,2.0,3.0,13.0,11.0,1.0,1.0,3.0
6.0,0.0,0.0,0.0,0.0,0.0,0.0,0.0,0.0,0.0,1.0,0.0,0.0,0,28db2cc7-bb05-49b4-9dd4-831af4e1b1df,17.0,6.0,23.0,14.0,3.0,223.042,2.0,1.0,4.0,13.0,11.0,0.0,1.0,3.0
6.0,0.0,0.0,0.0,0.0,0.0,0.0,0.0,0.0,1.0,0.0,0.0,0.0,0,4dc4d310-6c4b-4110-8c58-85764e0e2d7b,10.0,6.0,17.0,7.0,3.0,164.4,3.0,3.0,0.0,7.0,13.0,0.0,0.0,4.0
6.0,0.0,0.0,0.0,0.0,0.0,1.0,0.0,0.0,0.0,0.0,0.0,0.0,0,fa1beeb9-2818-4815-b660-fbb12600a566,16.0,1.0,20.0,13.0,3.0,171.667,0.0,1.0,0.0,11.0,13.0,0.0,1.0,3.0
6.0,0.0,0.0,0.0,1.0,0.0,0.0,0.0,0.0,0.0,0.0,0.0,0.0,0,99b75780-b275-4efd-9fcd-507f15f38e1a,20.0,12.0,17.0,16.0,3.0,187.367,1.0,3.0,1.0,16.0,14.0,0.0,1.0,3.0
6.0,0.0,1.0,0.0,0.0,0.0,0.0,0.0,0.0,0.0,0.0,0.0,0.0,0,f229df4d-1b1c-4792-9280-42f54e1b7b99,9.0,5.0,18.0,4.0,3.0,107.542,1.0,2.0,2.0,13.0,11.0,0.0,1.0,3.0
6.0,0.0,0.0,0.0,0.0,0.0,0.0,0.0,0.0,0.0,0.0,1.0,0.0,0,4c65d040-4891-4d81-b1e9-3855590122f6,17.0,6.0,15.0,8.0,3.0,262.286,3.0,1.0,3.0,13.0,8.0,1.0,1.0,3.0
6.0,0.0,0.0,0.0,0.0,0.0,0.0,1.0,0.0,0.0,0.0,0.0,0.0,0,2fb8c24a-50b7-4882-a419-011f2c71d1b0,12.0,3.0,16.0,11.0,3.0,183.55,1.0,2.0,0.0,7.0,13.0,0.0,1.0,3.0
6.0,0.0,0.0,0.0,0.0,0.0,0.0,0.0,0.0,0.0,0.0,1.0,0.0,0,01045f7e-d955-4765-94cd-51f799f0bf12,16.0,8.0,23.0,17.0,3.0,159.967,4.0,3.0,0.0,15.0,15.0,0.0,1.0,3.0
6.0,0.0,0.0,0.0,0.0,0.0,0.0,0.0,0.0,0.0,0.0,1.0,0.0,0,b6bf6132-712a-47ef-9dd7-e062b3372a1b,14.0,3.0,20.0,20.0,3.0,180.577,2.0,5.0,1.0,14.0,12.0,1.0,1.0,3.0
6.0,0.0,0.0,0.0,0.0,0.0,0.0,0.0,0.0,1.0,0.0,0.0,0.0,0,9e7b7c3a-947a-4da0-95d1-b02a899a34e8,14.0,5.0,15.0,7.0,3.0,167.045,2.0,2.0,2.0,13.0,9.0,0.0,1.0,3.0
6.0,0.0,0.0,0.0,0.0,0.0,0.0,0.0,0.0,0.0,1.0,0.0,0.0,0,c104a6ec-9718-48f4-ad50-9d638caa112d,20.0,3.0,19.0,14.0,3.0,203.893,1.0,3.0,3.0,15.0,13.0,0.0,1.0,3.0
6.0,0.0,0.0,0.0,0.0,0.0,1.0,0.0,0.0,0.0,0.0,0.0,0.0,0,f3fbc83c-85df-4caa-ab3d-0511041bca73,21.0,3.0,15.0,8.0,3.0,216.783,2.0,4.0,0.0,10.0,13.0,0.0,1.0,3.0
6.0,0.0,0.0,0.0,0.0,0.0,1.0,0.0,0.0,0.0,0.0,0.0,0.0,0,27f6c2d0-85d9-4f1c-8ef3-7514c26e8e6e,8.0,4.0,16.0,8.0,3.0,147.947,1.0,4.0,0.0,6.0,13.0,0.0,1.0,3.0
6.0,0.0,0.0,0.0,0.0,0.0,0.0,0.0,0.0,0.0,1.0,0.0,0.0,0,ecd36e2a-3a8f-41c3-bfed-3b378702678f,9.0,1.0,12.0,4.0,3.0,94.909,0.0,1.0,1.0,13.0,9.0,0.0,1.0,3.0
6.0,0.0,0.0,0.0,0.0,0.0,0.0,1.0,0.0,0.0,0.0,0.0,0.0,0,7d4fd150-75f1-4143-ba11-c445358d56ae,10.0,12.0,20.0,10.0,3.0,147.333,0.0,1.0,0.0,11.0,13.0,0.0,1.0,3.0
6.0,0.0,0.0,0.0,0.0,0.0,1.0,0.0,0.0,0.0,0.0,0.0,0.0,0,37a9159b-6c58-4fc1-803b-6d94aae2e714,13.0,12.0,9.0,7.0,3.0,178.75,1.0,3.0,1.0,13.0,7.0,1.0,1.0,3.0
6.0,0.0,0.0,0.0,0.0,0.0,0.0,1.0,0.0,0.0,0.0,0.0,0.0,0,09a0415e-a5c3-4798-b95d-160c0331716f,14.0,2.0,18.0,13.0,3.0,180.5,2.0,1.0,0.0,9.0,13.0,1.0,0.0,4.0
6.0,0.0,0.0,0.0,0.0,0.0,0.0,1.0,0.0,0.0,0.0,0.0,0.0,0,701f0f68-d02e-4acd-b78e-86c32b9ab1ff,12.0,2.0,19.0,9.0,3.0,159.762,1.0,4.0,0.0,8.0,13.0,0.0,0.0,4.0
6.0,0.0,1.0,0.0,0.0,0.0,0.0,0.0,0.0,0.0,0.0,0.0,0.0,0,6c9902f3-b4b8-4943-8583-5fabb4c84747,18.0,15.0,21.0,12.0,3.0,195.464,2.0,3.0,1.0,15.0,13.0,0.0,0.0,4.0
6.0,0.0,1.0,0.0,0.0,0.0,0.0,0.0,0.0,0.0,0.0,0.0,0.0,0,93941ce9-758e-405d-a6f7-4dac8f773643,13.0,5.0,13.0,13.0,3.0,174.318,2.0,3.0,2.0,13.0,9.0,1.0,0.0,4.0
6.0,0.0,0.0,0.0,0.0,0.0,0.0,0.0,0.0,0.0,0.0,1.0,0.0,0,b90f326e-66a1-4250-9364-c0528da2ec1e,17.0,8.0,17.0,11.0,3.0,201.571,1.0,1.0,0.0,8.0,13.0,0.0,0.0,4.0
7.0,0.0,0.0,0.0,1.0,0.0,0.0,0.0,0.0,0.0,0.0,0.0,0.0,0,15753874-5a8e-479b-bab7-0680d5500ff8,11.0,2.0,15.0,8.0,1.0,159.05,4.0,5.0,0.0,7.0,13.0,0.0,0.0,4.0
7.0,0.0,0.0,0.0,1.0,0.0,0.0,0.0,0.0,0.0,0.0,0.0,0.0,0,5eecc32c-0e54-4325-bd2b-7d455518f080,22.0,6.0,18.0,22.0,1.0,262.208,4.0,4.0,1.0,13.0,11.0,0.0,0.0,4.0
7.0,0.0,0.0,0.0,0.0,0.0,0.0,0.0,0.0,0.0,0.0,1.0,0.0,0,a9c41f68-4797-4881-bb92-07b6d8db2208,26.0,5.0,19.0,22.0,1.0,321.667,2.0,4.0,0.0,11.0,13.0,0.0,0.0,4.0
7.0,0.0,0.0,0.0,0.0,0.0,0.0,0.0,0.0,0.0,0.0,1.0,0.0,0,eafc43e5-fe9d-4648-b381-ece28e93e846,24.0,9.0,25.0,21.0,1.0,320.667,3.0,1.0,0.0,11.0,13.0,1.0,0.0,4.0
7.0,0.0,0.0,0.0,0.0,0.0,0.0,0.0,0.0,0.0,0.0,1.0,0.0,0,57210cd7-a7f4-4a0f-bc38-e439b50962b2,26.0,15.0,13.0,15.0,1.0,407.333,1.0,1.0,1.0,13.0,5.0,1.0,0.0,4.0
6.0,0.0,0.0,0.0,0.0,0.0,0.0,1.0,0.0,0.0,0.0,0.0,0.0,0,10dd3bd3-d668-4694-8b42-41193bf6a745,31.0,4.0,11.0,24.0,3.0,483.941,4.0,1.0,1.0,13.0,4.0,1.0,0.0,4.0
7.0,0.0,0.0,0.0,0.0,0.0,0.0,0.0,0.0,0.0,0.0,1.0,0.0,0,3142f147-4504-43dd-9f91-60c27cf54faf,16.0,3.0,20.0,15.0,1.0,213.905,1.0,1.0,0.0,8.0,13.0,1.0,1.0,3.0
7.0,0.0,0.0,0.0,0.0,0.0,0.0,1.0,0.0,0.0,0.0,0.0,0.0,0,926cd0c3-078e-4ace-ad37-a69dc2200ac7,28.0,9.0,18.0,24.0,1.0,378.727,2.0,1.0,0.0,9.0,13.0,1.0,1.0,3.0
6.0,0.0,0.0,0.0,1.0,0.0,0.0,0.0,0.0,0.0,0.0,0.0,0.0,0,9257dcfe-61ef-4844-9441-6d95fc294642,20.0,7.0,21.0,17.0,3.0,277.727,5.0,3.0,0.0,9.0,13.0,1.0,0.0,4.0
6.0,0.0,1.0,0.0,0.0,0.0,0.0,0.0,0.0,0.0,0.0,0.0,0.0,0,7c628c2c-d1a0-49c0-a678-5d3a47ecae48,12.0,6.0,17.0,8.0,3.0,210.056,2.0,3.0,0.0,5.0,13.0,1.0,1.0,3.0
6.0,0.0,1.0,0.0,0.0,0.0,0.0,0.0,0.0,0.0,0.0,0.0,0.0,0,3f2b084d-3b8f-497a-89e2-ae0b45665805,19.0,12.0,18.0,11.0,3.0,247.682,3.0,1.0,1.0,13.0,9.0,1.0,1.0,3.0
6.0,0.0,0.0,0.0,0.0,0.0,0.0,0.0,0.0,1.0,0.0,0.0,0.0,0,5a197a03-0958-494b-8121-3022673d8ff3,23.0,4.0,25.0,21.0,3.0,297.652,1.0,2.0,0.0,10.0,13.0,1.0,1.0,3.0
6.0,0.0,0.0,0.0,0.0,0.0,0.0,1.0,0.0,0.0,0.0,0.0,0.0,0,1c49c530-c41e-49c2-8f15-9af1a22f7ee2,20.0,11.0,23.0,18.0,3.0,232.792,3.0,1.0,1.0,13.0,11.0,1.0,1.0,3.0
6.0,0.0,0.0,0.0,0.0,0.0,0.0,0.0,0.0,1.0,0.0,0.0,0.0,0,b41abd9c-3fff-4f24-b94e-5bb007a6fcca,17.0,8.0,20.0,12.0,3.0,235.455,3.0,0.0,0.0,9.0,13.0,1.0,1.0,3.0
6.0,0.0,1.0,0.0,0.0,0.0,0.0,0.0,0.0,0.0,0.0,0.0,0.0,0,626b5730-588f-487d-a7ef-62826fc14eb2,22.0,11.0,22.0,15.0,3.0,297.261,2.0,3.0,0.0,10.0,13.0,1.0,1.0,3.0
6.0,0.0,0.0,0.0,0.0,0.0,0.0,0.0,0.0,0.0,1.0,0.0,0.0,0,a7f6a580-7cb5-4250-bce1-13d29d8cb689,12.0,9.0,18.0,12.0,3.0,186.105,2.0,1.0,0.0,6.0,13.0,1.0,1.0,3.0
6.0,0.0,0.0,0.0,0.0,0.0,1.0,0.0,0.0,0.0,0.0,0.0,0.0,0,1cfd5a6c-9d18-4b13-8dd3-9516f0c6543c,24.0,12.0,22.0,21.0,3.0,337.348,4.0,1.0,0.0,10.0,13.0,1.0,1.0,3.0
6.0,0.0,0.0,0.0,0.0,0.0,0.0,0.0,0.0,0.0,1.0,0.0,0.0,0,5c232a47-8ba6-477a-98b4-8522ec08ecdc,24.0,6.0,15.0,16.0,3.0,312.7,2.0,2.0,1.0,13.0,7.0,1.0,1.0,3.0
6.0,0.0,0.0,0.0,0.0,0.0,0.0,0.0,0.0,1.0,0.0,0.0,0.0,0,130f85a7-d1a0-4df9-84ea-f94bd86d92f7,18.0,6.0,17.0,18.0,3.0,257.091,2.0,0.0,1.0,13.0,9.0,1.0,1.0,3.0
6.0,0.0,0.0,0.0,1.0,0.0,0.0,0.0,0.0,0.0,0.0,0.0,0.0,0,285c6edd-c012-4414-a86b-255baba83dfe,6.0,4.0,23.0,2.0,3.0,100.048,3.0,1.0,0.0,8.0,13.0,1.0,1.0,3.0
6.0,0.0,0.0,0.0,0.0,0.0,0.0,0.0,0.0,0.0,1.0,0.0,0.0,0,f089440b-5a3b-42ed-b7bc-447d7bbdac35,29.0,7.0,20.0,27.0,3.0,315.308,5.0,0.0,0.0,12.0,14.0,1.0,1.0,3.0
6.0,0.0,0.0,0.0,0.0,0.0,0.0,1.0,0.0,0.0,0.0,0.0,0.0,0,490a0794-e5ae-4367-bd04-d17e523ccf1f,18.0,4.0,19.0,18.0,3.0,255.762,4.0,0.0,0.0,8.0,13.0,1.0,1.0,3.0
6.0,0.0,0.0,0.0,0.0,0.0,0.0,0.0,0.0,0.0,1.0,0.0,0.0,0,95be3b93-807a-4200-9233-964c3063eb7a,28.0,7.0,13.0,25.0,2.0,394.95,4.0,4.0,1.0,13.0,7.0,1.0,1.0,3.0
6.0,0.0,0.0,0.0,0.0,0.0,1.0,0.0,0.0,0.0,0.0,0.0,0.0,0,92508ae8-031c-476f-9fd7-d15e6d16f16f,29.0,9.0,19.0,22.0,2.0,343.167,4.0,2.0,0.0,11.0,13.0,0.0,1.0,3.0
7.0,0.0,0.0,0.0,1.0,0.0,0.0,0.0,0.0,0.0,0.0,0.0,0.0,0,5cffd4e0-098c-4a9d-826d-346791abdf9a,18.0,9.0,10.0,13.0,1.0,278.647,2.0,0.0,1.0,13.0,4.0,0.0,1.0,3.0
7.0,0.0,0.0,0.0,0.0,0.0,0.0,0.0,0.0,1.0,0.0,0.0,0.0,0,93cd641a-6c78-4fce-8a94-9736f598c85e,25.0,3.0,13.0,14.0,1.0,298.167,5.0,2.0,2.0,13.0,11.0,0.0,0.0,4.0
7.0,0.0,0.0,0.0,0.0,0.0,0.0,0.0,0.0,0.0,1.0,0.0,0.0,0,3e0feb6c-3c1b-4492-816e-6ee257b9b857,23.0,7.0,16.0,18.0,1.0,288.545,2.0,2.0,0.0,9.0,13.0,1.0,0.0,4.0
7.0,0.0,0.0,0.0,0.0,0.0,1.0,0.0,0.0,0.0,0.0,0.0,0.0,0,1cb4e0e0-cbb9-4e01-8533-a6672d0ef868,20.0,5.0,18.0,16.0,1.0,267.696,3.0,4.0,0.0,10.0,13.0,1.0,0.0,4.0
7.0,0.0,0.0,0.0,0.0,0.0,0.0,0.0,0.0,0.0,1.0,0.0,0.0,0,d5e530bc-afa0-49b7-9a32-a4040488ed41,9.0,9.0,15.0,10.0,1.0,149.45,1.0,1.0,1.0,13.0,7.0,0.0,0.0,4.0
7.0,0.0,0.0,0.0,0.0,0.0,0.0,1.0,0.0,0.0,0.0,0.0,0.0,0,34a94e8b-d361-47c7-af9f-d26cae9d3550,9.0,4.0,17.0,10.0,1.0,136.571,2.0,1.0,0.0,8.0,13.0,0.0,0.0,4.0
7.0,0.0,0.0,0.0,0.0,0.0,0.0,0.0,0.0,0.0,0.0,1.0,0.0,0,906cdfe8-b5ce-4092-98b4-8f9a945e9b18,10.0,3.0,18.0,8.0,1.0,131.957,1.0,3.0,0.0,10.0,13.0,0.0,0.0,4.0
7.0,0.0,1.0,0.0,0.0,0.0,0.0,0.0,0.0,0.0,0.0,0.0,0.0,0,372dc51c-2f94-4010-8d36-61dc3d0d2eba,17.0,5.0,16.0,11.0,1.0,202.958,1.0,1.0,1.0,13.0,11.0,0.0,0.0,4.0
7.0,0.0,1.0,0.0,0.0,0.0,0.0,0.0,0.0,0.0,0.0,0.0,0.0,0,f56f8f9d-9064-4e23-a574-246d0871494b,24.0,1.0,16.0,9.0,1.0,255.375,7.0,2.0,0.0,11.0,13.0,0.0,0.0,4.0
7.0,0.0,0.0,0.0,0.0,0.0,1.0,0.0,0.0,0.0,0.0,0.0,0.0,0,afa61154-aab1-4c5a-8d0e-21533aaf3bcd,20.0,6.0,12.0,15.0,1.0,268.238,2.0,0.0,1.0,13.0,8.0,0.0,0.0,4.0
7.0,0.0,0.0,0.0,0.0,0.0,1.0,0.0,0.0,0.0,0.0,0.0,0.0,0,8ccb7f8b-0b82-46c2-aed1-0b432331d9ad,8.0,3.0,16.0,5.0,1.0,162.25,3.0,5.0,0.0,3.0,13.0,0.0,1.0,3.0
7.0,0.0,0.0,0.0,0.0,0.0,0.0,0.0,0.0,1.0,0.0,0.0,0.0,0,7c930962-e1b7-419a-b562-24c08052944d,14.0,4.0,20.0,13.0,1.0,161.393,1.0,3.0,1.0,15.0,13.0,1.0,1.0,3.0
7.0,0.0,1.0,0.0,0.0,0.0,0.0,0.0,0.0,0.0,0.0,0.0,0.0,0,512269e1-ce81-40b7-89f7-14c884983978,14.0,5.0,18.0,7.0,1.0,165.261,3.0,3.0,2.0,13.0,10.0,1.0,1.0,3.0
7.0,0.0,0.0,0.0,0.0,0.0,0.0,1.0,0.0,0.0,0.0,0.0,0.0,0,177c2f63-3ec1-4bd1-b7b4-b63f8ad720ed,28.0,12.0,19.0,24.0,1.0,317.538,5.0,2.0,3.0,14.0,12.0,0.0,1.0,3.0
7.0,0.0,0.0,0.0,1.0,0.0,0.0,0.0,0.0,0.0,0.0,0.0,0.0,0,21c5ad03-a450-4781-8d60-577708c1da35,16.0,4.0,17.0,13.0,1.0,205.167,3.0,3.0,4.0,13.0,11.0,0.0,0.0,4.0
7.0,0.0,0.0,0.0,0.0,0.0,0.0,0.0,0.0,0.0,1.0,0.0,0.0,0,988aed90-311e-44f1-adbd-637cd7cefdec,25.0,6.0,16.0,19.0,1.0,327.591,6.0,3.0,0.0,9.0,13.0,0.0,1.0,3.0
7.0,0.0,0.0,0.0,0.0,0.0,1.0,0.0,0.0,0.0,0.0,0.0,0.0,0,775b827e-66a9-4140-8a0a-1fb74951adbb,21.0,12.0,9.0,8.0,1.0,342.176,0.0,2.0,1.0,13.0,4.0,1.0,1.0,3.0
7.0,0.0,0.0,0.0,1.0,0.0,0.0,0.0,0.0,0.0,0.0,0.0,0.0,0,5619fef2-2e03-47bb-89b4-2d4a20f99667,16.0,3.0,13.0,14.0,1.0,250.947,0.0,1.0,0.0,6.0,13.0,0.0,0.0,4.0
7.0,0.0,0.0,0.0,0.0,0.0,0.0,0.0,0.0,0.0,1.0,0.0,0.0,0,e9828922-22fd-44b3-98cd-89c7e81eb684,17.0,5.0,13.0,17.0,1.0,227.429,1.0,0.0,1.0,13.0,8.0,0.0,0.0,4.0
7.0,0.0,0.0,0.0,0.0,0.0,0.0,0.0,0.0,0.0,1.0,0.0,0.0,0,e9504748-2714-4d2a-be7f-62138cf6f386,12.0,8.0,16.0,15.0,1.0,188.105,1.0,2.0,0.0,6.0,13.0,0.0,0.0,4.0
7.0,0.0,0.0,0.0,0.0,0.0,0.0,0.0,0.0,1.0,0.0,0.0,0.0,0,0c230d7f-7746-48f0-a8d5-8f4756d55c7f,11.0,10.0,17.0,11.0,1.0,158.364,1.0,3.0,0.0,9.0,13.0,1.0,0.0,4.0
7.0,0.0,0.0,0.0,0.0,0.0,1.0,0.0,0.0,0.0,0.0,0.0,0.0,0,1396cf6e-476d-4084-b75e-6da31d0a254c,19.0,9.0,11.0,15.0,1.0,272.211,0.0,1.0,1.0,13.0,6.0,1.0,0.0,4.0
7.0,0.0,1.0,0.0,0.0,0.0,0.0,0.0,0.0,0.0,0.0,0.0,0.0,0,7a69aa95-af44-44a7-b547-1f8ae5604009,25.0,2.0,25.0,12.0,1.0,286.654,7.0,6.0,0.0,12.0,14.0,0.0,0.0,4.0
7.0,0.0,0.0,0.0,0.0,0.0,0.0,1.0,0.0,0.0,0.0,0.0,0.0,0,160e519f-cfec-45fa-9634-9c6d5f5674a4,12.0,4.0,15.0,7.0,1.0,161.333,0.0,1.0,0.0,8.0,13.0,0.0,0.0,4.0
7.0,0.0,0.0,0.0,0.0,0.0,0.0,0.0,0.0,1.0,0.0,0.0,0.0,0,0aeae59f-6309-4bac-ba9c-b1ff40875c17,15.0,15.0,7.0,12.0,1.0,248.647,2.0,0.0,1.0,13.0,4.0,0.0,0.0,4.0
6.0,0.0,0.0,0.0,0.0,0.0,1.0,0.0,0.0,0.0,0.0,0.0,0.0,0,4c900af9-541c-4ea6-a515-800e30aeb3b4,16.0,2.0,11.0,13.0,3.0,203.905,1.0,1.0,2.0,13.0,8.0,0.0,0.0,4.0
6.0,0.0,1.0,0.0,0.0,0.0,0.0,0.0,0.0,0.0,0.0,0.0,0.0,0,359e4aeb-ea8a-4df2-9488-76658afffb9a,17.0,9.0,18.0,16.0,3.0,196.269,2.0,1.0,3.0,14.0,12.0,0.0,0.0,4.0
7.0,0.0,0.0,0.0,1.0,0.0,0.0,0.0,0.0,0.0,0.0,0.0,0.0,0,245c4830-1bb5-436e-a161-f2ce384d3da6,24.0,3.0,15.0,18.0,1.0,299.727,5.0,0.0,0.0,9.0,13.0,0.0,1.0,3.0
7.0,0.0,0.0,0.0,0.0,0.0,1.0,0.0,0.0,0.0,0.0,0.0,0.0,0,64d7b6b8-adc9-494f-90c1-fb8a1d154819,17.0,6.0,8.0,12.0,1.0,238.263,2.0,1.0,1.0,13.0,6.0,0.0,0.0,4.0
7.0,0.0,1.0,0.0,0.0,0.0,0.0,0.0,0.0,0.0,0.0,0.0,0.0,0,1ac0a37a-981f-4a12-811e-653f7c8387ea,17.0,10.0,16.0,15.0,1.0,223.708,0.0,0.0,2.0,13.0,11.0,1.0,0.0,4.0
7.0,0.0,0.0,0.0,0.0,0.0,0.0,0.0,0.0,0.0,0.0,1.0,0.0,0,0ac8a6ec-7335-47c8-b5c0-1d6afdabb04e,14.0,9.0,15.0,10.0,1.0,180.333,2.0,0.0,3.0,13.0,8.0,1.0,0.0,4.0
7.0,0.0,0.0,0.0,1.0,0.0,0.0,0.0,0.0,0.0,0.0,0.0,0.0,0,1e2161b6-6ba5-469f-8ca3-8249fa3ed2b8,21.0,4.0,16.0,12.0,1.0,249.261,0.0,2.0,0.0,10.0,13.0,0.0,0.0,4.0
7.0,0.0,0.0,0.0,1.0,0.0,0.0,0.0,0.0,0.0,0.0,0.0,0.0,0,4334683e-b094-42ee-a308-7c29e568798e,30.0,3.0,15.0,21.0,1.0,388.455,7.0,1.0,0.0,9.0,13.0,1.0,0.0,4.0
7.0,0.0,0.0,0.0,0.0,0.0,0.0,1.0,0.0,0.0,0.0,0.0,0.0,0,edddedab-36ed-4d4d-89f3-5a8906ec84d6,17.0,4.0,19.0,11.0,1.0,223.652,0.0,2.0,0.0,10.0,13.0,0.0,0.0,4.0
7.0,0.0,0.0,0.0,0.0,0.0,1.0,0.0,0.0,0.0,0.0,0.0,0.0,0,51f2bd98-5d2a-42bf-91e0-586b5e9964f7,14.0,16.0,17.0,13.0,1.0,183.565,1.0,1.0,0.0,10.0,13.0,0.0,0.0,4.0
7.0,0.0,0.0,0.0,0.0,0.0,0.0,0.0,0.0,0.0,1.0,0.0,0.0,0,83bfb502-d303-40a5-a507-0b52889e0815,17.0,4.0,8.0,16.0,1.0,262.25,0.0,1.0,1.0,13.0,3.0,0.0,0.0,4.0
7.0,0.0,0.0,0.0,0.0,0.0,0.0,0.0,0.0,0.0,0.0,1.0,0.0,0,91771876-21fd-4f37-aa9c-bdb1cc0b8cd7,20.0,9.0,18.0,14.0,1.0,246.5,2.0,1.0,2.0,13.0,11.0,0.0,0.0,4.0
7.0,0.0,0.0,0.0,0.0,0.0,0.0,0.0,0.0,0.0,0.0,1.0,0.0,0,eb6c05b6-d94e-40e1-8a33-3239b6fe0bd8,12.0,7.0,14.0,11.0,1.0,170.316,0.0,3.0,1.0,13.0,6.0,0.0,0.0,4.0
7.0,0.0,1.0,0.0,0.0,0.0,0.0,0.0,0.0,0.0,0.0,0.0,0.0,0,b225c377-8b0b-404d-8dce-7204415b429d,19.0,5.0,12.0,10.0,1.0,245.364,1.0,1.0,2.0,13.0,9.0,0.0,0.0,4.0
7.0,0.0,0.0,0.0,1.0,0.0,0.0,0.0,0.0,0.0,0.0,0.0,0.0,0,c51d15ba-64cb-4fd1-992a-f9d26aefa58d,15.0,5.0,20.0,13.0,1.0,177.0,0.0,3.0,3.0,13.0,11.0,1.0,0.0,4.0
7.0,0.0,0.0,0.0,0.0,0.0,0.0,0.0,0.0,0.0,0.0,1.0,0.0,0,d0e0c3ec-b2d9-4f00-bb77-23b01ee3be4d,22.0,8.0,24.0,18.0,1.0,246.808,7.0,1.0,0.0,12.0,14.0,1.0,0.0,4.0
7.0,0.0,0.0,0.0,0.0,0.0,1.0,0.0,0.0,0.0,0.0,0.0,0.0,0,755c744e-ace0-40be-a079-5870196edec1,10.0,5.0,18.0,8.0,1.0,148.227,2.0,1.0,1.0,13.0,9.0,0.0,0.0,4.0
7.0,0.0,0.0,0.0,0.0,0.0,0.0,0.0,0.0,0.0,0.0,1.0,0.0,0,e523723f-61fa-415d-9c63-9b293a04aedf,14.0,13.0,11.0,9.0,1.0,280.0,0.0,1.0,1.0,13.0,2.0,1.0,0.0,4.0
7.0,0.0,0.0,0.0,0.0,0.0,0.0,0.0,0.0,1.0,0.0,0.0,0.0,0,57f3989b-db23-4e8f-acd0-53984892bb1e,18.0,9.0,11.0,12.0,1.0,295.235,3.0,0.0,2.0,13.0,4.0,1.0,0.0,4.0
7.0,0.0,0.0,0.0,0.0,0.0,0.0,0.0,0.0,0.0,1.0,0.0,0.0,0,1db9c277-a0c7-46f1-baab-862bc89fab2b,19.0,9.0,17.0,15.0,1.0,269.05,0.0,1.0,3.0,13.0,7.0,1.0,0.0,4.0
7.0,0.0,1.0,0.0,0.0,0.0,0.0,0.0,0.0,0.0,0.0,0.0,0.0,0,49288cb5-8b10-4e0c-b03b-cdb2bc906a83,14.0,5.0,12.0,10.0,2.0,260.875,0.0,2.0,0.0,3.0,13.0,0.0,0.0,4.0
7.0,0.0,0.0,0.0,0.0,0.0,0.0,0.0,0.0,0.0,0.0,1.0,0.0,0,3b9783f6-3d4f-4bd6-b5d3-2712a5eccdd6,23.0,8.0,21.0,17.0,2.0,343.0,4.0,4.0,1.0,13.0,8.0,1.0,0.0,4.0
7.0,0.0,0.0,0.0,0.0,0.0,0.0,0.0,0.0,0.0,0.0,1.0,0.0,0,72057aea-2db5-49fe-9989-aa4e9ab94a2b,13.0,8.0,16.0,13.0,1.0,209.238,4.0,2.0,2.0,13.0,8.0,0.0,0.0,4.0
7.0,0.0,0.0,0.0,1.0,0.0,0.0,0.0,0.0,0.0,0.0,0.0,0.0,0,d0b04ecd-cbb8-4284-8051-41510e9a0a78,21.0,3.0,9.0,16.0,1.0,321.882,2.0,0.0,3.0,13.0,4.0,0.0,0.0,4.0
7.0,0.0,1.0,0.0,0.0,0.0,0.0,0.0,0.0,0.0,0.0,0.0,0.0,0,683878ab-56c8-4bb6-be2a-1d65defa0221,11.0,9.0,14.0,9.0,1.0,157.056,0.0,2.0,1.0,13.0,5.0,1.0,0.0,4.0
7.0,0.0,0.0,0.0,0.0,0.0,0.0,0.0,0.0,0.0,1.0,0.0,0.0,0,5fd99cf6-cc05-4505-8e78-9bd7d7d2739e,21.0,16.0,20.0,15.0,2.0,241.038,2.0,1.0,1.0,14.0,12.0,1.0,0.0,4.0
7.0,0.0,0.0,0.0,0.0,0.0,0.0,0.0,0.0,1.0,0.0,0.0,0.0,0,8bd743b1-76d2-4f73-bb38-96b93e46db33,18.0,3.0,15.0,15.0,2.0,329.176,2.0,3.0,0.0,4.0,13.0,0.0,0.0,4.0
7.0,0.0,0.0,0.0,0.0,0.0,0.0,0.0,0.0,1.0,0.0,0.0,0.0,0,d9970512-6829-4594-9faf-6e57a6cb866a,17.0,16.0,12.0,11.0,2.0,250.316,0.0,1.0,1.0,13.0,6.0,1.0,0.0,4.0
7.0,0.0,0.0,0.0,1.0,0.0,0.0,0.0,0.0,0.0,0.0,0.0,0.0,0,ea0c9984-93f9-488f-ab4c-f54aed0e3973,16.0,0.0,10.0,5.0,2.0,231.471,1.0,2.0,2.0,13.0,4.0,0.0,0.0,4.0
7.0,0.0,0.0,0.0,1.0,0.0,0.0,0.0,0.0,0.0,0.0,0.0,0.0,0,1327b7d0-2393-4c95-bfbe-d8e0d071a195,19.0,3.0,14.0,15.0,2.0,228.739,0.0,0.0,1.0,13.0,10.0,0.0,0.0,4.0
7.0,0.0,1.0,0.0,0.0,0.0,0.0,0.0,0.0,0.0,0.0,0.0,0.0,0,cafb52f1-b0f7-4dfb-9272-bb9a0249095a,10.0,6.0,16.0,4.0,2.0,162.85,0.0,0.0,0.0,7.0,13.0,0.0,0.0,4.0
7.0,0.0,0.0,0.0,0.0,0.0,1.0,0.0,0.0,0.0,0.0,0.0,0.0,0,cd29ae4b-b425-4bb8-9cdc-760a8db7536d,17.0,11.0,15.0,10.0,2.0,234.143,0.0,0.0,1.0,13.0,8.0,0.0,0.0,4.0
7.0,0.0,0.0,0.0,0.0,0.0,0.0,0.0,0.0,0.0,1.0,0.0,0.0,0,5c14b05f-74af-434e-b45b-82557e9e3ef1,11.0,13.0,18.0,9.0,2.0,191.25,1.0,3.0,0.0,7.0,13.0,1.0,0.0,4.0
7.0,0.0,1.0,0.0,0.0,0.0,0.0,0.0,0.0,0.0,0.0,0.0,0.0,0,87a27b07-d6e4-401d-8632-1a87faaddceb,8.0,4.0,15.0,8.0,2.0,153.895,1.0,0.0,0.0,6.0,13.0,0.0,0.0,4.0
4.0,0.0,0.0,0.0,0.0,0.0,0.0,0.0,0.0,0.0,0.0,1.0,0.0,0,f9907ded-aa9c-4e62-822d-1ac701a5d4f7,27.0,3.0,15.0,18.0,1.0,288.958,3.0,1.0,0.0,11.0,13.0,1.0,0.0,4.0
4.0,0.0,0.0,0.0,0.0,0.0,1.0,0.0,0.0,0.0,0.0,0.0,0.0,0,0c6e5b73-61ae-4ae1-b1d9-82935ef55eaa,14.0,9.0,12.0,10.0,1.0,224.882,2.0,2.0,1.0,13.0,4.0,0.0,0.0,4.0
4.0,0.0,1.0,0.0,0.0,0.0,0.0,0.0,0.0,0.0,0.0,0.0,0.0,0,d0fa2f08-5889-4e03-90d0-558c96b6a33c,10.0,17.0,19.0,5.0,1.0,143.565,3.0,0.0,2.0,13.0,10.0,0.0,0.0,4.0
4.0,0.0,0.0,0.0,0.0,0.0,0.0,0.0,0.0,0.0,0.0,1.0,0.0,0,e1834417-692b-4e00-aa20-847d66972f30,16.0,5.0,16.0,16.0,1.0,235.3,1.0,0.0,0.0,7.0,13.0,0.0,0.0,4.0
4.0,0.0,0.0,0.0,0.0,0.0,0.0,1.0,0.0,0.0,0.0,0.0,0.0,0,0316ff1a-08cf-4359-9643-039fb8060b22,18.0,3.0,10.0,14.0,1.0,236.579,5.0,4.0,1.0,13.0,6.0,0.0,0.0,4.0
4.0,0.0,0.0,0.0,0.0,0.0,0.0,0.0,0.0,0.0,1.0,0.0,0.0,0,82c1bcfa-734f-45a5-b2d2-a0992c9ea9db,17.0,10.0,20.0,13.0,1.0,191.0,2.0,5.0,0.0,12.0,14.0,1.0,0.0,4.0
4.0,0.0,0.0,0.0,1.0,0.0,0.0,0.0,0.0,0.0,0.0,0.0,0.0,0,96eb73b1-c508-46c4-b716-ec7bd5e1c381,11.0,7.0,16.0,10.0,1.0,138.261,0.0,2.0,1.0,13.0,10.0,0.0,0.0,4.0
4.0,0.0,1.0,0.0,0.0,0.0,0.0,0.0,0.0,0.0,0.0,0.0,0.0,0,6e4dc400-eaca-4f0b-a87d-113721f38f7f,29.0,3.0,19.0,24.0,1.0,276.286,3.0,2.0,2.0,15.0,13.0,0.0,0.0,4.0
4.0,0.0,0.0,0.0,0.0,0.0,1.0,0.0,0.0,0.0,0.0,0.0,0.0,0,8f3600f0-6804-4d62-934d-b79367054f65,18.0,3.0,14.0,20.0,1.0,276.684,0.0,1.0,0.0,6.0,13.0,0.0,0.0,4.0
4.0,0.0,0.0,0.0,0.0,0.0,0.0,1.0,0.0,0.0,0.0,0.0,0.0,0,86c1018d-430e-46ae-864d-5c53a5f927b8,20.0,8.0,15.0,23.0,2.0,255.952,2.0,1.0,0.0,8.0,13.0,0.0,0.0,4.0
4.0,0.0,0.0,0.0,0.0,0.0,0.0,1.0,0.0,0.0,0.0,0.0,0.0,0,289c731a-bf25-466b-8fb1-85a455782d27,16.0,4.0,14.0,12.0,2.0,254.611,1.0,0.0,0.0,5.0,13.0,1.0,0.0,4.0
4.0,0.0,0.0,0.0,0.0,0.0,0.0,0.0,0.0,0.0,1.0,0.0,0.0,0,90d208b1-a4f6-47d4-926a-f2f8b02a243d,11.0,5.0,10.0,11.0,1.0,151.55,1.0,1.0,1.0,13.0,7.0,0.0,0.0,4.0
4.0,0.0,0.0,0.0,0.0,0.0,0.0,0.0,0.0,1.0,0.0,0.0,0.0,0,4a318fc6-c615-4b41-ba66-fa956759338f,16.0,5.0,17.0,13.0,1.0,192.875,1.0,2.0,2.0,13.0,11.0,0.0,0.0,4.0
4.0,0.0,0.0,0.0,0.0,0.0,0.0,0.0,0.0,1.0,0.0,0.0,0.0,0,b2e2bbd2-dd6e-4c45-af17-13fdac37a244,9.0,10.0,16.0,8.0,1.0,134.429,1.0,0.0,0.0,8.0,13.0,0.0,0.0,4.0
4.0,0.0,0.0,0.0,0.0,0.0,1.0,0.0,0.0,0.0,0.0,0.0,0.0,0,a06a6562-0cf6-4871-86f5-2657afb28117,10.0,6.0,15.0,7.0,1.0,132.87,2.0,4.0,1.0,13.0,10.0,1.0,0.0,4.0
4.0,0.0,0.0,0.0,0.0,0.0,0.0,0.0,0.0,0.0,0.0,1.0,0.0,0,3b90e8fc-56e2-435e-a6a2-242e2f2aa9e7,15.0,4.0,16.0,13.0,1.0,221.421,3.0,0.0,0.0,6.0,13.0,0.0,0.0,4.0
4.0,0.0,0.0,0.0,0.0,0.0,1.0,0.0,0.0,0.0,0.0,0.0,0.0,0,151d283d-b3b3-4284-bd02-1a988887506c,17.0,1.0,21.0,13.0,1.0,166.25,2.0,5.0,1.0,15.0,13.0,0.0,0.0,4.0
4.0,0.0,0.0,0.0,0.0,0.0,0.0,0.0,0.0,0.0,0.0,1.0,0.0,0,1c5e83a5-6eb5-4081-9da5-9937a97f6622,12.0,11.0,11.0,11.0,1.0,187.947,2.0,1.0,2.0,13.0,6.0,0.0,0.0,4.0
4.0,0.0,0.0,0.0,0.0,0.0,0.0,0.0,0.0,0.0,0.0,1.0,0.0,0,52b91278-1416-4599-8844-3c9859bf8974,25.0,2.0,17.0,22.0,1.0,252.923,4.0,4.0,1.0,14.0,12.0,0.0,0.0,4.0
4.0,0.0,0.0,0.0,0.0,0.0,0.0,0.0,0.0,0.0,1.0,0.0,0.0,0,2eabf4d9-467a-4895-9fe3-9cec733a006c,12.0,7.0,23.0,11.0,2.0,132.731,0.0,2.0,1.0,14.0,12.0,0.0,0.0,4.0
4.0,0.0,0.0,0.0,1.0,0.0,0.0,0.0,0.0,0.0,0.0,0.0,0.0,0,c0802cd0-06b3-4c16-a4cf-40f019b37476,17.0,5.0,15.0,16.0,2.0,228.667,3.0,3.0,2.0,13.0,8.0,1.0,0.0,4.0
4.0,0.0,0.0,0.0,0.0,0.0,1.0,0.0,0.0,0.0,0.0,0.0,0.0,0,e770bdc5-86f8-47d6-922a-6f7047f60127,12.0,10.0,18.0,14.0,2.0,192.0,1.0,2.0,0.0,8.0,13.0,0.0,0.0,4.0
4.0,0.0,0.0,0.0,0.0,0.0,0.0,0.0,0.0,1.0,0.0,0.0,0.0,0,b03a1445-bba3-45af-9edb-c6f490485b9e,14.0,6.0,16.0,11.0,2.0,187.091,2.0,0.0,0.0,9.0,13.0,0.0,0.0,4.0
4.0,0.0,0.0,0.0,0.0,0.0,1.0,0.0,0.0,0.0,0.0,0.0,0.0,0,df044a50-dab6-4eea-8dc4-dba793b221ef,22.0,7.0,25.0,17.0,2.0,215.406,1.0,6.0,0.0,16.0,16.0,0.0,0.0,4.0
4.0,0.0,0.0,0.0,0.0,0.0,0.0,0.0,0.0,1.0,0.0,0.0,0.0,0,ae39344d-7a7f-4a8a-98b7-2b9e39bb9726,11.0,2.0,12.0,11.0,2.0,178.941,1.0,4.0,1.0,13.0,4.0,0.0,0.0,4.0
4.0,0.0,0.0,0.0,0.0,0.0,0.0,0.0,0.0,0.0,0.0,1.0,0.0,0,59296980-7878-49d4-b0d6-933be288694a,12.0,5.0,10.0,9.0,3.0,184.895,1.0,0.0,1.0,13.0,6.0,1.0,0.0,4.0
4.0,0.0,0.0,0.0,0.0,0.0,1.0,0.0,0.0,0.0,0.0,0.0,0.0,0,364bd640-fb09-476f-8f7a-76cac04e1fcd,17.0,11.0,16.0,12.0,2.0,213.87,0.0,0.0,3.0,13.0,10.0,0.0,0.0,4.0
4.0,0.0,1.0,0.0,0.0,0.0,0.0,0.0,0.0,0.0,0.0,0.0,0.0,0,255ca825-2a04-4687-87a5-36277e84f412,21.0,4.0,14.0,16.0,2.0,221.667,2.0,1.0,4.0,13.0,11.0,1.0,0.0,4.0
4.0,0.0,0.0,0.0,0.0,0.0,0.0,0.0,0.0,1.0,0.0,0.0,0.0,0,0a40ae6f-3d50-4811-8b42-21ffcef4ff90,5.0,8.0,3.0,6.0,2.0,102.071,1.0,0.0,5.0,7.0,1.0,0.0,0.0,4.0
4.0,0.0,0.0,0.0,1.0,0.0,0.0,0.0,0.0,0.0,0.0,0.0,0.0,0,3bad4c53-729f-4c5d-8756-c8cdb4fae9c6,22.0,3.0,13.0,14.0,3.0,280.952,2.0,3.0,1.0,13.0,8.0,0.0,0.0,4.0
4.0,0.0,0.0,0.0,0.0,0.0,1.0,0.0,0.0,0.0,0.0,0.0,0.0,0,0c2f5335-4e78-4b7c-bba7-91b14309b398,17.0,3.0,14.0,15.0,3.0,233.95,3.0,4.0,3.0,13.0,7.0,1.0,0.0,4.0
4.0,0.0,0.0,0.0,0.0,0.0,0.0,0.0,0.0,1.0,0.0,0.0,0.0,0,8277ed7a-6f35-439b-81dd-804bbca962bc,24.0,8.0,14.0,14.0,3.0,245.333,0.0,2.0,1.0,13.0,11.0,0.0,0.0,4.0
4.0,0.0,0.0,0.0,0.0,0.0,0.0,0.0,0.0,0.0,1.0,0.0,0.0,0,adbce4c3-5605-43c0-be3f-28b8e13d8c1c,7.0,5.0,14.0,4.0,3.0,111.0,0.0,4.0,2.0,13.0,5.0,0.0,0.0,4.0
6.0,0.0,1.0,0.0,0.0,0.0,0.0,0.0,0.0,0.0,0.0,0.0,0.0,0,3ece756e-0406-4a6d-bc00-33c3e1289224,24.0,9.0,26.0,22.0,1.0,244.533,7.0,3.0,0.0,15.0,15.0,1.0,2.0,2.0
6.0,0.0,0.0,0.0,0.0,0.0,1.0,0.0,0.0,0.0,0.0,0.0,0.0,0,fa9f4cfc-4915-4aaf-a501-38b002c0b43b,22.0,6.0,18.0,18.0,1.0,261.125,4.0,1.0,1.0,13.0,11.0,0.0,1.0,3.0
6.0,0.0,0.0,0.0,0.0,0.0,0.0,0.0,0.0,0.0,0.0,1.0,0.0,0,fd82c016-1639-472e-9c2c-0af9dcd32709,16.0,5.0,11.0,14.0,1.0,253.789,2.0,1.0,2.0,13.0,6.0,1.0,1.0,3.0
6.0,0.0,0.0,0.0,0.0,0.0,0.0,0.0,0.0,1.0,0.0,0.0,0.0,0,e3a03ce7-d0ba-45e4-aefa-1a3e653c7157,13.0,1.0,16.0,10.0,1.0,206.944,3.0,3.0,0.0,5.0,13.0,0.0,1.0,3.0
6.0,0.0,0.0,0.0,0.0,0.0,0.0,0.0,0.0,0.0,1.0,0.0,0.0,0,10dbd5a9-5912-4ac5-a46e-b4724beee68c,18.0,6.0,18.0,9.0,1.0,231.217,5.0,3.0,1.0,13.0,10.0,0.0,1.0,3.0
6.0,0.0,0.0,0.0,0.0,0.0,0.0,0.0,0.0,0.0,1.0,0.0,0.0,0,313c583c-c564-4fe0-b29c-042ef3d30c59,15.0,8.0,8.0,10.0,1.0,200.895,2.0,2.0,1.0,13.0,6.0,0.0,1.0,3.0
6.0,0.0,0.0,0.0,1.0,0.0,0.0,0.0,0.0,0.0,0.0,0.0,0.0,0,06be74d8-9eb4-477d-94c6-a47d8a1a4170,12.0,5.0,13.0,12.0,1.0,183.158,2.0,1.0,2.0,13.0,6.0,0.0,1.0,3.0
6.0,0.0,0.0,0.0,0.0,0.0,0.0,0.0,0.0,0.0,0.0,1.0,0.0,0,727374c3-f700-4f7c-ad7a-f0cbdc482fa0,26.0,6.0,20.0,24.0,1.0,297.538,8.0,1.0,1.0,14.0,12.0,1.0,0.0,4.0
6.0,0.0,0.0,0.0,0.0,0.0,1.0,0.0,0.0,0.0,0.0,0.0,0.0,0,ffff62a5-7569-4625-808f-7a785ad61234,15.0,4.0,16.0,15.0,2.0,203.682,1.0,0.0,0.0,9.0,13.0,0.0,1.0,3.0
6.0,0.0,0.0,0.0,1.0,0.0,0.0,0.0,0.0,0.0,0.0,0.0,0.0,0,bbde0dd5-6605-4d57-b7ce-ae09cd15be4b,22.0,7.0,19.0,23.0,2.0,274.435,1.0,2.0,0.0,10.0,13.0,0.0,1.0,3.0
6.0,0.0,0.0,0.0,0.0,0.0,0.0,0.0,0.0,0.0,0.0,1.0,0.0,0,3aa9f039-3833-4dde-92a6-97e100958c1d,28.0,2.0,20.0,27.0,1.0,293.0,5.0,3.0,1.0,14.0,12.0,1.0,1.0,3.0
6.0,0.0,0.0,0.0,0.0,0.0,0.0,1.0,0.0,0.0,0.0,0.0,0.0,0,c17a5229-543d-46d2-9c52-2735a798fec6,24.0,5.0,18.0,21.0,1.0,282.333,6.0,3.0,2.0,13.0,11.0,0.0,1.0,3.0
7.0,0.0,0.0,0.0,1.0,0.0,0.0,0.0,0.0,0.0,0.0,0.0,0.0,0,5cffd4e0-098c-4a9d-826d-346791abdf9a,4.0,2.0,16.0,4.0,1.0,80.882,1.0,1.0,0.0,4.0,13.0,0.0,0.0,4.0
7.0,0.0,0.0,0.0,0.0,0.0,1.0,0.0,0.0,0.0,0.0,0.0,0.0,0,37c84a6c-889f-4345-90cf-c02ae94ce980,20.0,1.0,16.0,12.0,1.0,225.75,5.0,3.0,1.0,13.0,11.0,1.0,1.0,3.0
7.0,0.0,0.0,0.0,0.0,0.0,1.0,0.0,0.0,0.0,0.0,0.0,0.0,0,62b925a9-c638-416c-a547-53fee473a6bd,13.0,0.0,17.0,13.0,1.0,198.762,5.0,2.0,0.0,8.0,13.0,1.0,0.0,4.0
7.0,0.0,0.0,0.0,0.0,0.0,0.0,0.0,0.0,0.0,0.0,1.0,0.0,0,9e035e6d-ad3e-44bb-89fd-89a8c83a5ed3,6.0,1.0,17.0,5.0,1.0,102.941,1.0,6.0,0.0,4.0,13.0,0.0,0.0,4.0
7.0,0.0,0.0,0.0,0.0,0.0,0.0,0.0,0.0,0.0,1.0,0.0,0.0,0,03cbc1f5-9e1f-4d6f-9371-b6e2e9474824,25.0,1.0,22.0,15.0,1.0,276.692,7.0,4.0,0.0,12.0,14.0,1.0,0.0,4.0
7.0,0.0,1.0,0.0,0.0,0.0,0.0,0.0,0.0,0.0,0.0,0.0,0.0,0,d7b4eeab-dbe4-406b-b099-b233600f0ea6,7.0,7.0,11.0,8.0,1.0,123.833,0.0,3.0,0.0,5.0,13.0,0.0,0.0,4.0
7.0,0.0,0.0,0.0,1.0,0.0,0.0,0.0,0.0,0.0,0.0,0.0,0.0,0,dc97b49c-c707-4557-95b3-4cc1e63c7a01,12.0,3.0,16.0,8.0,1.0,175.4,6.0,6.0,1.0,13.0,7.0,0.0,0.0,4.0
7.0,0.0,0.0,0.0,0.0,0.0,0.0,0.0,0.0,0.0,1.0,0.0,0.0,0,6e4b9c2e-4c44-4c05-a8c8-ae85534506ed,25.0,7.0,18.0,23.0,1.0,277.292,1.0,2.0,2.0,13.0,11.0,0.0,0.0,4.0
7.0,0.0,1.0,0.0,0.0,0.0,0.0,0.0,0.0,0.0,0.0,0.0,0.0,0,5bb6cffd-63a7-4713-9dbf-555b02422092,17.0,6.0,16.0,16.0,1.0,244.81,5.0,4.0,0.0,8.0,13.0,0.0,1.0,3.0
7.0,0.0,0.0,0.0,0.0,0.0,0.0,0.0,0.0,0.0,1.0,0.0,0.0,0,9ac13629-7433-47c5-9f7b-2f833518851a,23.0,3.0,21.0,19.0,1.0,293.455,3.0,3.0,0.0,9.0,13.0,0.0,1.0,3.0
6.0,0.0,0.0,0.0,0.0,0.0,0.0,1.0,0.0,0.0,0.0,0.0,0.0,0,c5832794-4521-4e2c-aed7-1da8a625686e,14.0,5.0,14.0,14.0,3.0,236.895,5.0,4.0,1.0,13.0,6.0,1.0,0.0,4.0
7.0,0.0,0.0,0.0,0.0,0.0,0.0,0.0,0.0,1.0,0.0,0.0,0.0,0,33bf985b-191e-445f-a380-0b764fa9cb2d,25.0,4.0,14.0,23.0,1.0,339.0,4.0,1.0,0.0,7.0,13.0,0.0,0.0,4.0
6.0,0.0,0.0,0.0,0.0,0.0,1.0,0.0,0.0,0.0,0.0,0.0,0.0,0,20512df4-db2d-4b12-acf9-d9993261e69f,13.0,3.0,14.0,9.0,3.0,220.278,7.0,3.0,1.0,13.0,5.0,0.0,0.0,4.0
5.0,0.0,0.0,0.0,0.0,0.0,0.0,0.0,0.0,0.0,1.0,0.0,0.0,0,9b67b670-fa23-4f47-96a5-809b33e71e22,23.0,5.0,19.0,17.0,2.0,202.633,4.0,3.0,1.0,16.0,14.0,1.0,1.0,3.0
5.0,0.0,0.0,0.0,0.0,0.0,0.0,1.0,0.0,0.0,0.0,0.0,0.0,0,db56099c-8a7e-4bb8-a5d9-7df7a73b8066,17.0,0.0,7.0,10.0,2.0,218.167,1.0,0.0,2.0,13.0,5.0,1.0,2.0,2.0
5.0,0.0,0.0,0.0,0.0,0.0,1.0,0.0,0.0,0.0,0.0,0.0,0.0,0,0d8902c0-769c-408b-ae83-adca65559bf7,21.0,8.0,16.0,17.0,2.0,253.417,2.0,0.0,3.0,13.0,11.0,0.0,1.0,3.0
5.0,0.0,0.0,0.0,1.0,0.0,0.0,0.0,0.0,0.0,0.0,0.0,0.0,0,77c013e8-1e3b-4b39-b213-b257f92aa569,18.0,2.0,13.0,16.0,2.0,285.389,2.0,2.0,0.0,5.0,13.0,1.0,1.0,3.0
5.0,0.0,0.0,0.0,0.0,0.0,0.0,0.0,0.0,1.0,0.0,0.0,0.0,0,98fee671-fbb1-42ad-9dbb-be1cb622aa70,24.0,3.0,17.0,17.0,2.0,235.615,5.0,1.0,1.0,14.0,12.0,1.0,1.0,3.0
5.0,0.0,0.0,0.0,0.0,0.0,1.0,0.0,0.0,0.0,0.0,0.0,0.0,0,3e02dd1e-a0de-4ad4-8f84-67bc1aab2a3b,14.0,12.0,12.0,8.0,2.0,218.2,0.0,3.0,1.0,13.0,7.0,0.0,1.0,3.0
5.0,0.0,1.0,0.0,0.0,0.0,0.0,0.0,0.0,0.0,0.0,0.0,0.0,0,d2ca7775-6047-402d-9545-6cecfbb6284d,23.0,10.0,16.0,17.0,2.0,279.458,0.0,0.0,1.0,13.0,11.0,0.0,1.0,3.0
5.0,0.0,0.0,0.0,0.0,0.0,0.0,0.0,0.0,1.0,0.0,0.0,0.0,0,2057d2ac-80e5-418f-8c1e-b75a748b41bc,17.0,7.0,19.0,15.0,2.0,219.364,3.0,1.0,0.0,9.0,13.0,0.0,1.0,3.0
5.0,0.0,0.0,0.0,0.0,0.0,0.0,1.0,0.0,0.0,0.0,0.0,0.0,0,d7b169e9-4314-4053-888a-2ad2c38231e2,21.0,3.0,14.0,13.0,2.0,273.136,3.0,3.0,1.0,13.0,9.0,1.0,1.0,3.0
5.0,0.0,0.0,0.0,0.0,0.0,1.0,0.0,0.0,0.0,0.0,0.0,0.0,0,46a091b7-3e49-4cab-9e19-9a1ebef92365,17.0,3.0,16.0,9.0,2.0,211.087,3.0,3.0,2.0,13.0,10.0,1.0,1.0,3.0
5.0,0.0,0.0,0.0,0.0,0.0,0.0,0.0,0.0,1.0,0.0,0.0,0.0,0,49c31dd4-562d-4a46-a456-f66c616b13f4,29.0,5.0,15.0,13.0,3.0,342.783,3.0,0.0,0.0,10.0,13.0,1.0,1.0,3.0
5.0,0.0,0.0,0.0,0.0,0.0,0.0,1.0,0.0,0.0,0.0,0.0,0.0,0,4178e4ac-f596-4f92-8097-e76abb520e76,19.0,5.0,17.0,14.0,3.0,268.19,5.0,0.0,0.0,8.0,13.0,1.0,1.0,3.0
5.0,0.0,0.0,0.0,0.0,0.0,0.0,0.0,0.0,0.0,0.0,1.0,0.0,0,1526ce4f-d8c9-44f4-a15d-35ff1416acc2,16.0,5.0,15.0,14.0,3.0,205.958,1.0,1.0,1.0,13.0,11.0,1.0,1.0,3.0
5.0,0.0,0.0,0.0,0.0,0.0,0.0,0.0,0.0,0.0,0.0,1.0,0.0,0,d297ad82-0e69-4840-9598-96d32305eef1,16.0,9.0,8.0,15.0,3.0,264.588,2.0,0.0,2.0,13.0,4.0,1.0,1.0,3.0
5.0,0.0,0.0,0.0,0.0,0.0,0.0,0.0,0.0,0.0,1.0,0.0,0.0,0,8873b087-086a-4c47-bd77-4ca8ca8e6fb3,4.0,0.0,4.0,3.0,3.0,85.929,0.0,1.0,0.0,1.0,4.0,1.0,1.0,3.0
5.0,0.0,0.0,0.0,0.0,0.0,0.0,0.0,0.0,1.0,0.0,0.0,0.0,0,7f70f402-86e4-4f30-aa57-46f2f2d890af,19.0,2.0,17.0,12.0,3.0,222.261,3.0,2.0,0.0,10.0,13.0,1.0,1.0,3.0
5.0,0.0,0.0,0.0,1.0,0.0,0.0,0.0,0.0,0.0,0.0,0.0,0.0,0,787aaba6-c0f6-4794-b7fc-45a3fcad04dd,20.0,4.0,12.0,13.0,2.0,328.529,2.0,2.0,1.0,13.0,4.0,1.0,1.0,3.0
5.0,0.0,0.0,0.0,0.0,0.0,0.0,1.0,0.0,0.0,0.0,0.0,0.0,0,73c7797e-b61b-4d9a-a819-739bfac4e76d,15.0,4.0,10.0,8.0,3.0,216.895,3.0,1.0,1.0,13.0,6.0,1.0,1.0,3.0
5.0,0.0,0.0,0.0,0.0,0.0,0.0,0.0,0.0,1.0,0.0,0.0,0.0,0,c2e14e54-d16d-4e8c-a043-112267df805a,15.0,4.0,15.0,7.0,2.0,212.095,4.0,2.0,2.0,13.0,8.0,1.0,1.0,3.0
5.0,0.0,0.0,0.0,0.0,0.0,0.0,0.0,0.0,0.0,0.0,1.0,0.0,0,9c3af02c-954d-4e65-94eb-3276ef34ec1b,28.0,5.0,21.0,19.0,3.0,267.067,6.0,3.0,0.0,14.0,16.0,1.0,1.0,3.0
5.0,0.0,0.0,0.0,0.0,0.0,0.0,0.0,0.0,0.0,0.0,1.0,0.0,0,41fd8743-edd4-46b1-bcb0-00eb689e1394,13.0,2.0,15.0,12.0,3.0,169.522,2.0,2.0,0.0,10.0,13.0,1.0,1.0,3.0
5.0,0.0,0.0,0.0,0.0,0.0,0.0,0.0,0.0,1.0,0.0,0.0,0.0,0,cedf0d0e-07a2-42c1-8311-a11ea5fdeb74,25.0,4.0,9.0,22.0,3.0,399.722,2.0,2.0,1.0,13.0,5.0,1.0,1.0,3.0
5.0,0.0,0.0,0.0,0.0,0.0,1.0,0.0,0.0,0.0,0.0,0.0,0.0,0,01ac2dc5-dc24-46b1-bec3-bcaa053944c6,18.0,0.0,11.0,10.0,3.0,232.381,3.0,1.0,1.0,13.0,8.0,1.0,1.0,3.0
5.0,0.0,0.0,0.0,0.0,0.0,0.0,1.0,0.0,0.0,0.0,0.0,0.0,0,e4f8ea51-c523-4d4c-b289-0e42d20ba31e,19.0,0.0,21.0,13.0,3.0,208.5,4.0,4.0,0.0,11.0,13.0,1.0,1.0,3.0
5.0,0.0,0.0,0.0,0.0,0.0,1.0,0.0,0.0,0.0,0.0,0.0,0.0,0,ff04948e-15be-421a-8017-b141767014c7,22.0,1.0,16.0,16.0,3.0,291.909,7.0,2.0,0.0,9.0,13.0,0.0,1.0,3.0
1.0,0.0,0.0,0.0,0.0,0.0,0.0,0.0,0.0,0.0,0.0,1.0,0.0,0,7959ef3e-08b2-4e28-9692-524c41b1c71e,15.0,3.0,16.0,7.0,2.0,183.478,1.0,0.0,1.0,13.0,10.0,1.0,2.0,2.0
1.0,0.0,0.0,1.0,0.0,0.0,0.0,0.0,0.0,0.0,0.0,0.0,0.0,0,4eed53d4-7923-438b-9a55-3805af10817f,12.0,7.0,15.0,13.0,2.0,186.696,0.0,1.0,0.0,10.0,13.0,1.0,1.0,3.0
1.0,0.0,0.0,0.0,0.0,0.0,0.0,0.0,0.0,1.0,0.0,0.0,0.0,0,00fa081a-0796-466b-a9f8-0fb5bc983aee,11.0,3.0,19.0,7.0,2.0,160.391,0.0,2.0,1.0,13.0,10.0,1.0,4.0,0.0
1.0,0.0,0.0,1.0,0.0,0.0,0.0,0.0,0.0,0.0,0.0,0.0,0.0,0,8ff76795-fcd9-403d-9b44-bb4978821d02,17.0,12.0,16.0,9.0,2.0,230.364,3.0,2.0,2.0,13.0,9.0,0.0,2.0,2.0
1.0,0.0,0.0,0.0,0.0,0.0,0.0,0.0,0.0,0.0,1.0,0.0,0.0,0,89c05b9c-3304-4660-8639-ad7798a67e4f,10.0,0.0,17.0,8.0,2.0,164.211,1.0,1.0,0.0,6.0,13.0,1.0,1.0,3.0
1.0,0.0,0.0,0.0,0.0,0.0,0.0,0.0,0.0,1.0,0.0,0.0,0.0,0,18542641-aed5-403e-a6fd-986a17a4fb1c,19.0,3.0,9.0,11.0,2.0,249.2,0.0,0.0,1.0,13.0,7.0,1.0,1.0,3.0
1.0,0.0,0.0,0.0,0.0,0.0,0.0,0.0,0.0,0.0,0.0,1.0,0.0,0,7e8b2020-613e-41fd-b76b-64a335dc09f2,16.0,6.0,17.0,7.0,2.0,237.955,0.0,1.0,2.0,13.0,9.0,0.0,1.0,3.0
1.0,0.0,0.0,1.0,0.0,0.0,0.0,0.0,0.0,0.0,0.0,0.0,0.0,0,e35bbacc-e9b5-4741-9232-af6af4aca4df,18.0,10.0,13.0,10.0,1.0,278.429,3.0,1.0,1.0,13.0,8.0,0.0,2.0,2.0
1.0,0.0,0.0,0.0,0.0,0.0,1.0,0.0,0.0,0.0,0.0,0.0,0.0,0,f24041d1-1da6-4b87-9b2a-29828a3149e0,7.0,4.0,16.0,8.0,1.0,121.81,1.0,1.0,0.0,8.0,13.0,1.0,1.0,3.0
1.0,0.0,0.0,0.0,0.0,0.0,0.0,0.0,0.0,0.0,1.0,0.0,0.0,0,1c9f77b2-5fa9-4653-b349-648b5a7f6987,18.0,4.0,8.0,9.0,1.0,248.722,2.0,0.0,1.0,13.0,5.0,1.0,1.0,3.0
1.0,0.0,0.0,0.0,0.0,0.0,0.0,0.0,0.0,0.0,0.0,1.0,0.0,0,08d68621-3942-437b-a333-a3c8e4324a66,31.0,5.0,16.0,12.0,1.0,431.095,5.0,2.0,0.0,8.0,13.0,1.0,1.0,3.0
1.0,0.0,0.0,1.0,0.0,0.0,0.0,0.0,0.0,0.0,0.0,0.0,0.0,0,87b84057-306d-4ebf-9e3b-08d55cdbe741,18.0,11.0,18.0,9.0,1.0,185.857,1.0,0.0,1.0,15.0,13.0,0.0,0.0,4.0
1.0,0.0,0.0,0.0,0.0,0.0,0.0,0.0,0.0,0.0,0.0,1.0,0.0,0,9c6783b9-57f0-4db0-8d78-a55fdf2a6c58,16.0,9.0,16.0,8.0,1.0,196.5,1.0,1.0,0.0,12.0,14.0,1.0,1.0,3.0
1.0,0.0,0.0,0.0,0.0,0.0,0.0,1.0,0.0,0.0,0.0,0.0,0.0,0,e8b56652-ec85-40c4-97e8-591e74797545,1.0,4.0,17.0,0.0,1.0,44.7,0.0,2.0,0.0,7.0,13.0,0.0,1.0,3.0
1.0,0.0,0.0,0.0,0.0,0.0,0.0,0.0,0.0,0.0,1.0,0.0,0.0,0,70dbd6b6-9958-42d9-a39c-cfabb8b82c5e,13.0,7.0,16.0,6.0,1.0,185.682,0.0,2.0,0.0,9.0,13.0,0.0,2.0,2.0
1.0,0.0,0.0,0.0,0.0,0.0,0.0,0.0,0.0,0.0,1.0,0.0,0.0,0,14bc156a-1e50-472e-ba01-5bd8c94ac171,19.0,4.0,18.0,8.0,1.0,207.808,2.0,1.0,1.0,14.0,12.0,1.0,0.0,4.0
1.0,0.0,0.0,0.0,0.0,0.0,0.0,0.0,0.0,0.0,1.0,0.0,0.0,0,8d028621-7c72-4364-afce-944963765a6a,11.0,11.0,20.0,6.0,1.0,149.292,1.0,5.0,0.0,11.0,13.0,0.0,2.0,2.0
1.0,0.0,0.0,0.0,0.0,0.0,0.0,0.0,0.0,0.0,0.0,1.0,0.0,0,d034107a-37cd-4789-9a6e-69b9496e0e3d,9.0,3.0,16.0,3.0,1.0,160.294,1.0,0.0,0.0,4.0,13.0,1.0,2.0,2.0
1.0,0.0,0.0,0.0,1.0,0.0,0.0,0.0,0.0,0.0,0.0,0.0,0.0,0,5a71c513-2ef9-4e7b-a3d0-70bb49e5078b,18.0,1.0,22.0,6.0,1.0,183.75,3.0,6.0,0.0,13.0,15.0,0.0,2.0,2.0
1.0,0.0,0.0,0.0,0.0,0.0,0.0,0.0,0.0,1.0,0.0,0.0,0.0,0,49f3cfce-4a42-44cb-a677-197143b78dfd,18.0,4.0,14.0,8.0,1.0,256.55,4.0,2.0,1.0,13.0,7.0,1.0,0.0,4.0
1.0,0.0,0.0,0.0,0.0,0.0,0.0,0.0,0.0,0.0,0.0,1.0,0.0,0,51fcaba6-c41f-467f-a4b3-a5863baa1cdf,12.0,3.0,14.0,5.0,1.0,223.0,2.0,0.0,0.0,4.0,13.0,1.0,0.0,4.0
1.0,0.0,0.0,0.0,0.0,0.0,0.0,1.0,0.0,0.0,0.0,0.0,0.0,0,11db463a-5548-4a2f-8c12-eb404da88269,6.0,4.0,1.0,2.0,1.0,125.846,0.0,0.0,1.0,5.0,0.0,0.0,0.0,4.0
1.0,0.0,0.0,0.0,1.0,0.0,0.0,0.0,0.0,0.0,0.0,0.0,0.0,0,55eec708-9f63-4a53-bab3-5bc1ded30187,27.0,4.0,17.0,21.0,1.0,261.0,2.0,3.0,1.0,15.0,13.0,1.0,0.0,4.0
1.0,0.0,0.0,0.0,0.0,0.0,0.0,1.0,0.0,0.0,0.0,0.0,0.0,0,60427e82-a1c5-4a20-bd82-17f6603fb21d,19.0,12.0,16.0,14.0,2.0,253.909,2.0,0.0,0.0,9.0,13.0,0.0,2.0,2.0
1.0,0.0,0.0,0.0,0.0,0.0,1.0,0.0,0.0,0.0,0.0,0.0,0.0,0,67b1d1be-cbbb-4b4a-aa2f-33f78d7fdffd,23.0,5.0,10.0,10.0,2.0,335.632,1.0,1.0,1.0,13.0,6.0,1.0,2.0,2.0
1.0,0.0,0.0,0.0,0.0,0.0,0.0,0.0,0.0,0.0,1.0,0.0,0.0,0,26b9908b-6bdc-4988-8b54-5ce8003bdd8d,21.0,7.0,15.0,9.0,1.0,267.739,1.0,2.0,2.0,13.0,10.0,1.0,2.0,2.0
1.0,0.0,0.0,0.0,1.0,0.0,0.0,0.0,0.0,0.0,0.0,0.0,0.0,0,45de71a4-9ced-4a25-9de6-9f4cbd3e4796,26.0,10.0,16.0,13.0,1.0,368.136,5.0,0.0,3.0,13.0,9.0,0.0,1.0,3.0
1.0,0.0,0.0,0.0,0.0,0.0,0.0,0.0,0.0,1.0,0.0,0.0,0.0,0,d1c749c7-7b5c-44bb-a8ff-211d6350f539,20.0,10.0,18.0,6.0,1.0,243.348,3.0,2.0,0.0,10.0,13.0,0.0,0.0,4.0
1.0,0.0,0.0,0.0,0.0,0.0,0.0,0.0,0.0,0.0,0.0,1.0,0.0,0,c4d64c07-80a2-43fc-9ecf-cf653a24616d,4.0,3.0,14.0,1.0,2.0,122.933,3.0,1.0,0.0,2.0,13.0,0.0,0.0,4.0
1.0,0.0,0.0,0.0,0.0,0.0,0.0,0.0,0.0,0.0,0.0,1.0,0.0,0,18c36663-50cb-4eea-b16c-0cdbf31d5921,12.0,4.0,19.0,4.0,2.0,164.478,1.0,2.0,0.0,10.0,13.0,1.0,0.0,4.0
1.0,0.0,0.0,0.0,0.0,0.0,0.0,0.0,0.0,1.0,0.0,0.0,0.0,0,e3e84f05-dd3a-41df-9c1a-b9c5ac742812,14.0,4.0,23.0,12.0,1.0,150.333,2.0,0.0,1.0,16.0,14.0,1.0,0.0,4.0
1.0,0.0,0.0,0.0,0.0,0.0,0.0,0.0,0.0,0.0,1.0,0.0,0.0,0,0f30068e-5dff-46fa-b9fa-2c0f96b3fb5c,17.0,6.0,20.0,10.0,1.0,192.533,0.0,2.0,1.0,15.0,15.0,1.0,1.0,3.0
1.0,0.0,0.0,0.0,0.0,0.0,0.0,0.0,0.0,1.0,0.0,0.0,0.0,0,725acbd5-0fb7-44be-a124-6b406788b772,9.0,1.0,15.0,6.0,1.0,145.85,3.0,3.0,0.0,7.0,13.0,1.0,2.0,2.0
1.0,0.0,0.0,0.0,0.0,0.0,1.0,0.0,0.0,0.0,0.0,0.0,0.0,0,ec54872a-be60-4be8-8d59-48c57a1859a1,8.0,5.0,11.0,4.0,1.0,143.625,0.0,0.0,1.0,13.0,3.0,1.0,1.0,3.0
1.0,0.0,0.0,0.0,1.0,0.0,0.0,0.0,0.0,0.0,0.0,0.0,0.0,0,5f3154c4-4862-4b92-a687-a833063aeb43,9.0,2.0,16.0,4.0,1.0,126.476,0.0,0.0,0.0,8.0,13.0,0.0,4.0,0.0
1.0,0.0,0.0,0.0,0.0,0.0,1.0,0.0,0.0,0.0,0.0,0.0,0.0,0,6be3b448-9dce-416f-81ff-d64fc5bfa61a,22.0,5.0,14.0,5.0,1.0,255.087,2.0,3.0,1.0,13.0,10.0,0.0,1.0,3.0
1.0,0.0,0.0,0.0,0.0,0.0,0.0,1.0,0.0,0.0,0.0,0.0,0.0,0,57adee0e-1c6a-44f8-8536-195f3f6630ff,13.0,6.0,20.0,15.0,1.0,202.043,2.0,2.0,1.0,13.0,10.0,1.0,0.0,4.0
1.0,0.0,0.0,0.0,0.0,0.0,0.0,0.0,0.0,1.0,0.0,0.0,0.0,0,2c5a6fdb-9082-4bd0-b1cb-15fefdc31724,13.0,8.0,15.0,11.0,1.0,200.565,2.0,2.0,1.0,13.0,10.0,1.0,1.0,3.0
1.0,0.0,0.0,0.0,1.0,0.0,0.0,0.0,0.0,0.0,0.0,0.0,0.0,0,f0c17529-b63c-4aa2-8687-d9017aec7496,14.0,13.0,19.0,6.0,1.0,200.636,0.0,1.0,1.0,13.0,9.0,0.0,2.0,2.0
1.0,0.0,0.0,0.0,0.0,0.0,1.0,0.0,0.0,0.0,0.0,0.0,0.0,0,ee032d12-1e91-4508-aa79-6d56de247d62,18.0,4.0,7.0,7.0,1.0,319.875,4.0,0.0,1.0,13.0,3.0,1.0,1.0,3.0
1.0,0.0,0.0,0.0,0.0,0.0,0.0,0.0,0.0,1.0,0.0,0.0,0.0,0,f3e326aa-844d-4d48-89f3-1412a8d229db,7.0,11.0,18.0,5.0,1.0,117.818,0.0,2.0,0.0,9.0,13.0,1.0,2.0,2.0
1.0,0.0,0.0,0.0,0.0,0.0,0.0,0.0,0.0,0.0,1.0,0.0,0.0,0,503a70f6-527c-4c01-bc90-2ef3b7f39931,5.0,3.0,15.0,2.0,1.0,105.438,0.0,3.0,0.0,3.0,13.0,0.0,4.0,0.0
1.0,0.0,0.0,0.0,0.0,0.0,0.0,0.0,0.0,0.0,1.0,0.0,0.0,0,1580c01a-2c48-40f7-861d-d4801ccf85cc,21.0,6.0,16.0,14.0,1.0,232.5,3.0,2.0,0.0,14.0,14.0,1.0,2.0,2.0
1.0,0.0,0.0,0.0,0.0,0.0,0.0,1.0,0.0,0.0,0.0,0.0,0.0,0,8d34f433-14db-4723-b0ef-1fcb55194383,10.0,1.0,7.0,10.0,1.0,164.75,1.0,0.0,1.0,9.0,3.0,1.0,2.0,2.0
1.0,0.0,0.0,0.0,0.0,0.0,0.0,0.0,0.0,0.0,1.0,0.0,0.0,0,4a3d8209-771f-4bad-bd98-56f34368a92b,7.0,13.0,24.0,4.0,2.0,106.357,2.0,3.0,0.0,14.0,14.0,0.0,1.0,3.0
1.0,0.0,1.0,0.0,0.0,0.0,0.0,0.0,0.0,0.0,0.0,0.0,0.0,0,9b5cf178-4584-45c1-a126-a673f5c8ce91,23.0,8.0,17.0,11.0,2.0,332.364,4.0,1.0,0.0,9.0,13.0,1.0,1.0,3.0
1.0,0.0,0.0,0.0,0.0,0.0,0.0,0.0,0.0,1.0,0.0,0.0,0.0,0,609fba2e-f590-404c-97d5-bd97680256d7,13.0,3.0,20.0,9.0,2.0,162.042,1.0,2.0,0.0,11.0,13.0,1.0,2.0,2.0
1.0,0.0,0.0,0.0,0.0,0.0,0.0,0.0,0.0,1.0,0.0,0.0,0.0,0,aaae36c8-b4a7-498e-9f0c-5de1ed48d8a9,19.0,4.0,18.0,7.0,1.0,251.739,1.0,2.0,0.0,10.0,13.0,1.0,2.0,2.0
1.0,0.0,0.0,0.0,0.0,0.0,0.0,0.0,0.0,0.0,1.0,0.0,0.0,0,89d6795c-c17e-40cc-845b-d8faca4f5121,8.0,2.0,16.0,4.0,1.0,113.211,1.0,3.0,0.0,6.0,13.0,0.0,4.0,0.0
1.0,0.0,0.0,0.0,0.0,0.0,0.0,1.0,0.0,0.0,0.0,0.0,0.0,0,87dba074-8141-4f21-8d13-8fa9c9f3eedc,6.0,6.0,19.0,4.0,1.0,88.409,0.0,4.0,1.0,13.0,9.0,0.0,4.0,0.0
1.0,0.0,1.0,0.0,0.0,0.0,0.0,0.0,0.0,0.0,0.0,0.0,0.0,0,490d0cdb-909f-41fd-9a8e-65031b25ddc2,29.0,5.0,12.0,13.0,1.0,366.333,4.0,0.0,1.0,13.0,8.0,1.0,1.0,3.0
1.0,0.0,0.0,0.0,0.0,0.0,0.0,0.0,0.0,0.0,0.0,1.0,0.0,0,e7596019-82ea-4b3b-b7a6-94acb09b1503,17.0,5.0,15.0,15.0,1.0,224.609,1.0,4.0,0.0,10.0,13.0,1.0,2.0,2.0
1.0,0.0,0.0,0.0,0.0,0.0,1.0,0.0,0.0,0.0,0.0,0.0,0.0,0,7725c725-a4f7-4d1c-a1ab-57f5a35e3d3c,15.0,6.0,12.0,5.0,1.0,199.318,3.0,1.0,1.0,13.0,9.0,1.0,2.0,2.0
1.0,0.0,0.0,0.0,0.0,0.0,0.0,1.0,0.0,0.0,0.0,0.0,0.0,0,c1972303-3dc7-46a2-a26d-39d449eb5900,11.0,5.0,14.0,5.0,1.0,129.696,3.0,1.0,1.0,13.0,10.0,0.0,3.0,1.0
1.0,0.0,0.0,0.0,0.0,0.0,0.0,1.0,0.0,0.0,0.0,0.0,0.0,0,5f364b19-f90e-486b-80ea-c9df7b6490f4,15.0,2.0,16.0,13.0,2.0,246.941,2.0,2.0,0.0,4.0,13.0,1.0,0.0,4.0
1.0,0.0,0.0,0.0,1.0,0.0,0.0,0.0,0.0,0.0,0.0,0.0,0.0,0,74dec13a-7a51-4a64-bad3-71980f9d42d0,7.0,7.0,16.0,4.0,2.0,108.476,1.0,1.0,0.0,8.0,13.0,0.0,2.0,2.0
1.0,0.0,1.0,0.0,0.0,0.0,0.0,0.0,0.0,0.0,0.0,0.0,0.0,0,4b24e0f9-c9c2-4513-9c3a-8e18dfc878a7,19.0,8.0,18.0,13.0,1.0,221.692,1.0,2.0,1.0,14.0,12.0,1.0,0.0,4.0
1.0,0.0,0.0,0.0,0.0,0.0,1.0,0.0,0.0,0.0,0.0,0.0,0.0,0,505448c4-ab47-4df6-80fa-f6e241f65989,12.0,13.0,20.0,3.0,1.0,121.143,0.0,3.0,1.0,14.0,14.0,0.0,0.0,4.0
1.0,0.0,0.0,0.0,0.0,0.0,1.0,0.0,0.0,0.0,0.0,0.0,0.0,0,690ea1d2-e4ec-4433-ba26-3a1361d10f5c,8.0,9.0,19.0,4.0,1.0,127.476,1.0,3.0,1.0,13.0,8.0,0.0,1.0,3.0
1.0,0.0,0.0,0.0,0.0,0.0,0.0,0.0,0.0,0.0,1.0,0.0,0.0,0,42b9ac5a-e725-4eb0-b68b-1a928416e0fa,21.0,4.0,15.0,15.0,1.0,233.808,2.0,2.0,1.0,14.0,12.0,1.0,2.0,2.0
1.0,0.0,0.0,0.0,1.0,0.0,0.0,0.0,0.0,0.0,0.0,0.0,0.0,0,83ce32e7-01fa-4689-8232-4dccf35e8c3a,4.0,6.0,16.0,2.0,1.0,101.944,1.0,0.0,0.0,5.0,13.0,1.0,1.0,3.0
1.0,0.0,0.0,0.0,0.0,0.0,0.0,0.0,0.0,0.0,0.0,1.0,0.0,0,368a6d8f-e399-46a4-88a3-765ed91a3ba4,20.0,2.0,21.0,20.0,1.0,209.607,1.0,2.0,0.0,14.0,14.0,1.0,0.0,4.0
1.0,0.0,0.0,0.0,0.0,0.0,0.0,1.0,0.0,0.0,0.0,0.0,0.0,0,7ac80cff-487f-4fe2-af12-f5151c2848c2,22.0,4.0,17.0,16.0,1.0,240.346,5.0,2.0,0.0,12.0,14.0,0.0,0.0,4.0
1.0,0.0,0.0,0.0,0.0,0.0,0.0,1.0,0.0,0.0,0.0,0.0,0.0,0,411f562f-181d-4993-a25b-dcc33660a1bf,15.0,6.0,14.0,11.0,1.0,194.136,3.0,0.0,1.0,13.0,9.0,1.0,0.0,4.0
1.0,0.0,1.0,0.0,0.0,0.0,0.0,0.0,0.0,0.0,0.0,0.0,0.0,0,e5c37721-39c2-477e-940a-b5e0775cfb5c,5.0,4.0,16.0,8.0,1.0,129.882,0.0,1.0,0.0,4.0,13.0,1.0,0.0,4.0
1.0,0.0,0.0,0.0,0.0,0.0,0.0,0.0,0.0,0.0,1.0,0.0,0.0,0,029af2c3-6446-413d-a35e-11bcaa0f4d88,4.0,6.0,19.0,5.0,1.0,68.217,0.0,1.0,0.0,10.0,13.0,1.0,4.0,0.0
1.0,0.0,0.0,0.0,0.0,0.0,1.0,0.0,0.0,0.0,0.0,0.0,0.0,0,aaf05d09-954e-4d38-bf46-7d92a6151fff,9.0,7.0,14.0,3.0,1.0,137.4,1.0,4.0,1.0,13.0,7.0,0.0,4.0,0.0
1.0,0.0,0.0,0.0,0.0,0.0,0.0,0.0,0.0,0.0,0.0,1.0,0.0,0,90d6cfab-4538-4f3c-b7ab-6843db65d1d4,15.0,4.0,16.0,5.0,1.0,190.857,1.0,0.0,1.0,13.0,8.0,1.0,0.0,4.0
1.0,0.0,0.0,0.0,1.0,0.0,0.0,0.0,0.0,0.0,0.0,0.0,0.0,0,d1e4e168-9f8a-4262-be04-9634f271c4d3,6.0,0.0,12.0,4.0,1.0,111.125,2.0,3.0,0.0,3.0,13.0,0.0,0.0,4.0
1.0,0.0,0.0,0.0,1.0,0.0,0.0,0.0,0.0,0.0,0.0,0.0,0.0,0,a53cc781-bd8e-4a6d-8d5b-18543b57f17f,15.0,9.0,16.0,5.0,1.0,233.2,0.0,1.0,1.0,13.0,7.0,0.0,4.0,0.0
1.0,0.0,0.0,0.0,0.0,0.0,0.0,0.0,0.0,0.0,0.0,1.0,0.0,0,a417a31f-7bca-411c-987e-b1f22f40595f,15.0,4.0,13.0,6.0,1.0,250.667,1.0,0.0,0.0,5.0,13.0,0.0,2.0,2.0
1.0,0.0,1.0,0.0,0.0,0.0,0.0,0.0,0.0,0.0,0.0,0.0,0.0,0,593464b8-e0c3-4b3d-a852-b3c7bbeabd6e,28.0,6.0,13.0,10.0,1.0,370.81,5.0,0.0,1.0,13.0,8.0,1.0,2.0,2.0
1.0,0.0,0.0,0.0,0.0,0.0,0.0,1.0,0.0,0.0,0.0,0.0,0.0,0,40b98e2b-645f-4ed8-983e-2e75bc5fef63,22.0,5.0,17.0,5.0,1.0,249.0,4.0,2.0,0.0,11.0,13.0,1.0,1.0,3.0
1.0,0.0,1.0,0.0,0.0,0.0,0.0,0.0,0.0,0.0,0.0,0.0,0.0,0,9076d58b-9358-4d89-aaa1-dfe876f2f84d,21.0,5.0,11.0,7.0,1.0,284.3,2.0,0.0,2.0,13.0,7.0,1.0,2.0,2.0
1.0,0.0,0.0,0.0,0.0,0.0,0.0,1.0,0.0,0.0,0.0,0.0,0.0,0,ad388827-e634-47e1-b6d6-a24e44c8c9fb,16.0,5.0,16.0,4.0,1.0,220.0,2.0,3.0,0.0,7.0,13.0,0.0,2.0,2.0
1.0,0.0,0.0,0.0,0.0,0.0,1.0,0.0,0.0,0.0,0.0,0.0,0.0,0,bf650a61-2787-47dd-bd13-2cfedb0d38d0,19.0,6.0,17.0,5.0,1.0,256.182,1.0,0.0,1.0,13.0,9.0,1.0,1.0,3.0
1.0,0.0,0.0,0.0,0.0,0.0,0.0,0.0,0.0,0.0,1.0,0.0,0.0,0,27b0cd28-e09b-4e14-b8e4-601d56acd02a,14.0,6.0,12.0,8.0,1.0,199.095,1.0,2.0,2.0,13.0,8.0,1.0,2.0,2.0
1.0,0.0,0.0,0.0,0.0,0.0,0.0,0.0,0.0,0.0,0.0,1.0,0.0,0,dadea77b-8dcd-4350-9adf-29c3c93f7488,15.0,2.0,14.0,14.0,1.0,218.632,0.0,1.0,0.0,6.0,13.0,1.0,0.0,4.0
1.0,0.0,0.0,0.0,0.0,0.0,0.0,0.0,0.0,0.0,1.0,0.0,0.0,0,1d5a9e79-aa29-4618-a40a-f88711295fda,13.0,6.0,9.0,8.0,1.0,199.5,0.0,0.0,1.0,13.0,5.0,1.0,0.0,4.0
1.0,0.0,0.0,0.0,0.0,0.0,1.0,0.0,0.0,0.0,0.0,0.0,0.0,0,6f90583b-4fba-4791-be48-194f8380ab1a,2.0,12.0,9.0,0.0,1.0,50.588,0.0,2.0,1.0,9.0,4.0,0.0,0.0,4.0
1.0,0.0,0.0,0.0,0.0,0.0,0.0,1.0,0.0,0.0,0.0,0.0,0.0,0,e351fcca-6901-4254-9268-29778a978b7c,5.0,12.0,17.0,2.0,1.0,69.0,0.0,3.0,1.0,13.0,11.0,1.0,4.0,0.0
1.0,0.0,1.0,0.0,0.0,0.0,0.0,0.0,0.0,0.0,0.0,0.0,0.0,0,441151d2-df0b-4831-98a8-50d72119b095,9.0,7.0,17.0,10.0,1.0,157.85,0.0,1.0,2.0,13.0,7.0,0.0,4.0,0.0
1.0,0.0,0.0,0.0,0.0,0.0,0.0,0.0,0.0,0.0,0.0,1.0,0.0,0,e544faab-c55e-4b38-8b5b-3a559e2b5327,4.0,5.0,18.0,1.0,1.0,72.048,1.0,3.0,0.0,8.0,13.0,0.0,4.0,0.0
1.0,0.0,0.0,0.0,0.0,0.0,0.0,0.0,0.0,1.0,0.0,0.0,0.0,0,1c81bd27-c45a-4eb5-90b7-050e01c29f00,6.0,5.0,16.0,3.0,1.0,122.158,1.0,0.0,0.0,6.0,13.0,1.0,4.0,0.0
1.0,0.0,0.0,0.0,0.0,0.0,0.0,0.0,0.0,0.0,0.0,1.0,0.0,0,b2f4de61-548f-412f-8c82-1f3fa806b719,7.0,12.0,11.0,3.0,1.0,133.0,0.0,1.0,1.0,13.0,5.0,0.0,2.0,2.0
1.0,0.0,0.0,0.0,1.0,0.0,0.0,0.0,0.0,0.0,0.0,0.0,0.0,0,c170eb32-b74b-49a5-8a2b-c128c0c27a54,17.0,4.0,13.0,9.0,1.0,227.143,0.0,2.0,1.0,13.0,8.0,0.0,0.0,4.0
5.0,0.0,0.0,0.0,0.0,0.0,1.0,0.0,0.0,0.0,0.0,0.0,0.0,0,2c55e1ab-f6bc-4977-b922-8ea328c17b4b,17.0,6.0,20.0,15.0,1.0,229.909,2.0,3.0,0.0,9.0,13.0,0.0,2.0,2.0
5.0,0.0,0.0,0.0,1.0,0.0,0.0,0.0,0.0,0.0,0.0,0.0,0.0,0,09004179-5baf-474e-95b3-f2e91d438ead,13.0,4.0,11.0,9.0,1.0,185.056,1.0,1.0,1.0,13.0,5.0,1.0,1.0,3.0
5.0,0.0,0.0,0.0,0.0,0.0,1.0,0.0,0.0,0.0,0.0,0.0,0.0,0,4d8036cc-3edc-4d83-8e4b-7afd8dba6f1b,6.0,1.0,13.0,3.0,1.0,143.923,0.0,3.0,0.0,0.0,13.0,1.0,1.0,3.0
5.0,0.0,0.0,0.0,0.0,0.0,0.0,0.0,0.0,0.0,1.0,0.0,0.0,0,138f4118-a314-4096-a3b4-373b76c74fb6,20.0,9.0,15.0,12.0,1.0,203.5,1.0,1.0,1.0,14.0,12.0,0.0,2.0,2.0
5.0,0.0,0.0,0.0,0.0,0.0,0.0,0.0,0.0,0.0,1.0,0.0,0.0,0,6c7a27ac-99f6-4e79-baa6-a7f29d69c6cb,14.0,3.0,7.0,10.0,1.0,249.067,0.0,2.0,2.0,13.0,2.0,0.0,1.0,3.0
5.0,0.0,0.0,0.0,0.0,0.0,0.0,0.0,0.0,1.0,0.0,0.0,0.0,0,d6eba345-8b95-4249-8ef3-210bab1f7b6f,21.0,3.0,19.0,11.0,1.0,276.087,7.0,3.0,1.0,13.0,10.0,1.0,1.0,3.0
5.0,0.0,0.0,0.0,0.0,0.0,0.0,0.0,0.0,0.0,0.0,1.0,0.0,0,0eaaf809-4f36-4de2-8cf2-12ce30d89d9f,8.0,7.0,17.0,4.0,1.0,124.5,1.0,1.0,0.0,7.0,13.0,0.0,1.0,3.0
5.0,0.0,0.0,0.0,0.0,0.0,0.0,1.0,0.0,0.0,0.0,0.0,0.0,0,bf7b133f-eaac-4d1c-ae2b-b674a6b73eed,16.0,8.0,15.0,13.0,1.0,208.304,1.0,0.0,1.0,13.0,10.0,0.0,0.0,4.0
5.0,0.0,1.0,0.0,0.0,0.0,0.0,0.0,0.0,0.0,0.0,0.0,0.0,0,eac0293a-353a-436c-81fa-644a433a696e,14.0,4.0,15.0,10.0,1.0,211.421,2.0,1.0,0.0,6.0,13.0,0.0,0.0,4.0
5.0,0.0,0.0,0.0,0.0,0.0,0.0,1.0,0.0,0.0,0.0,0.0,0.0,0,46c039f3-a038-4c88-a690-6325884eadcd,16.0,4.0,5.0,10.0,1.0,259.688,2.0,0.0,1.0,13.0,3.0,0.0,0.0,4.0
5.0,0.0,1.0,0.0,0.0,0.0,0.0,0.0,0.0,0.0,0.0,0.0,0.0,0,6dff9105-1176-4df2-9950-e849c4e99f36,24.0,7.0,19.0,17.0,1.0,322.348,7.0,2.0,0.0,10.0,13.0,1.0,1.0,3.0
5.0,0.0,0.0,0.0,0.0,0.0,0.0,0.0,0.0,0.0,0.0,1.0,0.0,0,ddd8713c-8075-4cb5-b5df-6c089c98e418,23.0,8.0,21.0,10.0,1.0,230.6,2.0,5.0,0.0,14.0,16.0,0.0,1.0,3.0
5.0,0.0,0.0,0.0,0.0,0.0,0.0,0.0,0.0,0.0,1.0,0.0,0.0,0,b68ff50f-5533-4e42-be02-a6782fa22252,18.0,13.0,19.0,14.0,1.0,261.955,4.0,3.0,1.0,13.0,9.0,0.0,1.0,3.0
5.0,0.0,1.0,0.0,0.0,0.0,0.0,0.0,0.0,0.0,0.0,0.0,0.0,0,f804a62a-b318-415c-bf2e-8b97f716c5d7,13.0,7.0,20.0,5.0,1.0,179.917,1.0,3.0,0.0,11.0,13.0,1.0,1.0,3.0
5.0,0.0,0.0,0.0,0.0,0.0,0.0,0.0,0.0,1.0,0.0,0.0,0.0,0,4035d6c8-f585-4646-a1b5-e75f5432c12c,24.0,3.0,22.0,19.0,1.0,271.885,9.0,5.0,1.0,14.0,12.0,0.0,1.0,3.0
5.0,0.0,0.0,0.0,1.0,0.0,0.0,0.0,0.0,0.0,0.0,0.0,0.0,0,a61c7006-f3b5-4111-9d79-bd002bb6ee52,8.0,6.0,16.0,8.0,1.0,166.588,0.0,3.0,0.0,4.0,13.0,0.0,0.0,4.0
5.0,0.0,0.0,0.0,0.0,0.0,1.0,0.0,0.0,0.0,0.0,0.0,0.0,0,c6d84604-f6a1-4a7c-a998-0a812abcc361,16.0,5.0,19.0,14.0,1.0,284.421,1.0,3.0,0.0,6.0,13.0,0.0,0.0,4.0
5.0,0.0,0.0,0.0,0.0,0.0,0.0,1.0,0.0,0.0,0.0,0.0,0.0,0,12060635-b6a8-4c36-a09c-4381fc4caa13,13.0,6.0,23.0,9.0,1.0,170.231,1.0,1.0,0.0,12.0,14.0,1.0,1.0,3.0
5.0,0.0,0.0,0.0,0.0,0.0,0.0,0.0,0.0,0.0,0.0,1.0,0.0,0,62b265c1-b62e-4c3b-ab83-7abef4c21289,12.0,3.0,7.0,6.0,1.0,231.692,2.0,2.0,1.0,13.0,0.0,1.0,1.0,3.0
5.0,0.0,0.0,0.0,0.0,0.0,0.0,0.0,0.0,0.0,1.0,0.0,0.0,0,620dc231-61c5-42fa-a9be-f471ffe87cb2,12.0,6.0,11.0,8.0,1.0,185.579,2.0,3.0,2.0,13.0,6.0,0.0,1.0,3.0
5.0,0.0,0.0,0.0,1.0,0.0,0.0,0.0,0.0,0.0,0.0,0.0,0.0,0,edc5e060-9c29-4fdd-9ed6-a33b236edcfb,11.0,10.0,17.0,9.0,1.0,199.474,1.0,2.0,0.0,6.0,13.0,1.0,0.0,4.0
5.0,0.0,0.0,0.0,0.0,0.0,0.0,0.0,0.0,0.0,0.0,1.0,0.0,0,9ef96f6c-be10-4048-9f87-7a6cebdbeec7,21.0,8.0,26.0,13.0,1.0,224.067,5.0,3.0,0.0,14.0,16.0,0.0,1.0,3.0
5.0,0.0,0.0,0.0,1.0,0.0,0.0,0.0,0.0,0.0,0.0,0.0,0.0,0,ed800906-2e92-492d-993e-5e61830eed64,21.0,11.0,23.0,16.0,1.0,228.536,2.0,3.0,0.0,14.0,14.0,1.0,1.0,3.0
5.0,0.0,0.0,0.0,0.0,0.0,1.0,0.0,0.0,0.0,0.0,0.0,0.0,0,96729978-d878-490b-a840-7ba14f1366b1,5.0,1.0,5.0,4.0,1.0,120.308,0.0,0.0,0.0,0.0,5.0,0.0,1.0,3.0
5.0,0.0,0.0,0.0,0.0,0.0,0.0,0.0,0.0,0.0,1.0,0.0,0.0,0,f81841a7-01d8-45eb-81fc-edc5c2607a22,17.0,7.0,10.0,12.0,1.0,217.368,1.0,3.0,1.0,13.0,6.0,0.0,1.0,3.0
5.0,0.0,0.0,0.0,0.0,0.0,0.0,0.0,0.0,0.0,0.0,1.0,0.0,0,ee91e2de-32b2-4862-a3ba-551df2806247,10.0,9.0,20.0,7.0,1.0,134.042,2.0,4.0,1.0,13.0,11.0,0.0,1.0,3.0
5.0,0.0,0.0,0.0,0.0,0.0,1.0,0.0,0.0,0.0,0.0,0.0,0.0,0,bc49d6a0-bc6a-4d4c-8145-bde0ad4671d4,11.0,7.0,16.0,14.0,1.0,227.833,2.0,2.0,0.0,5.0,13.0,0.0,1.0,3.0
5.0,0.0,1.0,0.0,0.0,0.0,0.0,0.0,0.0,0.0,0.0,0.0,0.0,0,223f8291-401f-4792-a0c2-769b5c8cbaa9,20.0,6.0,25.0,14.0,1.0,241.071,8.0,9.0,1.0,15.0,13.0,0.0,1.0,3.0
5.0,0.0,0.0,0.0,0.0,0.0,0.0,1.0,0.0,0.0,0.0,0.0,0.0,0,596ada9f-c8b1-408d-ac28-90af5f210bdd,10.0,4.0,21.0,7.0,1.0,123.808,2.0,2.0,0.0,12.0,14.0,0.0,1.0,3.0
5.0,0.0,0.0,0.0,1.0,0.0,0.0,0.0,0.0,0.0,0.0,0.0,0.0,0,15284535-4403-466e-8973-2b373d1c35e1,18.0,2.0,18.0,9.0,1.0,254.667,8.0,1.0,1.0,13.0,8.0,0.0,1.0,3.0
5.0,0.0,0.0,0.0,0.0,0.0,0.0,1.0,0.0,0.0,0.0,0.0,0.0,0,417fd860-c7d3-48a2-8bc5-1489debc9aa6,9.0,6.0,15.0,9.0,1.0,118.955,1.0,3.0,2.0,13.0,9.0,1.0,1.0,3.0
5.0,0.0,0.0,0.0,0.0,0.0,0.0,0.0,0.0,0.0,1.0,0.0,0.0,0,334505bc-341e-4828-9691-c3d27d93f3be,16.0,6.0,13.0,10.0,1.0,294.5,2.0,2.0,1.0,13.0,3.0,0.0,0.0,4.0
5.0,0.0,1.0,0.0,0.0,0.0,0.0,0.0,0.0,0.0,0.0,0.0,0.0,0,4726bba0-aec8-47bd-94a9-cb0428d6d435,15.0,5.0,16.0,15.0,1.0,224.773,3.0,4.0,0.0,9.0,13.0,0.0,0.0,4.0
5.0,0.0,0.0,0.0,0.0,0.0,0.0,0.0,0.0,0.0,1.0,0.0,0.0,0,385e8707-f0ae-4327-81ce-99f49d4bd4a6,16.0,6.0,17.0,14.0,1.0,204.083,1.0,0.0,0.0,11.0,13.0,0.0,0.0,4.0
5.0,0.0,0.0,0.0,0.0,0.0,1.0,0.0,0.0,0.0,0.0,0.0,0.0,0,e4674fa2-e24a-4a36-acbd-58a9748b812a,21.0,6.0,19.0,19.0,1.0,224.5,1.0,5.0,1.0,14.0,12.0,0.0,0.0,4.0
5.0,0.0,1.0,0.0,0.0,0.0,0.0,0.0,0.0,0.0,0.0,0.0,0.0,0,29e627a6-c831-48eb-b898-6735316ef852,23.0,7.0,16.0,20.0,1.0,270.174,4.0,1.0,1.0,13.0,10.0,0.0,0.0,4.0
5.0,0.0,0.0,0.0,0.0,0.0,1.0,0.0,0.0,0.0,0.0,0.0,0.0,0,188c13b7-ed9e-485e-99fa-2ea7a67ab9cf,15.0,7.0,17.0,6.0,1.0,174.167,1.0,4.0,1.0,13.0,11.0,1.0,1.0,3.0
5.0,0.0,0.0,0.0,0.0,0.0,0.0,0.0,0.0,0.0,0.0,1.0,0.0,0,7bdecbfa-0ea6-48f3-a5eb-fd86ab7c9d75,8.0,13.0,12.0,6.0,1.0,128.571,0.0,3.0,2.0,13.0,8.0,0.0,1.0,3.0
5.0,0.0,0.0,0.0,0.0,0.0,1.0,0.0,0.0,0.0,0.0,0.0,0.0,0,e42984d4-6f0b-430a-ba66-bc78ddd07739,15.0,7.0,10.0,7.0,1.0,194.0,0.0,1.0,3.0,13.0,6.0,1.0,1.0,3.0
5.0,0.0,0.0,0.0,0.0,0.0,0.0,0.0,0.0,1.0,0.0,0.0,0.0,0,4597707c-6038-4926-9f16-87e95b5ff447,20.0,2.0,24.0,15.0,1.0,205.0,6.0,2.0,0.0,15.0,15.0,0.0,1.0,3.0
5.0,0.0,0.0,0.0,0.0,0.0,0.0,0.0,0.0,1.0,0.0,0.0,0.0,0,7b5c610a-5d2c-4950-a513-fd6f6a0f365b,17.0,2.0,8.0,10.0,1.0,237.389,4.0,0.0,1.0,13.0,5.0,1.0,1.0,3.0
5.0,0.0,0.0,0.0,0.0,0.0,0.0,1.0,0.0,0.0,0.0,0.0,0.0,0,755ebbab-8e79-4f48-807f-9faa983c5e7e,20.0,5.0,22.0,9.0,1.0,202.679,3.0,3.0,1.0,15.0,13.0,0.0,1.0,3.0
5.0,0.0,0.0,0.0,1.0,0.0,0.0,0.0,0.0,0.0,0.0,0.0,0.0,0,6111bbc3-62dd-46d9-93da-7f12ed4a62de,14.0,5.0,19.0,6.0,1.0,165.043,1.0,6.0,0.0,10.0,13.0,0.0,1.0,3.0
5.0,0.0,1.0,0.0,0.0,0.0,0.0,0.0,0.0,0.0,0.0,0.0,0.0,0,53ba45ed-3601-4ee0-ac51-bda1d84910a3,16.0,7.0,14.0,12.0,1.0,238.5,2.0,2.0,1.0,13.0,7.0,0.0,1.0,3.0
5.0,0.0,0.0,0.0,0.0,0.0,1.0,0.0,0.0,0.0,0.0,0.0,0.0,0,2a9e3a5b-0bbc-40fd-99f4-156022767559,11.0,1.0,16.0,7.0,1.0,142.727,4.0,4.0,0.0,9.0,13.0,1.0,1.0,3.0
5.0,0.0,0.0,0.0,0.0,0.0,0.0,1.0,0.0,0.0,0.0,0.0,0.0,0,49945f93-4c31-4165-bedb-bdf600e47930,19.0,2.0,19.0,8.0,2.0,213.833,2.0,4.0,0.0,11.0,13.0,0.0,1.0,3.0
5.0,0.0,0.0,0.0,0.0,0.0,0.0,0.0,0.0,0.0,1.0,0.0,0.0,0,b46dde6d-5c44-4d28-8758-a396ed732538,12.0,8.0,11.0,8.0,2.0,185.611,3.0,0.0,1.0,13.0,5.0,0.0,1.0,3.0
5.0,0.0,0.0,0.0,0.0,0.0,0.0,0.0,0.0,1.0,0.0,0.0,0.0,0,b18c189c-f7d3-4f3f-8e37-e070857fa154,11.0,4.0,14.0,5.0,2.0,142.81,3.0,3.0,2.0,13.0,8.0,1.0,1.0,3.0
5.0,0.0,0.0,0.0,1.0,0.0,0.0,0.0,0.0,0.0,0.0,0.0,0.0,0,89cc53ba-5479-4664-8f98-683e1e897c81,13.0,9.0,20.0,10.0,2.0,180.217,3.0,4.0,3.0,13.0,10.0,0.0,1.0,3.0
5.0,0.0,0.0,0.0,0.0,0.0,0.0,1.0,0.0,0.0,0.0,0.0,0.0,0,e4817069-70c8-47db-a960-6deaffb4c2f7,16.0,5.0,10.0,9.0,1.0,247.389,3.0,2.0,4.0,13.0,5.0,0.0,1.0,3.0
5.0,0.0,0.0,0.0,0.0,0.0,0.0,0.0,0.0,1.0,0.0,0.0,0.0,0,6887a0ef-25d5-4a5e-b98a-e1aa5be29e21,18.0,2.0,21.0,13.0,2.0,200.179,5.0,2.0,0.0,13.0,15.0,1.0,1.0,3.0
5.0,0.0,0.0,0.0,0.0,0.0,0.0,0.0,0.0,1.0,0.0,0.0,0.0,0,1916a9a6-66af-478a-b475-aa8423e1c990,8.0,4.0,16.0,9.0,2.0,119.091,0.0,2.0,1.0,13.0,9.0,0.0,0.0,4.0
5.0,0.0,0.0,0.0,0.0,0.0,0.0,0.0,0.0,0.0,1.0,0.0,0.0,0,c1801b72-8cc0-41ba-85cd-b7123360c634,8.0,0.0,15.0,9.0,2.0,122.833,1.0,4.0,0.0,5.0,13.0,1.0,0.0,4.0
5.0,0.0,0.0,0.0,0.0,0.0,0.0,1.0,0.0,0.0,0.0,0.0,0.0,0,cdd48ff4-86e7-4c9f-95b9-3cbda5511d04,16.0,6.0,11.0,12.0,2.0,202.333,0.0,1.0,1.0,13.0,8.0,1.0,0.0,4.0
5.0,0.0,0.0,0.0,0.0,0.0,0.0,0.0,0.0,0.0,0.0,1.0,0.0,0,631f0c82-92d9-45c2-899d-54fd676d4182,14.0,1.0,14.0,10.0,2.0,198.9,1.0,1.0,0.0,7.0,13.0,1.0,0.0,4.0
5.0,0.0,1.0,0.0,0.0,0.0,0.0,0.0,0.0,0.0,0.0,0.0,0.0,0,ef7c7860-3447-4cec-89a7-36c92d7f9b04,20.0,1.0,16.0,18.0,2.0,227.217,3.0,1.0,0.0,10.0,13.0,0.0,0.0,4.0
5.0,0.0,0.0,0.0,1.0,0.0,0.0,0.0,0.0,0.0,0.0,0.0,0.0,0,56a89729-ac1e-434d-80c6-f4b71dcfda55,15.0,3.0,15.0,12.0,1.0,191.0,2.0,4.0,0.0,10.0,13.0,1.0,0.0,4.0
5.0,0.0,1.0,0.0,0.0,0.0,0.0,0.0,0.0,0.0,0.0,0.0,0.0,0,1fdcc818-dbec-426f-81ac-b34ad334cd13,16.0,1.0,16.0,15.0,1.0,139.929,3.0,3.0,1.0,15.0,13.0,0.0,0.0,4.0
5.0,0.0,0.0,0.0,0.0,0.0,0.0,1.0,0.0,0.0,0.0,0.0,0.0,0,7d2a26ec-e671-44e4-90bf-86d58f9fabe7,20.0,4.0,20.0,18.0,1.0,213.036,2.0,2.0,0.0,14.0,14.0,1.0,0.0,4.0
5.0,0.0,0.0,0.0,1.0,0.0,0.0,0.0,0.0,0.0,0.0,0.0,0.0,0,a9551510-3e9e-4c00-ab12-d838cb027b1b,25.0,1.0,16.0,22.0,1.0,308.261,5.0,0.0,0.0,10.0,13.0,1.0,0.0,4.0
5.0,0.0,1.0,0.0,0.0,0.0,0.0,0.0,0.0,0.0,0.0,0.0,0.0,0,517e6589-765d-4bd4-8532-e2340e12c780,9.0,5.0,14.0,9.0,1.0,178.5,3.0,3.0,0.0,3.0,13.0,1.0,0.0,4.0
5.0,0.0,0.0,0.0,0.0,0.0,0.0,1.0,0.0,0.0,0.0,0.0,0.0,0,600a72a2-fa54-42ea-b6db-58be8c0e0588,16.0,2.0,17.0,8.0,1.0,216.905,6.0,5.0,0.0,8.0,13.0,0.0,0.0,4.0
5.0,0.0,0.0,0.0,0.0,0.0,0.0,0.0,0.0,0.0,1.0,0.0,0.0,0,2062164e-77d8-4f4c-af12-f752fb7914d1,17.0,2.0,12.0,9.0,1.0,213.857,1.0,0.0,1.0,13.0,8.0,0.0,0.0,4.0
5.0,0.0,0.0,0.0,1.0,0.0,0.0,0.0,0.0,0.0,0.0,0.0,0.0,0,9c82fb1b-e4b0-4642-8123-e19419e0d3aa,22.0,3.0,21.0,10.0,1.0,207.893,5.0,1.0,0.0,13.0,15.0,1.0,0.0,4.0
5.0,0.0,0.0,0.0,0.0,0.0,1.0,0.0,0.0,0.0,0.0,0.0,0.0,0,b65235ef-062f-4c4a-902c-68186236f9da,13.0,5.0,16.0,7.0,1.0,197.571,5.0,4.0,1.0,13.0,8.0,1.0,0.0,4.0
5.0,0.0,0.0,0.0,0.0,0.0,0.0,1.0,0.0,0.0,0.0,0.0,0.0,0,44f3c001-5912-4acb-b001-edc54ebf0898,6.0,2.0,15.0,7.0,1.0,109.529,1.0,1.0,0.0,4.0,13.0,0.0,0.0,4.0
5.0,0.0,1.0,0.0,0.0,0.0,0.0,0.0,0.0,0.0,0.0,0.0,0.0,0,a9494264-ba6c-4ac9-94cb-f59ce85ccf29,12.0,2.0,13.0,11.0,1.0,189.111,4.0,2.0,0.0,5.0,13.0,1.0,0.0,4.0
6.0,0.0,1.0,0.0,0.0,0.0,0.0,0.0,0.0,0.0,0.0,0.0,0.0,0,c838f9a6-e7e6-4615-8130-ca992a63e465,19.0,4.0,12.0,11.0,2.0,240.571,2.0,2.0,1.0,13.0,8.0,0.0,1.0,3.0
6.0,0.0,0.0,0.0,1.0,0.0,0.0,0.0,0.0,0.0,0.0,0.0,0.0,0,af3e73cf-fd7f-4c1f-a175-f21da1e0e66c,20.0,2.0,13.0,10.0,2.0,274.421,3.0,1.0,2.0,13.0,6.0,1.0,2.0,2.0
6.0,0.0,0.0,0.0,0.0,0.0,0.0,1.0,0.0,0.0,0.0,0.0,0.0,0,73c3d1f4-6278-40ae-be47-acbbdebec122,20.0,2.0,8.0,10.0,2.0,308.176,3.0,1.0,3.0,13.0,4.0,1.0,1.0,3.0
6.0,0.0,0.0,0.0,0.0,0.0,0.0,0.0,0.0,1.0,0.0,0.0,0.0,0,960c5673-a61f-4071-a32c-7ee61a63a429,16.0,5.0,7.0,16.0,2.0,266.294,3.0,1.0,4.0,13.0,4.0,0.0,1.0,3.0
6.0,0.0,0.0,0.0,0.0,0.0,0.0,0.0,0.0,0.0,1.0,0.0,0.0,0,7b3c4fed-a3f3-4baa-9167-479e1f0f0ed1,19.0,6.0,20.0,7.0,2.0,219.7,4.0,6.0,5.0,16.0,14.0,1.0,0.0,4.0
6.0,0.0,0.0,0.0,0.0,0.0,0.0,1.0,0.0,0.0,0.0,0.0,0.0,0,37dfd5ef-db86-448d-89d9-6fd22e1853f1,20.0,1.0,17.0,11.0,3.0,247.409,3.0,1.0,0.0,9.0,13.0,1.0,0.0,4.0
6.0,0.0,0.0,0.0,0.0,0.0,0.0,0.0,0.0,0.0,1.0,0.0,0.0,0,0298f99d-7405-4421-845c-54aa1baa1b51,19.0,3.0,15.0,11.0,3.0,237.714,2.0,2.0,1.0,13.0,8.0,1.0,0.0,4.0
5.0,0.0,0.0,0.0,0.0,0.0,0.0,0.0,0.0,1.0,0.0,0.0,0.0,0,6887a0ef-25d5-4a5e-b98a-e1aa5be29e21,15.0,10.0,19.0,13.0,3.0,182.321,4.0,3.0,1.0,15.0,13.0,0.0,1.0,3.0
5.0,0.0,1.0,0.0,0.0,0.0,0.0,0.0,0.0,0.0,0.0,0.0,0.0,0,ab8fb01d-d149-400e-bcb7-b2e25c8ee7fd,18.0,3.0,18.0,11.0,3.0,272.4,5.0,3.0,0.0,7.0,13.0,1.0,1.0,3.0
5.0,0.0,0.0,0.0,0.0,0.0,0.0,0.0,0.0,0.0,1.0,0.0,0.0,0,c7ec53aa-c5f3-458c-b7a4-87af16e75356,12.0,6.0,19.0,8.0,3.0,181.136,7.0,6.0,1.0,13.0,9.0,1.0,0.0,4.0
5.0,0.0,0.0,0.0,0.0,0.0,1.0,0.0,0.0,0.0,0.0,0.0,0.0,0,5f00af97-baf3-421d-87f3-05b669df570d,9.0,2.0,9.0,6.0,3.0,181.867,3.0,0.0,0.0,2.0,7.0,1.0,0.0,4.0
5.0,0.0,0.0,0.0,0.0,0.0,0.0,0.0,0.0,0.0,1.0,0.0,0.0,0,c5e18656-bbfb-4fba-8a1c-5064983953e6,19.0,6.0,12.0,11.0,3.0,271.9,4.0,1.0,1.0,13.0,7.0,0.0,0.0,4.0
5.0,0.0,0.0,0.0,0.0,0.0,0.0,0.0,0.0,1.0,0.0,0.0,0.0,0,aab7dd37-d979-435f-ac38-37f3d0a3b010,22.0,5.0,17.0,19.0,3.0,278.565,5.0,1.0,0.0,10.0,13.0,0.0,0.0,4.0
5.0,0.0,1.0,0.0,0.0,0.0,0.0,0.0,0.0,0.0,0.0,0.0,0.0,0,ac6a614c-0016-484d-9422-9c30663210d2,11.0,1.0,15.0,8.0,3.0,197.176,2.0,4.0,0.0,4.0,13.0,1.0,0.0,4.0
5.0,0.0,0.0,0.0,0.0,0.0,0.0,0.0,0.0,0.0,1.0,0.0,0.0,0,df187d36-e337-4883-a88d-1a3a9d6aff42,13.0,6.0,15.0,7.0,3.0,221.833,1.0,0.0,0.0,5.0,13.0,1.0,0.0,4.0
5.0,0.0,0.0,0.0,0.0,0.0,0.0,0.0,0.0,1.0,0.0,0.0,0.0,0,28ee867e-2e05-4733-85af-b868213779a8,21.0,8.0,17.0,18.0,3.0,281.0,3.0,0.0,1.0,13.0,9.0,0.0,0.0,4.0
5.0,0.0,0.0,0.0,0.0,0.0,0.0,1.0,0.0,0.0,0.0,0.0,0.0,0,18612531-b010-47bd-8db9-69e520857776,16.0,5.0,21.0,11.0,3.0,195.913,6.0,2.0,1.0,13.0,10.0,0.0,3.0,1.0
5.0,0.0,0.0,0.0,1.0,0.0,0.0,0.0,0.0,0.0,0.0,0.0,0.0,0,50e1e1df-7d50-44e3-8a7e-1f4a2fcc44ce,16.0,8.0,17.0,13.0,3.0,210.625,5.0,1.0,2.0,13.0,11.0,1.0,3.0,1.0
5.0,0.0,0.0,0.0,0.0,0.0,1.0,0.0,0.0,0.0,0.0,0.0,0.0,0,d8b570ac-17a8-40fe-81fc-ab9c4c97863d,16.0,2.0,11.0,9.0,3.0,257.294,5.0,1.0,2.0,13.0,4.0,0.0,0.0,4.0
5.0,0.0,0.0,0.0,0.0,0.0,0.0,0.0,0.0,0.0,0.0,1.0,0.0,0,f4897cb9-dfd4-461b-8819-e9dfafbba9c6,11.0,7.0,15.0,10.0,3.0,201.526,0.0,0.0,0.0,6.0,13.0,0.0,0.0,4.0
5.0,0.0,0.0,0.0,0.0,0.0,0.0,0.0,0.0,1.0,0.0,0.0,0.0,0,4e24a733-08d4-4b47-9ad5-e33822751ba5,17.0,6.0,20.0,13.0,3.0,205.269,5.0,4.0,0.0,12.0,14.0,1.0,0.0,4.0
5.0,0.0,0.0,0.0,0.0,0.0,0.0,0.0,0.0,1.0,0.0,0.0,0.0,0,5976fe2b-56f4-4957-81b2-9edc8080846e,28.0,12.0,23.0,19.0,3.0,295.536,5.0,2.0,1.0,14.0,14.0,0.0,0.0,4.0
5.0,0.0,0.0,0.0,0.0,0.0,1.0,0.0,0.0,0.0,0.0,0.0,0.0,0,8389231e-8b49-4874-86de-54b9c71e110d,25.0,4.0,18.0,22.0,3.0,292.25,5.0,2.0,1.0,13.0,11.0,1.0,1.0,3.0
5.0,0.0,0.0,0.0,0.0,0.0,1.0,0.0,0.0,0.0,0.0,0.0,0.0,0,a2abbcc9-6d54-4e48-a325-9ea6b5cf5b21,13.0,1.0,19.0,7.0,3.0,181.875,5.0,3.0,2.0,13.0,11.0,0.0,0.0,4.0
5.0,0.0,0.0,0.0,1.0,0.0,0.0,0.0,0.0,0.0,0.0,0.0,0.0,0,62041631-9f06-4173-9c33-96356d204069,10.0,2.0,17.0,6.0,3.0,131.85,2.0,5.0,0.0,7.0,13.0,0.0,1.0,3.0
5.0,0.0,0.0,0.0,0.0,0.0,0.0,0.0,0.0,0.0,0.0,1.0,0.0,0,c999d7da-4684-45d9-8614-57db6d6c2847,16.0,4.0,14.0,12.0,3.0,232.0,5.0,4.0,1.0,13.0,8.0,1.0,1.0,3.0
5.0,0.0,0.0,0.0,0.0,0.0,0.0,0.0,0.0,1.0,0.0,0.0,0.0,0,b2d831a8-9ac6-4a0b-9823-b9ad0ef3e23b,9.0,3.0,20.0,5.0,3.0,98.696,0.0,6.0,0.0,10.0,13.0,1.0,1.0,3.0
5.0,0.0,0.0,0.0,0.0,0.0,0.0,0.0,0.0,1.0,0.0,0.0,0.0,0,31cf468e-10b4-4b5b-821f-9e5dd6afb47b,7.0,4.0,15.0,8.0,3.0,110.824,0.0,4.0,0.0,4.0,13.0,0.0,1.0,3.0
5.0,0.0,0.0,0.0,1.0,0.0,0.0,0.0,0.0,0.0,0.0,0.0,0.0,0,0a034114-4073-4bdc-bd44-214a6a552db4,18.0,3.0,13.0,12.0,3.0,214.524,2.0,5.0,1.0,13.0,8.0,0.0,1.0,3.0
5.0,0.0,1.0,0.0,0.0,0.0,0.0,0.0,0.0,0.0,0.0,0.0,0.0,0,d8a3dcf5-4a77-40a7-9ef5-9b72474a7689,23.0,6.0,15.0,16.0,3.0,298.435,6.0,2.0,2.0,13.0,10.0,1.0,0.0,4.0
5.0,0.0,0.0,0.0,1.0,0.0,0.0,0.0,0.0,0.0,0.0,0.0,0.0,0,ff91128f-9221-479f-9af2-ef46e7d4ef0d,10.0,2.0,15.0,9.0,3.0,186.688,0.0,2.0,0.0,3.0,13.0,1.0,0.0,4.0
5.0,0.0,0.0,0.0,0.0,0.0,0.0,1.0,0.0,0.0,0.0,0.0,0.0,0,428ae3b1-f8b7-4635-9ce0-bcdf1acce50f,19.0,2.0,17.0,13.0,2.0,269.0,3.0,3.0,0.0,7.0,13.0,1.0,0.0,4.0
5.0,0.0,1.0,0.0,0.0,0.0,0.0,0.0,0.0,0.0,0.0,0.0,0.0,0,ea3e4ad1-0f05-4604-b4f3-5bf5922f071b,8.0,1.0,15.0,6.0,2.0,170.125,3.0,3.0,0.0,3.0,13.0,1.0,1.0,3.0
5.0,0.0,0.0,0.0,0.0,0.0,0.0,0.0,0.0,0.0,1.0,0.0,0.0,0,dbeab98f-102e-4f95-9f84-a522c24657b8,0.0,2.0,6.0,0.0,3.0,14.733,0.0,3.0,0.0,2.0,4.0,1.0,1.0,3.0
5.0,0.0,0.0,0.0,0.0,0.0,0.0,0.0,0.0,0.0,0.0,1.0,0.0,0,d5ec1d56-cc5b-446c-b561-db593a089c67,14.0,4.0,15.0,12.0,3.0,206.05,2.0,5.0,0.0,7.0,13.0,0.0,0.0,4.0
5.0,0.0,0.0,0.0,0.0,0.0,0.0,1.0,0.0,0.0,0.0,0.0,0.0,0,18fb8eed-f3e8-4e8e-b39b-31b81b279dc5,16.0,0.0,13.0,12.0,3.0,199.381,2.0,1.0,1.0,13.0,8.0,0.0,0.0,4.0
3.0,0.0,0.0,0.0,0.0,0.0,0.0,1.0,0.0,0.0,0.0,0.0,0.0,0,f76c9e2f-33f7-468f-be05-0083b277f44d,9.0,1.0,16.0,8.0,3.0,145.722,2.0,5.0,0.0,5.0,13.0,1.0,0.0,4.0
3.0,0.0,0.0,0.0,0.0,0.0,0.0,0.0,0.0,0.0,0.0,1.0,0.0,0,2ca43dc5-8f5e-4515-9087-d2ad83762322,21.0,7.0,13.0,16.0,3.0,296.85,2.0,1.0,1.0,13.0,7.0,1.0,0.0,4.0
3.0,0.0,0.0,0.0,0.0,0.0,0.0,0.0,0.0,0.0,1.0,0.0,0.0,0,30184e30-f07d-4540-ab0e-c8603c4e66a4,26.0,5.0,22.0,22.0,3.0,299.462,4.0,1.0,2.0,14.0,12.0,1.0,0.0,4.0
3.0,0.0,0.0,0.0,0.0,0.0,1.0,0.0,0.0,0.0,0.0,0.0,0.0,0,e6d5cad2-8b3c-47ee-8076-e40d474a505f,8.0,1.0,15.0,6.0,3.0,136.412,3.0,0.0,0.0,4.0,13.0,1.0,0.0,4.0
3.0,0.0,0.0,0.0,0.0,0.0,0.0,0.0,0.0,0.0,1.0,0.0,0.0,0,dd00236a-3f82-454e-b8b0-77558805c71f,33.0,4.0,17.0,22.0,2.0,392.083,5.0,4.0,1.0,13.0,11.0,1.0,0.0,4.0
5.0,0.0,0.0,0.0,0.0,0.0,1.0,0.0,0.0,0.0,0.0,0.0,0.0,0,2c55e1ab-f6bc-4977-b922-8ea328c17b4b,13.0,2.0,15.0,12.0,1.0,145.273,3.0,0.0,1.0,13.0,9.0,0.0,0.0,4.0
5.0,0.0,0.0,0.0,0.0,0.0,0.0,1.0,0.0,0.0,0.0,0.0,0.0,0,db56099c-8a7e-4bb8-a5d9-7df7a73b8066,15.0,3.0,16.0,15.0,1.0,255.611,4.0,4.0,0.0,5.0,13.0,1.0,0.0,4.0
5.0,0.0,0.0,0.0,0.0,0.0,0.0,0.0,0.0,1.0,0.0,0.0,0.0,0,6887a0ef-25d5-4a5e-b98a-e1aa5be29e21,20.0,4.0,19.0,18.0,1.0,207.964,3.0,3.0,1.0,15.0,13.0,1.0,0.0,4.0
5.0,0.0,1.0,0.0,0.0,0.0,0.0,0.0,0.0,0.0,0.0,0.0,0.0,0,ab8fb01d-d149-400e-bcb7-b2e25c8ee7fd,16.0,5.0,15.0,9.0,1.0,224.65,1.0,2.0,0.0,7.0,13.0,0.0,0.0,4.0
5.0,0.0,1.0,0.0,0.0,0.0,0.0,0.0,0.0,0.0,0.0,0.0,0.0,0,6f5e9dff-d078-4feb-ba02-0c1d1f5b3396,23.0,8.0,18.0,16.0,1.0,277.167,3.0,1.0,1.0,13.0,11.0,0.0,0.0,4.0
5.0,0.0,0.0,0.0,0.0,0.0,1.0,0.0,0.0,0.0,0.0,0.0,0.0,0,cede5538-42d8-4029-a6d4-159a6ed6450b,10.0,2.0,16.0,8.0,1.0,162.111,2.0,3.0,0.0,5.0,13.0,0.0,0.0,4.0
5.0,0.0,0.0,0.0,0.0,0.0,0.0,0.0,0.0,1.0,0.0,0.0,0.0,0,5601e3c4-8552-4ed6-ba36-72e26926fe63,19.0,6.0,21.0,20.0,1.0,206.192,2.0,8.0,0.0,12.0,14.0,1.0,0.0,4.0
5.0,0.0,0.0,0.0,0.0,0.0,0.0,1.0,0.0,0.0,0.0,0.0,0.0,0,18612531-b010-47bd-8db9-69e520857776,13.0,8.0,13.0,8.0,1.0,179.13,1.0,2.0,1.0,13.0,10.0,0.0,1.0,3.0
5.0,0.0,0.0,0.0,1.0,0.0,0.0,0.0,0.0,0.0,0.0,0.0,0.0,0,50e1e1df-7d50-44e3-8a7e-1f4a2fcc44ce,24.0,4.0,14.0,14.0,1.0,258.75,5.0,1.0,2.0,13.0,11.0,1.0,1.0,3.0
5.0,0.0,1.0,0.0,0.0,0.0,0.0,0.0,0.0,0.0,0.0,0.0,0.0,0,92d28ed2-1347-432e-86e6-27b4824b1677,9.0,5.0,17.0,6.0,1.0,159.833,1.0,2.0,0.0,5.0,13.0,0.0,0.0,4.0
5.0,0.0,0.0,0.0,0.0,0.0,0.0,0.0,0.0,0.0,0.0,1.0,0.0,0,041ecf7b-fef7-4438-b774-e30e83ad4291,10.0,4.0,14.0,5.0,1.0,151.706,2.0,4.0,0.0,4.0,13.0,1.0,0.0,4.0
5.0,0.0,0.0,0.0,0.0,0.0,0.0,0.0,0.0,0.0,1.0,0.0,0.0,0,c7c23bc5-05e6-43bf-ae86-665bea0f3073,8.0,9.0,15.0,7.0,1.0,152.833,1.0,1.0,0.0,5.0,13.0,0.0,0.0,4.0
5.0,0.0,0.0,0.0,1.0,0.0,0.0,0.0,0.0,0.0,0.0,0.0,0.0,0,cc6efaa5-6695-4969-b965-21e067b57e47,11.0,3.0,14.0,6.0,1.0,152.947,2.0,5.0,1.0,13.0,6.0,1.0,0.0,4.0
5.0,0.0,0.0,0.0,1.0,0.0,0.0,0.0,0.0,0.0,0.0,0.0,0.0,0,0635ee01-6933-4f98-ae78-cf1734ccb11a,15.0,11.0,10.0,14.0,1.0,220.588,2.0,0.0,1.0,13.0,4.0,0.0,0.0,4.0
5.0,0.0,0.0,0.0,0.0,0.0,0.0,1.0,0.0,0.0,0.0,0.0,0.0,0,a509d809-d9ed-4212-b324-a1ea986cf60f,25.0,0.0,12.0,18.0,1.0,280.619,1.0,3.0,1.0,13.0,8.0,0.0,0.0,4.0
5.0,0.0,0.0,0.0,1.0,0.0,0.0,0.0,0.0,0.0,0.0,0.0,0.0,0,98e196e0-ac68-484a-82d7-0d41d2d756c2,20.0,4.0,12.0,15.0,1.0,262.364,1.0,1.0,0.0,9.0,13.0,1.0,0.0,4.0
5.0,0.0,0.0,0.0,0.0,0.0,0.0,0.0,0.0,0.0,1.0,0.0,0.0,0,9694a592-7fff-479f-985a-9666f9f7bd83,12.0,6.0,16.0,3.0,1.0,178.682,2.0,0.0,0.0,9.0,13.0,0.0,0.0,4.0
5.0,0.0,0.0,0.0,0.0,0.0,0.0,0.0,0.0,0.0,1.0,0.0,0.0,0,87cf9af8-8e6a-46ac-9c24-5c2f273ab19a,8.0,2.0,7.0,3.0,1.0,121.263,3.0,2.0,1.0,13.0,6.0,0.0,0.0,4.0
5.0,0.0,0.0,0.0,0.0,0.0,0.0,0.0,0.0,1.0,0.0,0.0,0.0,0,ab455c79-4be7-4af0-85e7-f93263edf502,21.0,4.0,12.0,15.0,1.0,252.417,4.0,3.0,1.0,13.0,11.0,0.0,0.0,4.0
6.0,0.0,0.0,0.0,1.0,0.0,0.0,0.0,0.0,0.0,0.0,0.0,0.0,0,af3e73cf-fd7f-4c1f-a175-f21da1e0e66c,15.0,7.0,15.0,11.0,2.0,228.684,1.0,0.0,1.0,13.0,6.0,0.0,1.0,3.0
6.0,0.0,1.0,0.0,0.0,0.0,0.0,0.0,0.0,0.0,0.0,0.0,0.0,0,3ece756e-0406-4a6d-bc00-33c3e1289224,35.0,5.0,23.0,32.0,2.0,330.433,3.0,4.0,1.0,15.0,15.0,0.0,1.0,3.0
6.0,0.0,1.0,0.0,0.0,0.0,0.0,0.0,0.0,0.0,0.0,0.0,0.0,0,921faaa9-582a-48b7-ab28-936f04c393e6,22.0,3.0,18.0,15.0,2.0,238.75,4.0,1.0,2.0,13.0,11.0,1.0,1.0,3.0
6.0,0.0,0.0,0.0,0.0,0.0,0.0,0.0,0.0,0.0,0.0,1.0,0.0,0,f1982d3e-02e7-4a05-b22d-95e464613667,19.0,11.0,12.0,18.0,2.0,286.19,2.0,1.0,3.0,13.0,8.0,0.0,1.0,3.0
6.0,0.0,0.0,0.0,0.0,0.0,0.0,0.0,0.0,0.0,1.0,0.0,0.0,0,5cdde415-c3b4-4207-a8f1-281393fe3b59,22.0,3.0,16.0,17.0,2.0,261.696,2.0,1.0,0.0,10.0,13.0,1.0,1.0,3.0
6.0,0.0,0.0,0.0,1.0,0.0,0.0,0.0,0.0,0.0,0.0,0.0,0.0,0,4715296b-8f2e-4ba1-b552-934594078cef,21.0,6.0,13.0,16.0,2.0,298.8,3.0,0.0,1.0,13.0,7.0,1.0,0.0,4.0
6.0,0.0,0.0,0.0,0.0,0.0,1.0,0.0,0.0,0.0,0.0,0.0,0.0,0,134f7da1-63a9-4926-998f-c18fbdcfd9d4,20.0,3.0,15.0,17.0,2.0,223.917,1.0,2.0,0.0,11.0,13.0,1.0,0.0,4.0
6.0,0.0,0.0,0.0,1.0,0.0,0.0,0.0,0.0,0.0,0.0,0.0,0.0,0,c01ead6c-2259-497b-8b8a-14c599c72b65,10.0,10.0,19.0,8.0,2.0,149.15,0.0,1.0,0.0,7.0,13.0,0.0,0.0,4.0
6.0,0.0,0.0,0.0,0.0,0.0,0.0,1.0,0.0,0.0,0.0,0.0,0.0,0,72d0c1cd-6ef2-445a-8c2b-bed897cea6b8,15.0,5.0,18.0,11.0,2.0,211.13,2.0,2.0,0.0,10.0,13.0,1.0,0.0,4.0
6.0,0.0,0.0,0.0,0.0,0.0,0.0,0.0,0.0,0.0,1.0,0.0,0.0,0,def52268-b264-4ddb-aa8b-e0fc33d204d3,16.0,3.0,19.0,15.0,2.0,214.227,1.0,3.0,0.0,9.0,13.0,1.0,0.0,4.0
6.0,0.0,0.0,0.0,0.0,0.0,0.0,1.0,0.0,0.0,0.0,0.0,0.0,0,05122e11-5c1e-4b9c-afb0-40a0451a9104,14.0,5.0,16.0,10.0,2.0,174.273,1.0,2.0,0.0,9.0,13.0,1.0,0.0,4.0
6.0,0.0,0.0,0.0,0.0,0.0,1.0,0.0,0.0,0.0,0.0,0.0,0.0,0,16f39c5d-be4d-499b-b32a-1e338563280f,11.0,3.0,16.0,8.0,1.0,159.5,1.0,1.0,0.0,7.0,13.0,1.0,1.0,3.0
6.0,0.0,0.0,0.0,0.0,0.0,0.0,0.0,0.0,0.0,1.0,0.0,0.0,0,88175118-18cb-42c3-8468-2df3ec8312ef,9.0,0.0,16.0,4.0,2.0,142.8,1.0,3.0,0.0,7.0,13.0,1.0,1.0,3.0
6.0,0.0,0.0,0.0,0.0,0.0,1.0,0.0,0.0,0.0,0.0,0.0,0.0,0,fa2aebfc-5984-44e6-a7b6-9d37639ef519,12.0,3.0,16.0,11.0,1.0,186.316,1.0,1.0,0.0,6.0,13.0,0.0,1.0,3.0
6.0,0.0,0.0,0.0,0.0,0.0,0.0,0.0,0.0,1.0,0.0,0.0,0.0,0,049be9d6-0572-4bd6-b829-00d35b67d34b,18.0,3.0,15.0,19.0,1.0,240.238,4.0,1.0,1.0,13.0,8.0,0.0,1.0,3.0
4.0,0.0,0.0,0.0,0.0,0.0,1.0,0.0,0.0,0.0,0.0,0.0,0.0,0,3abc8299-0fd2-4480-b9aa-4a5c2492b6f6,16.0,3.0,13.0,10.0,3.0,193.591,3.0,4.0,1.0,13.0,9.0,1.0,1.0,3.0
4.0,0.0,0.0,0.0,0.0,0.0,0.0,0.0,0.0,0.0,1.0,0.0,0.0,0,eb701524-28f9-42f6-afb7-31513486d5a8,21.0,7.0,19.0,19.0,3.0,256.542,4.0,2.0,0.0,11.0,13.0,0.0,1.0,3.0
4.0,0.0,0.0,0.0,0.0,0.0,0.0,1.0,0.0,0.0,0.0,0.0,0.0,0,82ab8458-b655-4d15-afbc-079826936df0,12.0,1.0,20.0,8.0,3.0,165.864,4.0,2.0,0.0,9.0,13.0,1.0,1.0,3.0
4.0,0.0,0.0,0.0,0.0,0.0,0.0,0.0,0.0,1.0,0.0,0.0,0.0,0,5d98db81-fd46-4b99-b758-879d33c737ef,23.0,2.0,17.0,13.0,3.0,232.885,2.0,1.0,1.0,14.0,12.0,0.0,1.0,3.0
5.0,0.0,0.0,0.0,0.0,0.0,0.0,0.0,0.0,0.0,0.0,1.0,0.0,0,32be6ea9-89ea-406e-9d4c-df8230795197,21.0,4.0,18.0,14.0,1.0,212.964,2.0,1.0,1.0,15.0,13.0,1.0,1.0,3.0
5.0,0.0,0.0,0.0,1.0,0.0,0.0,0.0,0.0,0.0,0.0,0.0,0.0,0,26f95c48-8d7b-49b1-871a-babab7a184f9,14.0,4.0,13.0,11.0,1.0,252.438,1.0,2.0,0.0,3.0,13.0,0.0,1.0,3.0
5.0,0.0,0.0,0.0,0.0,0.0,0.0,0.0,0.0,0.0,1.0,0.0,0.0,0,0cdd600f-a5ed-471d-a074-add31096aae4,14.0,3.0,17.0,11.0,1.0,199.2,3.0,4.0,0.0,7.0,13.0,0.0,2.0,2.0
4.0,0.0,0.0,0.0,0.0,0.0,0.0,1.0,0.0,0.0,0.0,0.0,0.0,0,c6bed165-9c7c-4f01-84c9-3324f3ed194f,12.0,5.0,17.0,8.0,3.0,166.348,4.0,3.0,1.0,13.0,10.0,1.0,1.0,3.0
4.0,0.0,0.0,0.0,0.0,0.0,1.0,0.0,0.0,0.0,0.0,0.0,0.0,0,1435bad2-97eb-44ce-9bc5-3b2f2cbe59d3,22.0,3.0,16.0,15.0,3.0,251.667,2.0,1.0,2.0,13.0,11.0,1.0,1.0,3.0
5.0,0.0,1.0,0.0,0.0,0.0,0.0,0.0,0.0,0.0,0.0,0.0,0.0,0,5c6725e4-284d-499e-a8fa-894752df79db,14.0,4.0,17.0,13.0,1.0,204.143,0.0,5.0,0.0,8.0,13.0,1.0,1.0,3.0
5.0,0.0,0.0,0.0,0.0,0.0,0.0,1.0,0.0,0.0,0.0,0.0,0.0,0,aa4e77b4-a2e0-4012-8293-235ab2afde1a,13.0,1.0,14.0,7.0,1.0,204.353,2.0,1.0,0.0,4.0,13.0,1.0,2.0,2.0
5.0,0.0,1.0,0.0,0.0,0.0,0.0,0.0,0.0,0.0,0.0,0.0,0.0,0,b764cb0e-adbe-4120-8156-d7cdd60c805b,19.0,2.0,19.0,15.0,1.0,236.667,5.0,2.0,0.0,11.0,13.0,1.0,2.0,2.0
4.0,0.0,0.0,0.0,0.0,0.0,1.0,0.0,0.0,0.0,0.0,0.0,0.0,0,9e6f098c-f961-4511-8514-2bb456f4ea3f,19.0,4.0,17.0,10.0,3.0,230.0,4.0,1.0,1.0,13.0,11.0,1.0,1.0,3.0
4.0,0.0,0.0,0.0,0.0,0.0,0.0,0.0,0.0,1.0,0.0,0.0,0.0,0,dab3781d-f5f7-4c99-972b-d33206836d0b,22.0,1.0,13.0,13.0,3.0,227.0,4.0,3.0,1.0,14.0,12.0,1.0,2.0,2.0
4.0,0.0,0.0,0.0,0.0,0.0,0.0,0.0,0.0,0.0,0.0,1.0,0.0,0,c4a717dc-7e73-4e10-89b9-0111b993ae7d,22.0,6.0,9.0,16.0,3.0,359.471,5.0,1.0,2.0,13.0,4.0,0.0,2.0,2.0
4.0,0.0,0.0,0.0,0.0,0.0,0.0,0.0,0.0,0.0,0.0,1.0,0.0,0,ac299c52-cf19-4467-a4d5-a713d048c4ff,16.0,0.0,16.0,10.0,3.0,205.524,3.0,5.0,0.0,8.0,13.0,1.0,1.0,3.0
5.0,0.0,0.0,0.0,1.0,0.0,0.0,0.0,0.0,0.0,0.0,0.0,0.0,0,652eabf9-1096-4ac1-9654-c2ccb5db6ea4,21.0,5.0,20.0,19.0,1.0,246.042,4.0,2.0,0.0,11.0,13.0,0.0,2.0,2.0
5.0,0.0,0.0,0.0,0.0,0.0,0.0,1.0,0.0,0.0,0.0,0.0,0.0,0,b90d6aa5-02e5-40b7-bb89-18ad3996a744,11.0,1.0,16.0,11.0,1.0,210.059,1.0,1.0,0.0,4.0,13.0,1.0,1.0,3.0
5.0,0.0,0.0,0.0,0.0,0.0,0.0,1.0,0.0,0.0,0.0,0.0,0.0,0,b288d04c-4fa0-461a-aeda-171f6f13eac4,17.0,1.0,11.0,17.0,1.0,244.579,2.0,1.0,1.0,13.0,6.0,0.0,3.0,1.0
5.0,0.0,0.0,0.0,0.0,0.0,1.0,0.0,0.0,0.0,0.0,0.0,0.0,0,da05e78f-9768-4056-b827-4e0bcafcdbee,19.0,4.0,13.0,18.0,1.0,281.85,3.0,3.0,2.0,13.0,7.0,0.0,3.0,1.0
5.0,0.0,0.0,0.0,0.0,0.0,0.0,0.0,0.0,1.0,0.0,0.0,0.0,0,6d38e7af-edba-4306-b7bd-6438263f859a,6.0,1.0,15.0,5.0,1.0,98.0,3.0,4.0,0.0,4.0,13.0,1.0,3.0,1.0
5.0,0.0,0.0,0.0,0.0,0.0,1.0,0.0,0.0,0.0,0.0,0.0,0.0,0,ae9eb26d-10ce-4150-934d-21659420d17c,19.0,0.0,13.0,12.0,1.0,214.391,5.0,1.0,0.0,10.0,13.0,1.0,1.0,3.0
5.0,0.0,0.0,0.0,0.0,0.0,0.0,1.0,0.0,0.0,0.0,0.0,0.0,0,8a2cf8f2-1b57-4d1c-8471-735f441db107,25.0,1.0,14.0,15.0,1.0,308.619,4.0,1.0,0.0,8.0,13.0,1.0,4.0,0.0
5.0,0.0,0.0,0.0,0.0,0.0,0.0,0.0,0.0,0.0,0.0,1.0,0.0,0,0e604229-7968-4bc4-8a80-8bebabccf1bd,17.0,3.0,16.0,16.0,1.0,195.348,2.0,8.0,0.0,10.0,13.0,0.0,2.0,2.0
5.0,0.0,0.0,0.0,0.0,0.0,0.0,1.0,0.0,0.0,0.0,0.0,0.0,0,d896d819-ae88-4cd6-96b8-c8264c3897b8,20.0,2.0,20.0,15.0,1.0,217.154,3.0,2.0,0.0,12.0,14.0,0.0,2.0,2.0
5.0,0.0,0.0,0.0,0.0,0.0,0.0,0.0,0.0,0.0,1.0,0.0,0.0,0,ef08faaf-2e93-4715-8178-e617dc6b73e7,29.0,2.0,16.0,25.0,1.0,324.792,3.0,1.0,1.0,13.0,11.0,0.0,2.0,2.0
5.0,0.0,0.0,0.0,0.0,0.0,0.0,0.0,0.0,1.0,0.0,0.0,0.0,0,19c86dac-3b64-4dcd-b5ab-6f794f2d050d,17.0,1.0,12.0,10.0,1.0,187.304,2.0,1.0,2.0,13.0,10.0,1.0,2.0,2.0
4.0,0.0,1.0,0.0,0.0,0.0,0.0,0.0,0.0,0.0,0.0,0.0,0.0,0,b07baf6e-c3bd-4898-b2fe-6f952ec0b9ba,18.0,2.0,17.0,16.0,3.0,212.522,3.0,5.0,1.0,13.0,10.0,0.0,3.0,1.0
4.0,0.0,0.0,0.0,0.0,0.0,1.0,0.0,0.0,0.0,0.0,0.0,0.0,0,3de9e802-5006-453a-9949-14bc26236c86,18.0,7.0,14.0,14.0,3.0,222.609,3.0,1.0,2.0,13.0,10.0,0.0,3.0,1.0
4.0,0.0,0.0,0.0,0.0,0.0,0.0,0.0,0.0,0.0,1.0,0.0,0.0,0,97f91c84-5ef3-4e66-8672-6e6fa748831a,18.0,2.0,16.0,13.0,3.0,198.958,2.0,2.0,0.0,11.0,13.0,1.0,3.0,1.0
4.0,0.0,0.0,0.0,0.0,0.0,1.0,0.0,0.0,0.0,0.0,0.0,0.0,0,c9a52def-88a3-49d0-bb7b-0673fcfbf8ff,12.0,4.0,20.0,11.0,3.0,137.692,3.0,1.0,0.0,12.0,14.0,1.0,3.0,1.0
4.0,0.0,0.0,0.0,0.0,0.0,0.0,0.0,0.0,0.0,1.0,0.0,0.0,0,6256b154-7ddc-4a20-a253-3cd157ce854a,18.0,5.0,20.0,12.0,3.0,215.423,5.0,6.0,0.0,12.0,14.0,1.0,1.0,3.0
4.0,0.0,0.0,0.0,1.0,0.0,0.0,0.0,0.0,0.0,0.0,0.0,0.0,0,37080fe8-4b43-431d-b730-f7b24256c742,26.0,6.0,11.0,24.0,3.0,310.318,1.0,0.0,1.0,13.0,9.0,0.0,2.0,2.0
4.0,0.0,0.0,0.0,0.0,0.0,0.0,1.0,0.0,0.0,0.0,0.0,0.0,0,c658b41d-324b-4c31-8e83-2c999f0bfa48,21.0,3.0,14.0,16.0,3.0,275.045,1.0,4.0,0.0,9.0,13.0,1.0,3.0,1.0
4.0,0.0,0.0,0.0,0.0,0.0,0.0,1.0,0.0,0.0,0.0,0.0,0.0,0,6b406759-1703-4bd9-8724-960e3338928d,13.0,0.0,7.0,10.0,3.0,206.529,5.0,2.0,1.0,13.0,4.0,1.0,3.0,1.0
4.0,0.0,1.0,0.0,0.0,0.0,0.0,0.0,0.0,0.0,0.0,0.0,0.0,0,098680ab-5c97-4472-bb5a-b84c8af18167,23.0,5.0,15.0,15.0,3.0,273.708,3.0,2.0,2.0,13.0,11.0,1.0,3.0,1.0
4.0,0.0,0.0,0.0,0.0,0.0,0.0,0.0,0.0,1.0,0.0,0.0,0.0,0,abc969a4-9c43-4eea-9286-5e1cfb4b635b,25.0,1.0,14.0,9.0,3.0,303.826,7.0,2.0,1.0,13.0,10.0,1.0,2.0,2.0
5.0,0.0,1.0,0.0,0.0,0.0,0.0,0.0,0.0,0.0,0.0,0.0,0.0,0,a3e2112c-48a4-4b03-9f89-8506bfeeee5a,18.0,2.0,16.0,14.0,1.0,219.045,4.0,2.0,0.0,9.0,13.0,1.0,1.0,3.0
5.0,0.0,0.0,0.0,0.0,0.0,0.0,1.0,0.0,0.0,0.0,0.0,0.0,0,db5a22b2-8342-441b-b7be-691f35317d04,13.0,11.0,20.0,13.0,1.0,159.385,3.0,2.0,1.0,14.0,12.0,0.0,1.0,3.0
1.0,0.0,0.0,0.0,0.0,0.0,0.0,0.0,0.0,0.0,1.0,0.0,0.0,0,2af48c3a-4a66-4f1d-8bec-3432138ad0be,3.0,1.0,14.0,2.0,1.0,66.533,0.0,1.0,0.0,2.0,13.0,1.0,1.0,3.0
1.0,0.0,0.0,0.0,0.0,0.0,0.0,1.0,0.0,0.0,0.0,0.0,0.0,0,de1c84d7-5585-4e2b-82eb-258dfcc0f3b5,19.0,6.0,7.0,9.0,1.0,303.667,1.0,0.0,1.0,13.0,2.0,1.0,1.0,3.0
1.0,0.0,0.0,0.0,0.0,0.0,0.0,0.0,0.0,0.0,1.0,0.0,0.0,0,7ca7f12f-4630-45f2-8797-6e82858f3556,7.0,4.0,18.0,5.0,1.0,115.909,1.0,1.0,0.0,9.0,13.0,0.0,1.0,3.0
1.0,0.0,0.0,0.0,0.0,0.0,0.0,0.0,0.0,0.0,0.0,1.0,0.0,0,8c9f0764-bcfa-466f-83ed-8639b9a85eff,10.0,11.0,13.0,5.0,1.0,135.762,1.0,1.0,1.0,13.0,8.0,1.0,1.0,3.0
1.0,0.0,0.0,0.0,0.0,0.0,0.0,0.0,0.0,1.0,0.0,0.0,0.0,0,909e4d26-de29-4429-93f4-fe5c2c011b51,6.0,6.0,11.0,3.0,1.0,87.895,0.0,1.0,1.0,13.0,6.0,1.0,2.0,2.0
1.0,0.0,0.0,0.0,0.0,0.0,0.0,1.0,0.0,0.0,0.0,0.0,0.0,0,917929aa-27d0-4106-93ed-f79753da05cf,5.0,10.0,14.0,2.0,1.0,97.4,1.0,1.0,0.0,7.0,13.0,1.0,1.0,3.0
1.0,0.0,1.0,0.0,0.0,0.0,0.0,0.0,0.0,0.0,0.0,0.0,0.0,0,b5181a65-a9fb-4253-9ce7-cbbc03b158d3,16.0,12.0,16.0,11.0,1.0,214.667,0.0,4.0,1.0,13.0,11.0,0.0,1.0,3.0
1.0,0.0,1.0,0.0,0.0,0.0,0.0,0.0,0.0,0.0,0.0,0.0,0.0,0,6eb5a27d-840d-49b0-92c4-1c60bed996c3,3.0,2.0,12.0,0.0,1.0,72.812,0.0,1.0,0.0,3.0,10.0,0.0,2.0,2.0
1.0,0.0,0.0,0.0,0.0,0.0,0.0,0.0,0.0,1.0,0.0,0.0,0.0,0,93518b30-3dea-4b11-a002-e655fbe7a87b,11.0,3.0,16.0,8.0,1.0,160.4,0.0,1.0,0.0,7.0,13.0,0.0,2.0,2.0
1.0,0.0,0.0,0.0,0.0,0.0,0.0,0.0,0.0,0.0,0.0,1.0,0.0,0,4978cbc6-61d7-4a88-b88f-b1ec930b2099,12.0,4.0,15.0,4.0,1.0,181.053,3.0,2.0,0.0,6.0,13.0,1.0,2.0,2.0
1.0,0.0,0.0,0.0,0.0,0.0,0.0,0.0,0.0,0.0,1.0,0.0,0.0,0,aaedb8bf-ba5d-438a-95df-f511ca839655,8.0,6.0,15.0,3.0,1.0,129.455,1.0,0.0,1.0,13.0,9.0,1.0,2.0,2.0
1.0,0.0,0.0,0.0,0.0,0.0,1.0,0.0,0.0,0.0,0.0,0.0,0.0,0,edc071fa-4dd1-4742-810e-c35fb1ce6436,25.0,10.0,22.0,14.0,1.0,229.333,2.0,2.0,1.0,16.0,14.0,1.0,0.0,4.0
1.0,0.0,0.0,0.0,0.0,0.0,0.0,0.0,0.0,0.0,0.0,1.0,0.0,0,13cc2fbd-f92a-42cd-8177-7823fb64a485,10.0,4.0,11.0,4.0,1.0,153.222,0.0,2.0,0.0,5.0,8.0,1.0,0.0,4.0
1.0,0.0,0.0,0.0,0.0,0.0,0.0,1.0,0.0,0.0,0.0,0.0,0.0,0,5a613218-dc7d-4efd-84e1-b5faa20dd1ad,17.0,1.0,17.0,14.0,1.0,201.958,1.0,1.0,1.0,13.0,11.0,1.0,0.0,4.0
1.0,0.0,0.0,0.0,0.0,0.0,0.0,0.0,0.0,0.0,0.0,1.0,0.0,0,c419deb3-c3f9-4d0f-ac75-c3338d1f3e1b,7.0,6.0,14.0,3.0,1.0,138.529,1.0,2.0,1.0,13.0,4.0,1.0,2.0,2.0
1.0,0.0,0.0,0.0,0.0,0.0,1.0,0.0,0.0,0.0,0.0,0.0,0.0,0,c8705f2a-2b88-4809-9a4d-7fd2652aae1a,16.0,5.0,17.0,6.0,1.0,232.6,0.0,0.0,0.0,7.0,13.0,1.0,2.0,2.0
1.0,0.0,0.0,0.0,0.0,0.0,0.0,1.0,0.0,0.0,0.0,0.0,0.0,0,33c789b4-0723-45eb-99fe-8252f9afece1,14.0,8.0,13.0,8.0,1.0,229.316,1.0,3.0,1.0,13.0,6.0,1.0,2.0,2.0
1.0,0.0,0.0,0.0,0.0,0.0,0.0,0.0,0.0,0.0,1.0,0.0,0.0,0,7eb9696b-2432-4bf5-897a-42c8c1f6cc49,10.0,3.0,16.0,6.0,1.0,164.8,3.0,2.0,0.0,7.0,13.0,1.0,2.0,2.0
1.0,0.0,1.0,0.0,0.0,0.0,0.0,0.0,0.0,0.0,0.0,0.0,0.0,0,bb48e3a3-0f62-4e59-948a-da2e16d6832a,14.0,8.0,20.0,8.0,1.0,155.615,1.0,1.0,1.0,14.0,12.0,1.0,1.0,3.0
1.0,0.0,0.0,0.0,0.0,0.0,1.0,0.0,0.0,0.0,0.0,0.0,0.0,0,6a5cc3a5-0591-4bd2-9802-688792aba92d,15.0,5.0,19.0,9.0,1.0,175.538,3.0,4.0,0.0,12.0,14.0,1.0,1.0,3.0
1.0,0.0,0.0,0.0,0.0,0.0,0.0,0.0,0.0,0.0,0.0,1.0,0.0,0,77d7f7a9-5a9c-415d-adef-d7b05122886b,11.0,9.0,14.0,9.0,1.0,248.0,0.0,0.0,0.0,2.0,13.0,1.0,2.0,2.0
1.0,0.0,1.0,0.0,0.0,0.0,0.0,0.0,0.0,0.0,0.0,0.0,0.0,0,d5138002-9620-4caa-89da-03f5a43ca604,2.0,2.0,2.0,0.0,1.0,44.692,1.0,0.0,1.0,5.0,0.0,1.0,2.0,2.0
1.0,0.0,0.0,0.0,1.0,0.0,0.0,0.0,0.0,0.0,0.0,0.0,0.0,0,20680e59-2d32-4ade-b437-a15fa044aff3,15.0,6.0,20.0,5.0,1.0,187.0,3.0,4.0,0.0,11.0,13.0,0.0,2.0,2.0
1.0,0.0,0.0,0.0,0.0,0.0,0.0,0.0,0.0,0.0,1.0,0.0,0.0,0,a7d8f6a6-47fd-4be3-8397-a73382f6c407,12.0,6.0,12.0,6.0,1.0,150.667,0.0,1.0,1.0,13.0,8.0,0.0,1.0,3.0
1.0,0.0,0.0,0.0,0.0,0.0,1.0,0.0,0.0,0.0,0.0,0.0,0.0,0,60443550-24cc-4252-af82-258ccbcc9fe3,12.0,4.0,16.0,9.0,1.0,180.75,1.0,0.0,0.0,7.0,13.0,1.0,1.0,3.0
1.0,0.0,0.0,0.0,0.0,0.0,0.0,1.0,0.0,0.0,0.0,0.0,0.0,0,1e129077-3db1-47b2-803b-94ba6ad281eb,29.0,3.0,7.0,11.0,1.0,451.647,2.0,0.0,1.0,13.0,4.0,1.0,1.0,3.0
1.0,0.0,0.0,0.0,1.0,0.0,0.0,0.0,0.0,0.0,0.0,0.0,0.0,0,aed4812c-ebe3-4325-8fe7-868dd06ea147,9.0,4.0,20.0,4.0,1.0,140.087,1.0,4.0,0.0,10.0,13.0,1.0,1.0,3.0
1.0,0.0,0.0,0.0,0.0,0.0,0.0,1.0,0.0,0.0,0.0,0.0,0.0,0,19adebbf-24a9-4db2-ab0f-26c00f7ba9ff,9.0,1.0,14.0,2.0,1.0,136.059,1.0,2.0,0.0,4.0,13.0,0.0,1.0,3.0
1.0,0.0,0.0,0.0,0.0,0.0,0.0,0.0,0.0,0.0,0.0,1.0,0.0,0,2b7545cc-27f4-48a6-9539-6bb8f9712c75,5.0,9.0,23.0,0.0,1.0,91.231,0.0,2.0,0.0,12.0,14.0,1.0,2.0,2.0
1.0,0.0,0.0,0.0,1.0,0.0,0.0,0.0,0.0,0.0,0.0,0.0,0.0,0,aa89c6f4-201d-49c1-b316-552adb7fa970,11.0,6.0,17.0,3.0,1.0,135.792,0.0,2.0,0.0,11.0,13.0,1.0,1.0,3.0
2.0,0.0,0.0,0.0,1.0,0.0,0.0,0.0,0.0,0.0,0.0,0.0,0.0,0,9dff2f76-89da-41ac-8ade-a275499899f6,26.0,5.0,17.0,2.0,2.0,336.478,7.0,4.0,0.0,10.0,13.0,0.0,1.0,3.0
2.0,0.0,0.0,0.0,0.0,0.0,0.0,0.0,0.0,0.0,0.0,1.0,0.0,0,7959ef3e-08b2-4e28-9692-524c41b1c71e,44.0,4.0,14.0,20.0,2.0,537.217,8.0,2.0,1.0,13.0,10.0,1.0,1.0,3.0
2.0,0.0,0.0,0.0,0.0,0.0,0.0,0.0,0.0,1.0,0.0,0.0,0.0,0,00fa081a-0796-466b-a9f8-0fb5bc983aee,26.0,8.0,16.0,6.0,2.0,338.043,6.0,1.0,1.0,13.0,10.0,1.0,3.0,1.0
2.0,0.0,0.0,0.0,0.0,0.0,0.0,1.0,0.0,0.0,0.0,0.0,0.0,0,c63abd8e-a796-40e8-afaa-fc2cfb0008e2,11.0,2.0,14.0,3.0,1.0,232.75,0.0,3.0,0.0,3.0,13.0,0.0,0.0,4.0
2.0,0.0,0.0,0.0,0.0,0.0,1.0,0.0,0.0,0.0,0.0,0.0,0.0,0,1df91289-61fd-4f9f-8937-92216e075af2,18.0,9.0,16.0,4.0,2.0,250.905,3.0,4.0,0.0,8.0,13.0,0.0,1.0,3.0
2.0,0.0,0.0,0.0,0.0,0.0,0.0,0.0,0.0,1.0,0.0,0.0,0.0,0,cfa78e0c-ea1d-4115-99c3-83e8c9c8c1b8,8.0,1.0,11.0,2.0,1.0,166.133,0.0,3.0,0.0,2.0,10.0,1.0,0.0,4.0
2.0,0.0,0.0,0.0,0.0,0.0,0.0,0.0,0.0,0.0,1.0,0.0,0.0,0,e8b31f4e-991f-49eb-acc6-79cffea7f46a,13.0,5.0,17.0,4.0,2.0,238.579,2.0,1.0,0.0,6.0,13.0,0.0,1.0,3.0
2.0,0.0,0.0,0.0,0.0,0.0,0.0,1.0,0.0,0.0,0.0,0.0,0.0,0,c8dece2e-b622-4eaf-ad1f-efd3f29726b9,13.0,6.0,20.0,8.0,2.0,162.5,2.0,2.0,0.0,12.0,14.0,0.0,0.0,4.0
2.0,0.0,0.0,0.0,0.0,0.0,0.0,0.0,0.0,0.0,0.0,1.0,0.0,0,d034107a-37cd-4789-9a6e-69b9496e0e3d,11.0,5.0,16.0,4.0,2.0,225.412,3.0,3.0,0.0,4.0,13.0,0.0,2.0,2.0
2.0,0.0,0.0,0.0,0.0,0.0,0.0,0.0,0.0,1.0,0.0,0.0,0.0,0,725acbd5-0fb7-44be-a124-6b406788b772,15.0,6.0,17.0,7.0,2.0,238.0,6.0,3.0,0.0,7.0,13.0,1.0,2.0,2.0
2.0,0.0,0.0,0.0,0.0,0.0,1.0,0.0,0.0,0.0,0.0,0.0,0.0,0,ec54872a-be60-4be8-8d59-48c57a1859a1,21.0,7.0,8.0,6.0,2.0,388.0,4.0,2.0,1.0,13.0,3.0,1.0,1.0,3.0
2.0,0.0,0.0,0.0,0.0,0.0,0.0,0.0,0.0,0.0,1.0,0.0,0.0,0,cf9041a6-b409-4c86-b543-857a4f036673,10.0,1.0,13.0,4.0,2.0,160.35,3.0,3.0,0.0,7.0,13.0,0.0,0.0,4.0
2.0,0.0,0.0,0.0,1.0,0.0,0.0,0.0,0.0,0.0,0.0,0.0,0.0,0,5f3154c4-4862-4b92-a687-a833063aeb43,19.0,1.0,17.0,4.0,2.0,283.667,2.0,1.0,0.0,8.0,13.0,0.0,3.0,1.0
2.0,0.0,0.0,0.0,1.0,0.0,0.0,0.0,0.0,0.0,0.0,0.0,0.0,0,f0c17529-b63c-4aa2-8687-d9017aec7496,31.0,5.0,16.0,4.0,2.0,398.227,7.0,2.0,1.0,13.0,9.0,0.0,1.0,3.0
2.0,0.0,0.0,0.0,0.0,0.0,0.0,0.0,0.0,1.0,0.0,0.0,0.0,0,2c5a6fdb-9082-4bd0-b1cb-15fefdc31724,27.0,8.0,12.0,13.0,2.0,322.217,3.0,2.0,2.0,13.0,10.0,1.0,1.0,3.0
2.0,0.0,0.0,0.0,0.0,0.0,0.0,0.0,0.0,0.0,1.0,0.0,0.0,0,1580c01a-2c48-40f7-861d-d4801ccf85cc,26.0,4.0,16.0,8.0,2.0,250.75,7.0,4.0,0.0,14.0,14.0,1.0,1.0,3.0
2.0,0.0,0.0,0.0,0.0,0.0,0.0,1.0,0.0,0.0,0.0,0.0,0.0,0,8d34f433-14db-4723-b0ef-1fcb55194383,10.0,3.0,5.0,1.0,2.0,159.688,3.0,1.0,1.0,9.0,3.0,0.0,1.0,3.0
2.0,0.0,0.0,0.0,0.0,0.0,0.0,0.0,0.0,0.0,1.0,0.0,0.0,0,4a3d8209-771f-4bad-bd98-56f34368a92b,24.0,5.0,18.0,16.0,2.0,248.179,5.0,6.0,0.0,14.0,14.0,0.0,1.0,3.0
2.0,0.0,0.0,0.0,0.0,0.0,1.0,0.0,0.0,0.0,0.0,0.0,0.0,0,711f7cfd-402b-443a-9be3-799fec175686,17.0,8.0,17.0,7.0,2.0,232.909,4.0,0.0,1.0,13.0,9.0,0.0,0.0,4.0
2.0,0.0,0.0,0.0,0.0,0.0,1.0,0.0,0.0,0.0,0.0,0.0,0.0,0,f5a46d52-03c1-4b05-820e-70155412ed1f,16.0,10.0,9.0,3.0,2.0,258.389,2.0,1.0,2.0,13.0,5.0,0.0,0.0,4.0
2.0,0.0,0.0,0.0,0.0,0.0,0.0,0.0,0.0,1.0,0.0,0.0,0.0,0,609fba2e-f590-404c-97d5-bd97680256d7,32.0,3.0,16.0,13.0,3.0,391.292,6.0,4.0,0.0,11.0,13.0,1.0,1.0,3.0
2.0,0.0,0.0,0.0,0.0,0.0,0.0,0.0,0.0,1.0,0.0,0.0,0.0,0,aaae36c8-b4a7-498e-9f0c-5de1ed48d8a9,21.0,6.0,19.0,7.0,3.0,280.13,3.0,5.0,0.0,10.0,13.0,1.0,1.0,3.0
2.0,0.0,0.0,0.0,0.0,0.0,0.0,0.0,0.0,0.0,1.0,0.0,0.0,0,89d6795c-c17e-40cc-845b-d8faca4f5121,10.0,6.0,13.0,7.0,2.0,167.632,1.0,2.0,0.0,6.0,13.0,0.0,4.0,0.0
2.0,0.0,0.0,0.0,0.0,0.0,0.0,1.0,0.0,0.0,0.0,0.0,0.0,0,87dba074-8141-4f21-8d13-8fa9c9f3eedc,22.0,7.0,16.0,10.0,2.0,301.182,3.0,0.0,1.0,13.0,9.0,0.0,4.0,0.0
2.0,0.0,0.0,0.0,0.0,0.0,0.0,0.0,0.0,0.0,0.0,1.0,0.0,0,e80e7fdd-63c6-4e02-94b8-ced4c993063f,13.0,6.0,14.0,1.0,2.0,180.7,2.0,1.0,1.0,13.0,7.0,0.0,1.0,3.0
2.0,0.0,0.0,0.0,0.0,0.0,0.0,0.0,0.0,0.0,0.0,1.0,0.0,0,0b1d354f-9550-4cd6-ad25-7c11c75d5641,4.0,2.0,5.0,1.0,2.0,88.786,0.0,0.0,0.0,1.0,6.0,0.0,1.0,3.0
2.0,0.0,0.0,0.0,0.0,0.0,1.0,0.0,0.0,0.0,0.0,0.0,0.0,0,7725c725-a4f7-4d1c-a1ab-57f5a35e3d3c,23.0,8.0,13.0,5.0,2.0,303.455,4.0,4.0,1.0,13.0,9.0,0.0,1.0,3.0
2.0,0.0,0.0,0.0,0.0,0.0,0.0,1.0,0.0,0.0,0.0,0.0,0.0,0,c1972303-3dc7-46a2-a26d-39d449eb5900,13.0,7.0,14.0,3.0,2.0,157.652,0.0,5.0,1.0,13.0,10.0,0.0,3.0,1.0
2.0,0.0,0.0,0.0,0.0,0.0,0.0,1.0,0.0,0.0,0.0,0.0,0.0,0,59547ca8-d1ac-4d2b-9125-e407fade610c,11.0,1.0,18.0,5.0,2.0,149.095,0.0,5.0,0.0,8.0,13.0,0.0,1.0,3.0
2.0,0.0,0.0,0.0,1.0,0.0,0.0,0.0,0.0,0.0,0.0,0.0,0.0,0,74dec13a-7a51-4a64-bad3-71980f9d42d0,20.0,2.0,14.0,4.0,2.0,256.0,3.0,4.0,0.0,8.0,13.0,0.0,2.0,2.0
2.0,0.0,0.0,0.0,0.0,0.0,0.0,0.0,0.0,0.0,1.0,0.0,0.0,0,029af2c3-6446-413d-a35e-11bcaa0f4d88,18.0,5.0,15.0,10.0,2.0,240.739,5.0,1.0,0.0,10.0,13.0,1.0,4.0,0.0
2.0,0.0,0.0,0.0,0.0,0.0,1.0,0.0,0.0,0.0,0.0,0.0,0.0,0,aaf05d09-954e-4d38-bf46-7d92a6151fff,24.0,4.0,12.0,7.0,2.0,321.55,1.0,3.0,1.0,13.0,7.0,0.0,4.0,0.0
2.0,0.0,0.0,0.0,0.0,0.0,0.0,0.0,0.0,0.0,1.0,0.0,0.0,0,aab5887c-7af1-4868-bbef-5958cf39e0cb,7.0,5.0,14.0,3.0,2.0,152.267,4.0,4.0,0.0,2.0,13.0,0.0,0.0,4.0
2.0,0.0,0.0,0.0,0.0,0.0,1.0,0.0,0.0,0.0,0.0,0.0,0.0,0,13609274-9712-4519-b70e-0ead395e8330,17.0,10.0,17.0,4.0,2.0,216.087,1.0,3.0,1.0,13.0,10.0,0.0,0.0,4.0
2.0,0.0,0.0,0.0,0.0,0.0,0.0,0.0,0.0,1.0,0.0,0.0,0.0,0,1a004b85-14aa-406d-9b4e-b00387991d46,9.0,10.0,16.0,3.0,2.0,128.773,0.0,4.0,0.0,9.0,13.0,0.0,2.0,2.0
2.0,0.0,0.0,0.0,1.0,0.0,0.0,0.0,0.0,0.0,0.0,0.0,0.0,0,a53cc781-bd8e-4a6d-8d5b-18543b57f17f,11.0,10.0,13.0,6.0,2.0,165.7,2.0,3.0,1.0,13.0,7.0,0.0,4.0,0.0
2.0,0.0,0.0,0.0,0.0,0.0,0.0,1.0,0.0,0.0,0.0,0.0,0.0,0,0c3e623d-2cf2-447f-b79a-8473138f4cef,9.0,6.0,12.0,1.0,2.0,129.4,4.0,1.0,2.0,13.0,7.0,1.0,4.0,0.0
2.0,0.0,0.0,0.0,0.0,0.0,0.0,0.0,0.0,0.0,0.0,1.0,0.0,0,a709c081-0c08-45c4-aba8-991378dc8265,9.0,4.0,17.0,2.0,2.0,157.176,2.0,3.0,0.0,4.0,13.0,0.0,4.0,0.0
2.0,0.0,0.0,0.0,0.0,0.0,0.0,1.0,0.0,0.0,0.0,0.0,0.0,0,e351fcca-6901-4254-9268-29778a978b7c,13.0,10.0,19.0,6.0,2.0,182.333,3.0,7.0,1.0,13.0,11.0,0.0,4.0,0.0
2.0,0.0,1.0,0.0,0.0,0.0,0.0,0.0,0.0,0.0,0.0,0.0,0.0,0,441151d2-df0b-4831-98a8-50d72119b095,10.0,5.0,17.0,7.0,2.0,160.4,3.0,1.0,2.0,13.0,7.0,1.0,4.0,0.0
2.0,0.0,0.0,0.0,0.0,0.0,0.0,0.0,0.0,0.0,0.0,1.0,0.0,0,e544faab-c55e-4b38-8b5b-3a559e2b5327,9.0,6.0,15.0,2.0,2.0,121.619,0.0,2.0,0.0,8.0,13.0,1.0,4.0,0.0
2.0,0.0,0.0,0.0,0.0,0.0,0.0,0.0,0.0,1.0,0.0,0.0,0.0,0,1c81bd27-c45a-4eb5-90b7-050e01c29f00,16.0,5.0,15.0,7.0,2.0,242.053,3.0,4.0,0.0,6.0,13.0,0.0,4.0,0.0
2.0,0.0,1.0,0.0,0.0,0.0,0.0,0.0,0.0,0.0,0.0,0.0,0.0,0,9f1c9435-c0ac-4858-866c-5292b601ec32,8.0,8.0,13.0,2.0,2.0,103.0,0.0,3.0,2.0,13.0,9.0,1.0,1.0,3.0
2.0,0.0,0.0,0.0,0.0,0.0,0.0,0.0,0.0,0.0,0.0,1.0,0.0,0,b2f4de61-548f-412f-8c82-1f3fa806b719,15.0,8.0,10.0,4.0,2.0,225.444,2.0,2.0,1.0,13.0,5.0,1.0,2.0,2.0
2.0,0.0,0.0,0.0,0.0,0.0,0.0,0.0,0.0,0.0,1.0,0.0,0.0,0,550b39ef-f5fe-4eea-b2cf-c29b7a01cb08,6.0,9.0,18.0,3.0,2.0,85.87,1.0,4.0,1.0,13.0,10.0,0.0,3.0,1.0
2.0,0.0,0.0,0.0,0.0,0.0,0.0,1.0,0.0,0.0,0.0,0.0,0.0,0,41eeff46-8770-4323-9e72-fbfe14c0eb68,13.0,8.0,18.0,5.0,2.0,174.909,3.0,3.0,0.0,9.0,13.0,0.0,3.0,1.0
5.0,0.0,1.0,0.0,0.0,0.0,0.0,0.0,0.0,0.0,0.0,0.0,0.0,0,ab8fb01d-d149-400e-bcb7-b2e25c8ee7fd,13.0,2.0,15.0,6.0,3.0,186.55,1.0,0.0,0.0,7.0,13.0,1.0,2.0,2.0
5.0,0.0,1.0,0.0,0.0,0.0,0.0,0.0,0.0,0.0,0.0,0.0,0.0,0,8a08045c-41d4-4e1a-aebc-059bd791cb45,15.0,2.0,14.0,9.0,3.0,186.273,1.0,1.0,1.0,13.0,9.0,1.0,0.0,4.0
5.0,0.0,0.0,0.0,0.0,0.0,0.0,1.0,0.0,0.0,0.0,0.0,0.0,0,3839b5be-7d37-45e5-aecb-36864c969d47,20.0,4.0,15.0,13.0,3.0,264.857,3.0,0.0,2.0,13.0,8.0,0.0,0.0,4.0
5.0,0.0,0.0,0.0,0.0,0.0,0.0,0.0,0.0,1.0,0.0,0.0,0.0,0,f53ab275-f2c5-44c1-b886-bc5ba13ea350,14.0,9.0,20.0,6.0,3.0,174.846,4.0,2.0,0.0,12.0,14.0,0.0,0.0,4.0
5.0,0.0,0.0,0.0,1.0,0.0,0.0,0.0,0.0,0.0,0.0,0.0,0.0,0,23631cb0-fd7b-4887-809e-d4bd4163f7a6,22.0,2.0,17.0,13.0,3.0,262.435,3.0,2.0,1.0,13.0,10.0,0.0,0.0,4.0
5.0,0.0,0.0,0.0,0.0,0.0,0.0,0.0,0.0,0.0,0.0,1.0,0.0,0,5596dd4a-2027-4957-9a4b-29fe63efa003,22.0,3.0,17.0,19.0,3.0,301.045,4.0,1.0,0.0,9.0,13.0,0.0,0.0,4.0
5.0,0.0,0.0,0.0,0.0,0.0,0.0,0.0,0.0,0.0,1.0,0.0,0.0,0,a154bdd2-0eb0-4b8d-b1da-982487e0c795,6.0,4.0,11.0,2.0,3.0,132.429,0.0,2.0,0.0,1.0,11.0,1.0,0.0,4.0
5.0,0.0,0.0,0.0,1.0,0.0,0.0,0.0,0.0,0.0,0.0,0.0,0.0,0,c99b6c99-02fd-4cb1-8fd5-67dad6689622,14.0,7.0,19.0,8.0,3.0,168.5,2.0,3.0,1.0,13.0,11.0,1.0,0.0,4.0
5.0,0.0,0.0,0.0,0.0,0.0,0.0,0.0,0.0,0.0,1.0,0.0,0.0,0,4708da8b-9816-446a-a17e-741405878925,20.0,6.0,14.0,13.0,3.0,255.381,0.0,1.0,2.0,13.0,8.0,1.0,0.0,4.0
5.0,0.0,0.0,0.0,0.0,0.0,0.0,0.0,0.0,0.0,0.0,1.0,0.0,0,c7bf25c1-707a-403b-b51b-13aabbf6fb15,19.0,2.0,16.0,11.0,3.0,215.261,3.0,2.0,0.0,10.0,13.0,0.0,1.0,3.0
5.0,0.0,0.0,0.0,0.0,0.0,1.0,0.0,0.0,0.0,0.0,0.0,0.0,0,ee859ba0-218e-419c-9cc1-95fef497c89c,15.0,3.0,15.0,9.0,3.0,198.75,1.0,3.0,1.0,13.0,7.0,1.0,0.0,4.0
5.0,0.0,0.0,0.0,0.0,0.0,1.0,0.0,0.0,0.0,0.0,0.0,0.0,0,e4012e8b-12e5-4f22-aa1e-82d14d59f6d0,10.0,1.0,14.0,6.0,3.0,184.875,0.0,2.0,0.0,3.0,13.0,0.0,1.0,3.0
5.0,0.0,0.0,0.0,0.0,0.0,0.0,0.0,0.0,1.0,0.0,0.0,0.0,0,5563f4ff-38a3-4f23-afba-e324c1e026b5,15.0,8.0,15.0,10.0,3.0,278.882,1.0,4.0,1.0,13.0,4.0,1.0,1.0,3.0
5.0,0.0,0.0,0.0,1.0,0.0,0.0,0.0,0.0,0.0,0.0,0.0,0.0,0,82d2fff6-9fb0-4d45-91c1-80bd0129eb72,17.0,1.0,13.0,8.0,3.0,259.824,1.0,1.0,2.0,13.0,4.0,1.0,1.0,3.0
5.0,0.0,0.0,0.0,0.0,0.0,0.0,1.0,0.0,0.0,0.0,0.0,0.0,0,fdc6113c-f3c4-4ecf-8784-9d0fbadbd77c,19.0,1.0,13.0,15.0,3.0,229.87,4.0,2.0,1.0,13.0,10.0,0.0,1.0,3.0
5.0,0.0,0.0,0.0,0.0,0.0,0.0,0.0,0.0,1.0,0.0,0.0,0.0,0,acf13fbd-78ea-44fb-9880-20383ced482c,13.0,3.0,7.0,10.0,3.0,271.692,4.0,1.0,2.0,13.0,0.0,1.0,1.0,3.0
5.0,0.0,0.0,0.0,0.0,0.0,0.0,0.0,0.0,0.0,1.0,0.0,0.0,0,9e611015-2cda-4e6a-a60b-b9e1a4eb6727,29.0,3.0,15.0,15.0,3.0,290.857,4.0,0.0,0.0,13.0,15.0,0.0,1.0,3.0
5.0,0.0,1.0,0.0,0.0,0.0,0.0,0.0,0.0,0.0,0.0,0.0,0.0,0,617155f9-f635-4c28-9211-45925a73f1ae,12.0,4.0,15.0,7.0,3.0,192.278,2.0,4.0,0.0,5.0,13.0,0.0,1.0,3.0
5.0,0.0,0.0,0.0,0.0,0.0,0.0,0.0,0.0,0.0,1.0,0.0,0.0,0,379f62a2-51b9-45ca-971a-b993109a55f1,18.0,3.0,11.0,7.0,3.0,255.0,4.0,2.0,1.0,13.0,7.0,1.0,0.0,4.0
5.0,0.0,0.0,0.0,0.0,0.0,0.0,0.0,0.0,0.0,0.0,1.0,0.0,0,d9895253-4515-471e-8d5c-54265bf474fb,22.0,1.0,18.0,11.0,3.0,243.217,4.0,0.0,2.0,13.0,10.0,1.0,1.0,3.0
5.0,0.0,0.0,0.0,0.0,0.0,0.0,0.0,0.0,0.0,1.0,0.0,0.0,0,bc85da53-247e-418a-8c66-8a2031dda40c,11.0,0.0,19.0,6.0,3.0,140.364,2.0,3.0,0.0,9.0,13.0,1.0,1.0,3.0
5.0,0.0,1.0,0.0,0.0,0.0,0.0,0.0,0.0,0.0,0.0,0.0,0.0,0,16553cd0-adbf-43dc-ba37-dcdc4b37af9e,32.0,3.0,21.0,18.0,3.0,308.75,5.0,2.0,0.0,14.0,14.0,1.0,1.0,3.0
5.0,0.0,0.0,0.0,1.0,0.0,0.0,0.0,0.0,0.0,0.0,0.0,0.0,0,0a779926-dad3-427b-bef7-72b6dcf27ba3,8.0,1.0,16.0,5.0,3.0,144.235,3.0,2.0,0.0,4.0,13.0,0.0,0.0,4.0
5.0,0.0,0.0,0.0,0.0,0.0,0.0,0.0,0.0,0.0,0.0,1.0,0.0,0,320fb945-cad3-4b36-b959-74476d0925be,18.0,0.0,16.0,11.0,3.0,187.565,0.0,0.0,1.0,13.0,10.0,0.0,1.0,3.0
5.0,0.0,1.0,0.0,0.0,0.0,0.0,0.0,0.0,0.0,0.0,0.0,0.0,0,3b892e7b-13cd-48e1-ab50-1816f681d15e,23.0,1.0,16.0,14.0,3.0,256.0,1.0,3.0,0.0,10.0,13.0,1.0,1.0,3.0
5.0,0.0,0.0,0.0,0.0,0.0,0.0,0.0,0.0,1.0,0.0,0.0,0.0,0,56775827-f278-4d25-90ac-861add29f8c7,14.0,0.0,17.0,13.0,3.0,201.857,2.0,2.0,0.0,8.0,13.0,1.0,0.0,4.0
5.0,0.0,0.0,0.0,0.0,0.0,0.0,0.0,0.0,0.0,1.0,0.0,0.0,0,a0cf4d23-ae3a-424a-94ec-b41535afe4ea,15.0,4.0,15.0,10.0,3.0,200.727,2.0,1.0,0.0,9.0,13.0,0.0,1.0,3.0
5.0,0.0,0.0,0.0,0.0,0.0,0.0,0.0,0.0,1.0,0.0,0.0,0.0,0,cc68b838-575f-4347-a572-bda58c7913b9,10.0,3.0,16.0,5.0,2.0,169.333,0.0,2.0,0.0,5.0,13.0,0.0,0.0,4.0
5.0,0.0,0.0,0.0,0.0,0.0,1.0,0.0,0.0,0.0,0.0,0.0,0.0,0,d47f5e4e-7584-4123-a2a7-37fc2f01887c,26.0,3.0,16.0,18.0,2.0,309.13,2.0,1.0,0.0,10.0,13.0,0.0,0.0,4.0
5.0,0.0,1.0,0.0,0.0,0.0,0.0,0.0,0.0,0.0,0.0,0.0,0.0,0,b97bdacb-f697-4e5d-8008-a59b12dbc64c,9.0,6.0,17.0,7.0,3.0,141.143,1.0,1.0,0.0,8.0,13.0,0.0,0.0,4.0
5.0,0.0,0.0,0.0,0.0,0.0,0.0,1.0,0.0,0.0,0.0,0.0,0.0,0,946ea7a1-f92c-4f76-9420-8a13d6d3e19f,29.0,5.0,19.0,15.0,2.0,289.107,1.0,1.0,0.0,13.0,15.0,1.0,0.0,4.0
5.0,0.0,0.0,0.0,0.0,0.0,1.0,0.0,0.0,0.0,0.0,0.0,0.0,0,7fed6ea8-74ae-42b1-bf8b-b681bd8ded46,12.0,6.0,15.0,12.0,2.0,225.056,0.0,4.0,0.0,5.0,13.0,1.0,0.0,4.0
5.0,0.0,0.0,0.0,0.0,0.0,0.0,1.0,0.0,0.0,0.0,0.0,0.0,0,f546df77-4a3d-4439-b0dd-7ee8d1f854a3,13.0,1.0,18.0,7.0,2.0,195.45,0.0,1.0,0.0,7.0,13.0,0.0,0.0,4.0
5.0,0.0,0.0,0.0,0.0,0.0,1.0,0.0,0.0,0.0,0.0,0.0,0.0,0,0f47f3e3-3f00-48cf-98b4-2465a1bf7131,26.0,2.0,11.0,14.0,2.0,356.632,4.0,1.0,1.0,13.0,6.0,0.0,0.0,4.0
5.0,0.0,0.0,0.0,0.0,0.0,1.0,0.0,0.0,0.0,0.0,0.0,0.0,0,a058812f-a405-4135-bc07-0e514965ed4a,31.0,2.0,17.0,16.0,2.0,354.542,4.0,1.0,1.0,13.0,11.0,1.0,0.0,4.0
5.0,0.0,0.0,0.0,0.0,0.0,0.0,0.0,0.0,1.0,0.0,0.0,0.0,0,e1ee4481-d7ec-46ad-85fa-bea91a18c341,16.0,2.0,11.0,10.0,2.0,245.882,1.0,0.0,2.0,13.0,4.0,0.0,0.0,4.0
5.0,0.0,0.0,0.0,0.0,0.0,0.0,0.0,0.0,0.0,1.0,0.0,0.0,0,d052c9e8-32c2-425f-aee5-06f2c5bc7c8a,17.0,1.0,16.0,7.0,2.0,191.348,0.0,0.0,0.0,10.0,13.0,1.0,0.0,4.0
5.0,0.0,0.0,0.0,0.0,0.0,0.0,1.0,0.0,0.0,0.0,0.0,0.0,0,f76bb6f1-b8a5-4bc5-9844-df93a6d87cf0,21.0,1.0,18.0,15.0,2.0,307.667,4.0,3.0,0.0,8.0,13.0,1.0,0.0,4.0
5.0,0.0,1.0,0.0,0.0,0.0,0.0,0.0,0.0,0.0,0.0,0.0,0.0,0,8cf1fca2-11b8-4669-99b0-0d5c15c035c2,23.0,3.0,13.0,11.0,2.0,248.25,3.0,0.0,1.0,13.0,11.0,1.0,1.0,3.0
5.0,0.0,0.0,0.0,0.0,0.0,1.0,0.0,0.0,0.0,0.0,0.0,0.0,0,6876ef88-57bf-459a-8df2-d849bf803302,21.0,4.0,23.0,8.0,2.0,245.538,4.0,4.0,0.0,12.0,14.0,0.0,1.0,3.0
5.0,0.0,0.0,0.0,0.0,0.0,0.0,0.0,0.0,0.0,1.0,0.0,0.0,0,5dccaca8-adf4-46d1-a950-39079fda1bcd,19.0,1.0,15.0,9.0,2.0,291.833,1.0,2.0,0.0,5.0,13.0,1.0,0.0,4.0
5.0,0.0,0.0,0.0,0.0,0.0,0.0,0.0,0.0,0.0,1.0,0.0,0.0,0,6f0050cf-ad2a-4e9b-9aed-2ed3bb04e292,19.0,3.0,9.0,16.0,2.0,234.8,0.0,0.0,1.0,13.0,7.0,0.0,0.0,4.0
5.0,0.0,0.0,0.0,0.0,0.0,0.0,0.0,0.0,0.0,0.0,1.0,0.0,0,a5fd922e-0a2e-4e5a-a790-dadf731f0558,21.0,2.0,17.0,9.0,2.0,225.167,4.0,2.0,2.0,13.0,11.0,1.0,0.0,4.0
5.0,0.0,0.0,0.0,0.0,0.0,0.0,0.0,0.0,1.0,0.0,0.0,0.0,0,298f2aa0-c2f1-46c9-bb0a-fd5a2ff66d9e,17.0,4.0,18.0,12.0,2.0,231.348,3.0,0.0,1.0,13.0,10.0,1.0,0.0,4.0
5.0,0.0,0.0,0.0,1.0,0.0,0.0,0.0,0.0,0.0,0.0,0.0,0.0,0,1b995221-3778-4f3c-96b5-6f0ba78b24b6,23.0,0.0,12.0,12.0,2.0,342.053,3.0,0.0,0.0,6.0,13.0,1.0,0.0,4.0
5.0,0.0,0.0,0.0,0.0,0.0,1.0,0.0,0.0,0.0,0.0,0.0,0.0,0,43d057c5-9138-4a3f-9618-d47893ca19a0,15.0,2.0,16.0,10.0,2.0,176.167,2.0,3.0,1.0,13.0,11.0,1.0,0.0,4.0
5.0,0.0,0.0,0.0,0.0,0.0,1.0,0.0,0.0,0.0,0.0,0.0,0.0,0,1a5545d9-5138-420b-a50e-066544c6156b,9.0,0.0,14.0,5.0,2.0,184.071,0.0,3.0,0.0,1.0,13.0,0.0,1.0,3.0
5.0,0.0,0.0,0.0,0.0,0.0,0.0,0.0,0.0,0.0,1.0,0.0,0.0,0,729f0ad0-7a61-4705-804f-a802b2041912,16.0,2.0,15.0,10.0,2.0,234.684,2.0,0.0,0.0,6.0,13.0,1.0,1.0,3.0
5.0,0.0,0.0,0.0,0.0,0.0,0.0,0.0,0.0,0.0,1.0,0.0,0.0,0,d0693eb8-f0da-4302-82a7-5632c2a3a3fc,8.0,1.0,18.0,6.0,2.0,111.7,2.0,6.0,0.0,7.0,13.0,0.0,1.0,3.0
5.0,0.0,1.0,0.0,0.0,0.0,0.0,0.0,0.0,0.0,0.0,0.0,0.0,0,451684a0-4082-4f94-ba43-4a2926c32cee,9.0,0.0,5.0,3.0,2.0,132.375,2.0,3.0,1.0,10.0,3.0,1.0,1.0,3.0
5.0,0.0,0.0,0.0,0.0,0.0,1.0,0.0,0.0,0.0,0.0,0.0,0.0,0,23e3734c-cfda-493d-b2cd-574281d0cfa6,27.0,9.0,19.0,19.0,2.0,268.321,2.0,1.0,0.0,13.0,15.0,1.0,0.0,4.0
5.0,0.0,0.0,0.0,0.0,0.0,0.0,0.0,0.0,1.0,0.0,0.0,0.0,0,9309c2ff-806e-4376-9954-c8d2953a79bc,15.0,6.0,19.0,10.0,2.0,226.1,5.0,3.0,0.0,7.0,13.0,1.0,0.0,4.0
5.0,0.0,1.0,0.0,0.0,0.0,0.0,0.0,0.0,0.0,0.0,0.0,0.0,0,8f64e6c7-5fb6-475f-afa3-6624f3e23893,25.0,10.0,14.0,22.0,2.0,295.75,4.0,0.0,2.0,13.0,11.0,0.0,1.0,3.0
5.0,0.0,0.0,0.0,0.0,0.0,0.0,0.0,0.0,0.0,0.0,1.0,0.0,0,98745103-3d27-4a0d-ad04-cc4c0548b735,14.0,0.0,17.0,11.0,2.0,178.19,0.0,1.0,0.0,8.0,13.0,0.0,1.0,3.0
5.0,0.0,1.0,0.0,0.0,0.0,0.0,0.0,0.0,0.0,0.0,0.0,0.0,0,afb619ca-4fbf-4b76-a91a-4c3a16420ae8,18.0,3.0,18.0,13.0,2.0,223.625,4.0,4.0,1.0,13.0,11.0,1.0,1.0,3.0
5.0,0.0,0.0,0.0,0.0,0.0,1.0,0.0,0.0,0.0,0.0,0.0,0.0,0,2c55e1ab-f6bc-4977-b922-8ea328c17b4b,17.0,1.0,19.0,8.0,1.0,224.636,3.0,2.0,0.0,9.0,13.0,0.0,1.0,3.0
5.0,0.0,0.0,0.0,0.0,0.0,0.0,1.0,0.0,0.0,0.0,0.0,0.0,0,db56099c-8a7e-4bb8-a5d9-7df7a73b8066,16.0,6.0,12.0,11.0,1.0,245.5,2.0,0.0,1.0,13.0,5.0,1.0,0.0,4.0
5.0,0.0,0.0,0.0,0.0,0.0,0.0,1.0,0.0,0.0,0.0,0.0,0.0,0,1d791d4b-437f-4a8f-afa0-939239309eb4,14.0,2.0,8.0,13.0,1.0,201.778,1.0,3.0,2.0,13.0,5.0,1.0,0.0,4.0
5.0,0.0,1.0,0.0,0.0,0.0,0.0,0.0,0.0,0.0,0.0,0.0,0.0,0,1c63c560-a31d-44df-964b-f9c28789a173,15.0,5.0,16.0,10.0,1.0,200.211,1.0,1.0,0.0,6.0,13.0,0.0,0.0,4.0
5.0,0.0,0.0,0.0,1.0,0.0,0.0,0.0,0.0,0.0,0.0,0.0,0.0,0,3bd847b3-9a88-4b54-8cf5-3ed914488206,17.0,2.0,14.0,9.0,1.0,234.15,3.0,1.0,0.0,7.0,13.0,1.0,0.0,4.0
5.0,0.0,0.0,0.0,0.0,0.0,1.0,0.0,0.0,0.0,0.0,0.0,0.0,0,d4336326-2e31-4b83-9a3d-8f33130846af,22.0,4.0,15.0,12.0,1.0,277.857,1.0,1.0,0.0,8.0,13.0,1.0,2.0,2.0
5.0,0.0,0.0,0.0,1.0,0.0,0.0,0.0,0.0,0.0,0.0,0.0,0.0,0,bc37f423-250d-4c2d-a5c4-b1a2be423f9a,9.0,4.0,15.0,5.0,1.0,142.053,0.0,2.0,0.0,6.0,13.0,0.0,2.0,2.0
5.0,0.0,0.0,0.0,0.0,0.0,0.0,0.0,0.0,0.0,1.0,0.0,0.0,0,c5d776ac-59b9-48ff-8892-daa2a3bc682e,22.0,13.0,18.0,12.0,1.0,284.962,1.0,3.0,0.0,12.0,14.0,0.0,1.0,3.0
5.0,0.0,1.0,0.0,0.0,0.0,0.0,0.0,0.0,0.0,0.0,0.0,0.0,0,3af4c992-c175-4a58-a601-d05f0eb5c71a,19.0,1.0,7.0,11.0,1.0,370.143,6.0,2.0,1.0,12.0,1.0,0.0,1.0,3.0
5.0,0.0,0.0,0.0,0.0,0.0,0.0,0.0,0.0,0.0,1.0,0.0,0.0,0,c22dc624-f0f8-4174-ac1a-a3aa8e8c624a,14.0,5.0,16.0,9.0,1.0,209.0,5.0,3.0,2.0,13.0,7.0,1.0,1.0,3.0
5.0,0.0,0.0,0.0,0.0,0.0,0.0,0.0,0.0,0.0,0.0,1.0,0.0,0,d23b0235-97b1-442b-915d-727acfb357bc,5.0,3.0,13.0,2.0,1.0,152.615,1.0,4.0,0.0,0.0,13.0,1.0,0.0,4.0
5.0,0.0,0.0,0.0,0.0,0.0,0.0,0.0,0.0,1.0,0.0,0.0,0.0,0,c9a742e0-f594-4a90-9c42-48c4a5a94c39,35.0,4.0,16.0,21.0,1.0,396.917,5.0,2.0,0.0,11.0,13.0,0.0,0.0,4.0
5.0,0.0,1.0,0.0,0.0,0.0,0.0,0.0,0.0,0.0,0.0,0.0,0.0,0,1da65b77-4218-4bfc-98ad-c43ffee81c1a,29.0,2.0,12.0,18.0,1.0,380.591,3.0,3.0,1.0,13.0,9.0,1.0,0.0,4.0
5.0,0.0,1.0,0.0,0.0,0.0,0.0,0.0,0.0,0.0,0.0,0.0,0.0,0,5855d5b8-0caf-48a6-bd53-6d3985d6aff4,16.0,3.0,14.0,11.0,1.0,214.524,5.0,1.0,1.0,13.0,8.0,1.0,1.0,3.0
5.0,0.0,0.0,0.0,0.0,0.0,0.0,0.0,0.0,0.0,0.0,1.0,0.0,0,19e98308-e1af-4f94-9a0b-fc65d1e7484f,23.0,5.0,20.0,15.0,1.0,230.929,2.0,2.0,0.0,14.0,14.0,1.0,2.0,2.0
5.0,0.0,0.0,0.0,0.0,0.0,0.0,0.0,0.0,0.0,1.0,0.0,0.0,0,1ffea0af-c3bf-4a02-b801-6ff8bc745078,22.0,5.0,17.0,13.0,1.0,253.692,3.0,0.0,1.0,14.0,12.0,1.0,2.0,2.0
5.0,0.0,0.0,0.0,1.0,0.0,0.0,0.0,0.0,0.0,0.0,0.0,0.0,0,ab0677d5-14e4-47d9-a068-f40c5c761d4a,31.0,6.0,12.0,22.0,1.0,363.087,3.0,1.0,2.0,13.0,10.0,1.0,1.0,3.0
5.0,0.0,0.0,0.0,0.0,0.0,1.0,0.0,0.0,0.0,0.0,0.0,0.0,0,3ba01eea-abaf-43d8-badf-7f94d08b8045,21.0,3.0,20.0,14.0,1.0,276.364,3.0,1.0,0.0,9.0,13.0,1.0,1.0,3.0
5.0,0.0,0.0,0.0,1.0,0.0,0.0,0.0,0.0,0.0,0.0,0.0,0.0,0,127a5ed6-e44e-42cb-8082-758bf45b4f7d,22.0,12.0,13.0,15.0,1.0,336.1,7.0,2.0,1.0,13.0,7.0,1.0,0.0,4.0
5.0,0.0,0.0,0.0,0.0,0.0,0.0,0.0,0.0,0.0,1.0,0.0,0.0,0,4250382e-b74a-43af-bfa7-7e87513c180f,19.0,6.0,18.0,9.0,1.0,254.565,2.0,1.0,0.0,10.0,13.0,1.0,0.0,4.0
5.0,0.0,0.0,0.0,0.0,0.0,0.0,0.0,0.0,1.0,0.0,0.0,0.0,0,7d68b940-7a46-42a8-940f-114ed1dd8b7c,15.0,6.0,18.0,9.0,1.0,195.391,3.0,4.0,0.0,10.0,13.0,1.0,2.0,2.0
5.0,0.0,0.0,0.0,0.0,0.0,1.0,0.0,0.0,0.0,0.0,0.0,0.0,0,1186cd67-7f09-481d-af3d-09c7d0c5cc63,17.0,6.0,13.0,13.0,1.0,342.875,4.0,2.0,1.0,13.0,3.0,1.0,1.0,3.0
5.0,0.0,0.0,0.0,1.0,0.0,0.0,0.0,0.0,0.0,0.0,0.0,0.0,0,59165f73-1444-4685-8608-ef4578e80280,15.0,4.0,17.0,10.0,1.0,196.818,3.0,3.0,2.0,13.0,9.0,0.0,2.0,2.0
5.0,0.0,0.0,0.0,0.0,0.0,0.0,0.0,0.0,0.0,1.0,0.0,0.0,0,375a7856-3f7a-4ae3-b285-21e422a89980,13.0,3.0,12.0,9.0,1.0,173.25,2.0,1.0,1.0,13.0,7.0,1.0,2.0,2.0
5.0,0.0,0.0,0.0,0.0,0.0,0.0,0.0,0.0,0.0,1.0,0.0,0.0,0,4478de53-fe6e-4619-89dd-c4a550d139bb,12.0,5.0,16.0,8.0,1.0,168.545,2.0,9.0,2.0,13.0,9.0,1.0,0.0,4.0
5.0,0.0,0.0,0.0,0.0,0.0,0.0,0.0,0.0,1.0,0.0,0.0,0.0,0,d764cfbe-6a18-41c5-a68c-4cd8e4e499ba,13.0,4.0,17.0,4.0,1.0,209.389,0.0,2.0,0.0,5.0,13.0,1.0,2.0,2.0
5.0,0.0,0.0,0.0,0.0,0.0,0.0,0.0,0.0,0.0,0.0,1.0,0.0,0,fb74a574-cf6b-4df3-9816-fc09e1380a27,14.0,7.0,11.0,5.0,1.0,183.478,2.0,3.0,1.0,13.0,10.0,1.0,2.0,2.0
5.0,0.0,1.0,0.0,0.0,0.0,0.0,0.0,0.0,0.0,0.0,0.0,0.0,0,278b7403-a37d-4b68-baf4-60315d051c72,15.0,5.0,18.0,13.0,1.0,244.476,5.0,1.0,0.0,8.0,13.0,1.0,2.0,2.0
5.0,0.0,0.0,0.0,0.0,0.0,0.0,0.0,0.0,1.0,0.0,0.0,0.0,0,ead0d575-0f2a-47ec-83c2-c99a906edd7b,25.0,4.0,15.0,16.0,1.0,340.684,3.0,0.0,1.0,13.0,6.0,0.0,1.0,3.0
5.0,0.0,0.0,0.0,0.0,0.0,0.0,1.0,0.0,0.0,0.0,0.0,0.0,0,bac7a064-06fd-4498-8c96-7c38aed3170c,19.0,3.0,13.0,5.0,1.0,284.45,6.0,3.0,2.0,13.0,7.0,0.0,1.0,3.0
5.0,0.0,0.0,0.0,0.0,0.0,0.0,0.0,0.0,0.0,1.0,0.0,0.0,0,28a70c3d-d3df-4632-8a40-0c7d9b8dbed0,21.0,9.0,19.0,15.0,2.0,276.783,3.0,2.0,1.0,13.0,10.0,1.0,1.0,3.0
5.0,0.0,0.0,0.0,0.0,0.0,1.0,0.0,0.0,0.0,0.0,0.0,0.0,0,e42016a1-c7e6-4c07-a826-e18c28ba2de1,13.0,4.0,21.0,6.0,2.0,145.308,5.0,7.0,1.0,14.0,12.0,1.0,2.0,2.0
5.0,0.0,0.0,0.0,0.0,0.0,1.0,0.0,0.0,0.0,0.0,0.0,0.0,0,0d0609c7-ca98-486c-8d2e-6e488f169f32,15.0,8.0,21.0,10.0,2.0,194.391,5.0,1.0,0.0,10.0,13.0,1.0,1.0,3.0
5.0,0.0,0.0,0.0,0.0,0.0,0.0,0.0,0.0,1.0,0.0,0.0,0.0,0,630a66c0-29b5-4180-b35a-06775ba4eacd,10.0,10.0,14.0,6.0,2.0,156.3,1.0,2.0,1.0,13.0,7.0,0.0,1.0,3.0
5.0,0.0,0.0,0.0,0.0,0.0,0.0,1.0,0.0,0.0,0.0,0.0,0.0,0,94c6e3fc-0502-4dc9-ab3a-f63237853169,13.0,4.0,16.0,12.0,2.0,228.389,3.0,1.0,0.0,5.0,13.0,0.0,1.0,3.0
1.0,0.0,0.0,1.0,0.0,0.0,0.0,0.0,0.0,0.0,0.0,0.0,0.0,0,cb3d7345-b2c4-48c0-8410-92502c39db42,27.0,20.0,16.0,10.0,3.0,282.423,4.0,1.0,0.0,12.0,14.0,0.0,4.0,0.0
1.0,0.0,0.0,0.0,0.0,0.0,0.0,1.0,0.0,0.0,0.0,0.0,0.0,0,e52a9066-d920-4390-81e0-7805b79c2bad,23.0,4.0,15.0,11.0,3.0,296.143,2.0,1.0,3.0,13.0,8.0,1.0,4.0,0.0
1.0,0.0,0.0,0.0,0.0,0.0,0.0,0.0,0.0,1.0,0.0,0.0,0.0,0,18e193fb-25bd-4e36-826c-f3cca2891b0c,20.0,6.0,15.0,6.0,3.0,263.182,0.0,4.0,0.0,9.0,13.0,1.0,4.0,0.0
1.0,0.0,0.0,0.0,1.0,0.0,0.0,0.0,0.0,0.0,0.0,0.0,0.0,0,75378d13-50a7-4744-8a4e-22a5b13518a9,30.0,6.0,16.0,18.0,3.0,399.818,8.0,0.0,1.0,13.0,9.0,1.0,3.0,1.0
2.0,0.0,0.0,0.0,0.0,0.0,0.0,0.0,0.0,0.0,1.0,0.0,0.0,0,0acf19df-9649-48bf-82e0-2fb9ffe9d632,17.0,8.0,16.0,11.0,2.0,234.263,0.0,2.0,0.0,6.0,13.0,0.0,2.0,2.0
2.0,0.0,1.0,0.0,0.0,0.0,0.0,0.0,0.0,0.0,0.0,0.0,0.0,0,133916b0-27ed-44df-bb4b-e3805cfb8f89,14.0,3.0,19.0,10.0,1.0,190.87,4.0,4.0,0.0,10.0,13.0,1.0,3.0,1.0
2.0,0.0,0.0,0.0,0.0,0.0,1.0,0.0,0.0,0.0,0.0,0.0,0.0,0,eb306a08-8c72-4915-9016-204696d4ff5e,10.0,0.0,14.0,6.0,2.0,213.667,0.0,1.0,0.0,2.0,13.0,1.0,3.0,1.0
5.0,0.0,0.0,0.0,0.0,0.0,0.0,0.0,0.0,0.0,1.0,0.0,0.0,0,138f4118-a314-4096-a3b4-373b76c74fb6,21.0,6.0,19.0,11.0,1.0,214.385,2.0,2.0,0.0,12.0,14.0,1.0,0.0,4.0
5.0,0.0,0.0,0.0,1.0,0.0,0.0,0.0,0.0,0.0,0.0,0.0,0.0,0,de11c9bc-1a36-4dd1-b5b6-0ccfb30adafc,2.0,5.0,18.0,4.0,1.0,76.105,0.0,2.0,0.0,6.0,13.0,1.0,0.0,4.0
5.0,0.0,0.0,0.0,0.0,0.0,0.0,1.0,0.0,0.0,0.0,0.0,0.0,0,1eeec37e-013d-4ae7-a76d-3e959e65c567,16.0,1.0,16.0,8.0,1.0,199.318,3.0,0.0,0.0,9.0,13.0,0.0,0.0,4.0
5.0,0.0,0.0,0.0,0.0,0.0,0.0,0.0,0.0,0.0,1.0,0.0,0.0,0,49b7a87b-bbfb-4c4e-a295-cc3a7d407738,16.0,1.0,16.0,5.0,1.0,190.227,0.0,0.0,1.0,13.0,9.0,0.0,0.0,4.0
5.0,0.0,0.0,0.0,1.0,0.0,0.0,0.0,0.0,0.0,0.0,0.0,0.0,0,8f845a7b-08bd-432a-86a8-6cfd8e7668e0,15.0,3.0,6.0,7.0,1.0,213.647,1.0,0.0,1.0,13.0,4.0,0.0,0.0,4.0
5.0,0.0,1.0,0.0,0.0,0.0,0.0,0.0,0.0,0.0,0.0,0.0,0.0,0,d71473c0-58df-4201-aa97-2a8a61e82677,18.0,4.0,15.0,11.0,1.0,200.652,3.0,0.0,1.0,13.0,10.0,0.0,0.0,4.0
5.0,0.0,0.0,0.0,0.0,0.0,1.0,0.0,0.0,0.0,0.0,0.0,0.0,0,30c9a2ab-adcd-4475-93c3-459aa871fc68,7.0,4.0,6.0,5.0,1.0,131.8,0.0,1.0,2.0,10.0,2.0,0.0,0.0,4.0
5.0,0.0,0.0,0.0,1.0,0.0,0.0,0.0,0.0,0.0,0.0,0.0,0.0,0,57745ea5-34ac-4d3e-9562-3828b66dd621,15.0,8.0,17.0,12.0,1.0,232.095,4.0,2.0,0.0,8.0,13.0,0.0,0.0,4.0
5.0,0.0,0.0,0.0,0.0,0.0,0.0,1.0,0.0,0.0,0.0,0.0,0.0,0,e60f8608-8b4d-4bae-9164-214c9b02abbd,10.0,2.0,18.0,7.0,1.0,131.455,0.0,1.0,0.0,9.0,13.0,0.0,0.0,4.0
5.0,0.0,0.0,0.0,0.0,0.0,0.0,0.0,0.0,0.0,0.0,1.0,0.0,0,1496ae94-62d8-42d1-8e8a-636d70e67a4b,17.0,8.0,18.0,10.0,1.0,202.423,2.0,4.0,1.0,14.0,12.0,0.0,0.0,4.0
5.0,0.0,1.0,0.0,0.0,0.0,0.0,0.0,0.0,0.0,0.0,0.0,0.0,0,59aadead-6851-4468-8fb3-fb26eaad9e23,16.0,5.0,21.0,16.0,1.0,165.857,2.0,4.0,1.0,15.0,13.0,1.0,0.0,4.0
5.0,0.0,0.0,0.0,0.0,0.0,0.0,0.0,0.0,0.0,1.0,0.0,0.0,0,0365d650-bbcc-4472-b614-d381818865ae,6.0,2.0,11.0,6.0,1.0,117.812,0.0,1.0,0.0,3.0,11.0,1.0,0.0,4.0
5.0,0.0,0.0,0.0,0.0,0.0,0.0,0.0,0.0,0.0,1.0,0.0,0.0,0,3ed790a3-2b3d-4d92-b9c5-6646964030f7,18.0,2.0,14.0,7.0,1.0,236.25,5.0,1.0,0.0,7.0,13.0,1.0,0.0,4.0
5.0,0.0,0.0,0.0,0.0,0.0,0.0,0.0,0.0,1.0,0.0,0.0,0.0,0,16b6b630-86c5-432a-9fce-22aa9b9eb158,18.0,4.0,10.0,9.0,1.0,268.421,2.0,2.0,1.0,13.0,6.0,1.0,0.0,4.0
5.0,0.0,0.0,0.0,0.0,0.0,1.0,0.0,0.0,0.0,0.0,0.0,0.0,0,cfc93ffe-9eb6-4357-92ef-439bca8778fd,12.0,9.0,15.0,9.0,1.0,171.174,3.0,0.0,0.0,10.0,13.0,0.0,0.0,4.0
5.0,0.0,0.0,0.0,1.0,0.0,0.0,0.0,0.0,0.0,0.0,0.0,0.0,0,6eb64baa-6e2a-42fc-8381-d2ad3b3ce60a,19.0,4.0,19.0,11.0,1.0,246.0,3.0,2.0,0.0,11.0,13.0,0.0,0.0,4.0
5.0,0.0,0.0,0.0,1.0,0.0,0.0,0.0,0.0,0.0,0.0,0.0,0.0,0,09d2d30a-6c95-41ad-a0af-96d7037e20a0,10.0,5.0,12.0,9.0,1.0,170.235,0.0,3.0,1.0,13.0,4.0,0.0,0.0,4.0
5.0,0.0,0.0,0.0,0.0,0.0,0.0,0.0,0.0,0.0,0.0,1.0,0.0,0,2be8394d-3508-4f62-a7ab-120a47e02bc3,13.0,6.0,18.0,9.0,1.0,177.292,1.0,4.0,1.0,13.0,11.0,1.0,0.0,4.0
5.0,0.0,0.0,0.0,0.0,0.0,0.0,0.0,0.0,0.0,0.0,1.0,0.0,0,7540ccf6-f084-40bd-bad9-35c5b6c83ce5,21.0,3.0,18.0,12.0,1.0,299.6,1.0,1.0,0.0,7.0,13.0,1.0,0.0,4.0
5.0,0.0,0.0,0.0,0.0,0.0,1.0,0.0,0.0,0.0,0.0,0.0,0.0,0,82fb5905-7b40-4cb4-bef7-cf8f0004d055,21.0,8.0,13.0,9.0,1.0,272.913,5.0,0.0,1.0,13.0,10.0,1.0,0.0,4.0
5.0,0.0,1.0,0.0,0.0,0.0,0.0,0.0,0.0,0.0,0.0,0.0,0.0,0,1696b4a2-cdf0-4927-90bf-d6da7d3dc383,15.0,1.0,5.0,6.0,1.0,211.529,3.0,0.0,2.0,13.0,4.0,1.0,0.0,4.0
5.0,0.0,0.0,0.0,0.0,0.0,0.0,0.0,0.0,1.0,0.0,0.0,0.0,0,79dea19e-0848-44e3-8763-5591c2141760,23.0,6.0,14.0,14.0,1.0,334.6,1.0,1.0,0.0,7.0,13.0,0.0,0.0,4.0
5.0,0.0,0.0,0.0,0.0,0.0,1.0,0.0,0.0,0.0,0.0,0.0,0.0,0,5b8b06e3-dc47-45d5-9f8c-7f674c5373ef,18.0,6.0,19.0,11.0,1.0,208.667,2.0,2.0,1.0,13.0,11.0,1.0,0.0,4.0
5.0,0.0,1.0,0.0,0.0,0.0,0.0,0.0,0.0,0.0,0.0,0.0,0.0,0,bddb8ec7-2377-40fb-a34d-35ab6ebadce4,13.0,1.0,15.0,6.0,1.0,224.5,2.0,1.0,0.0,3.0,13.0,1.0,0.0,4.0
6.0,0.0,0.0,0.0,0.0,0.0,0.0,0.0,0.0,0.0,1.0,0.0,0.0,0,07a0abb0-ec09-4e5a-b4de-ce90cfd1c831,16.0,3.0,23.0,15.0,3.0,193.5,1.0,3.0,0.0,12.0,14.0,1.0,1.0,3.0
6.0,0.0,0.0,0.0,0.0,0.0,0.0,0.0,0.0,0.0,0.0,1.0,0.0,0,a9c41f68-4797-4881-bb92-07b6d8db2208,23.0,8.0,22.0,22.0,3.0,282.75,1.0,0.0,1.0,13.0,11.0,0.0,0.0,4.0
6.0,0.0,0.0,0.0,1.0,0.0,0.0,0.0,0.0,0.0,0.0,0.0,0.0,0,eae23fc0-2bc1-413d-91b3-cf25091c1070,12.0,6.0,19.0,9.0,3.0,168.05,1.0,2.0,2.0,13.0,7.0,0.0,0.0,4.0
6.0,0.0,0.0,0.0,0.0,0.0,1.0,0.0,0.0,0.0,0.0,0.0,0.0,0,2967fc06-c019-4252-9fad-9b6c7b2bd1ae,6.0,3.0,17.0,5.0,3.0,92.2,0.0,5.0,3.0,13.0,7.0,1.0,0.0,4.0
6.0,0.0,0.0,0.0,0.0,0.0,0.0,0.0,0.0,0.0,0.0,1.0,0.0,0,0ae5ca3c-2e92-4ca1-931b-c21c5a21034b,8.0,5.0,16.0,7.0,3.0,122.167,0.0,1.0,0.0,5.0,13.0,0.0,0.0,4.0
6.0,0.0,0.0,0.0,0.0,0.0,0.0,0.0,0.0,1.0,0.0,0.0,0.0,0,064900ae-674a-46e0-b59b-757ecdad6a38,15.0,6.0,17.0,13.0,3.0,215.7,4.0,3.0,0.0,7.0,13.0,0.0,1.0,3.0
6.0,0.0,0.0,0.0,0.0,0.0,0.0,0.0,0.0,0.0,0.0,1.0,0.0,0,4558edee-9bcf-4b2b-aa35-752f382216bd,11.0,8.0,18.0,8.0,3.0,200.471,1.0,1.0,0.0,4.0,13.0,1.0,1.0,3.0
6.0,0.0,0.0,0.0,1.0,0.0,0.0,0.0,0.0,0.0,0.0,0.0,0.0,0,81ebb9b9-0ad4-46e6-a67d-17367df26210,9.0,4.0,14.0,7.0,3.0,143.8,1.0,2.0,1.0,13.0,7.0,0.0,1.0,3.0
6.0,0.0,0.0,0.0,0.0,0.0,0.0,1.0,0.0,0.0,0.0,0.0,0.0,0,1c2d896d-d8f3-42a5-8967-6a5b7e18bd49,13.0,5.0,9.0,10.0,2.0,233.533,1.0,1.0,1.0,13.0,2.0,1.0,1.0,3.0
6.0,0.0,0.0,0.0,0.0,0.0,1.0,0.0,0.0,0.0,0.0,0.0,0.0,0,bbd1adc2-4755-430d-a2c7-f6ecf1b0ee08,23.0,4.0,19.0,12.0,2.0,261.208,1.0,2.0,0.0,11.0,13.0,1.0,1.0,3.0
6.0,0.0,1.0,0.0,0.0,0.0,0.0,0.0,0.0,0.0,0.0,0.0,0.0,0,bee478f8-bb65-4743-b308-5f4bcc698c51,9.0,7.0,13.0,9.0,2.0,184.529,5.0,4.0,1.0,13.0,4.0,1.0,1.0,3.0
6.0,0.0,0.0,0.0,0.0,0.0,0.0,0.0,0.0,0.0,0.0,1.0,0.0,0,2193e418-1d11-420e-9dea-fdbf1d4c8792,12.0,11.0,19.0,9.0,2.0,179.905,2.0,0.0,0.0,8.0,13.0,0.0,1.0,3.0
6.0,0.0,0.0,0.0,0.0,0.0,0.0,0.0,0.0,1.0,0.0,0.0,0.0,0,c215b618-20de-4a89-8c1a-6b4dd31b5d3b,19.0,7.0,24.0,15.0,2.0,190.321,1.0,5.0,0.0,14.0,14.0,0.0,1.0,3.0
6.0,0.0,0.0,0.0,0.0,0.0,0.0,0.0,0.0,1.0,0.0,0.0,0.0,0,c3ebb47e-d9db-42c6-8b6f-f729eec9627d,11.0,9.0,19.0,8.0,2.0,160.286,0.0,1.0,0.0,8.0,13.0,0.0,1.0,3.0
6.0,0.0,1.0,0.0,0.0,0.0,0.0,0.0,0.0,0.0,0.0,0.0,0.0,0,7a6bdd92-c5c6-406d-b12e-98a7abdec958,13.0,5.0,16.0,11.0,2.0,180.85,2.0,3.0,0.0,7.0,13.0,0.0,1.0,3.0
6.0,0.0,0.0,0.0,0.0,0.0,0.0,0.0,0.0,0.0,1.0,0.0,0.0,0,301b6674-c5be-4b34-a3a0-fc3ffde50854,9.0,7.0,19.0,7.0,2.0,146.095,2.0,0.0,1.0,13.0,8.0,1.0,1.0,3.0
6.0,0.0,0.0,0.0,1.0,0.0,0.0,0.0,0.0,0.0,0.0,0.0,0.0,0,fe82e5ae-6437-4cef-9ee4-cb9edb096005,12.0,1.0,14.0,14.0,2.0,242.562,2.0,1.0,0.0,3.0,13.0,1.0,1.0,3.0
6.0,0.0,0.0,0.0,0.0,0.0,1.0,0.0,0.0,0.0,0.0,0.0,0.0,0,db761d54-209a-43aa-a9ab-534243ff90fd,10.0,3.0,17.0,9.0,2.0,191.0,1.0,4.0,0.0,4.0,13.0,0.0,0.0,4.0
6.0,0.0,0.0,0.0,0.0,0.0,0.0,0.0,0.0,0.0,1.0,0.0,0.0,0,1f5da103-8417-49da-8d43-2170b4c03981,16.0,3.0,15.0,13.0,2.0,238.0,1.0,1.0,0.0,5.0,13.0,0.0,0.0,4.0
6.0,0.0,0.0,0.0,0.0,0.0,0.0,0.0,0.0,1.0,0.0,0.0,0.0,0,156d16bd-6219-41c4-9a10-935a58f56a24,19.0,4.0,14.0,18.0,1.0,281.2,4.0,1.0,1.0,13.0,7.0,1.0,0.0,4.0
6.0,0.0,0.0,0.0,0.0,0.0,1.0,0.0,0.0,0.0,0.0,0.0,0.0,0,c96a530a-ad37-49f8-a93d-735241e42b86,14.0,3.0,19.0,10.0,2.0,184.455,5.0,5.0,0.0,9.0,13.0,1.0,0.0,4.0
6.0,0.0,0.0,0.0,0.0,0.0,0.0,0.0,0.0,0.0,1.0,0.0,0.0,0,4180be82-afc0-4a62-aa23-8a35574c7f85,17.0,9.0,23.0,16.0,2.0,209.333,2.0,1.0,1.0,13.0,11.0,1.0,0.0,4.0
6.0,0.0,0.0,0.0,1.0,0.0,0.0,0.0,0.0,0.0,0.0,0.0,0.0,0,78798c55-5cc3-4313-b862-24fa6e8ebc91,10.0,7.0,16.0,7.0,2.0,128.958,2.0,1.0,2.0,13.0,11.0,0.0,0.0,4.0
6.0,0.0,0.0,0.0,0.0,0.0,0.0,1.0,0.0,0.0,0.0,0.0,0.0,0,328724ae-4210-422c-bfd0-b73ebf35fcb5,15.0,10.0,17.0,13.0,2.0,212.476,4.0,0.0,3.0,13.0,8.0,1.0,0.0,4.0
6.0,0.0,0.0,0.0,1.0,0.0,0.0,0.0,0.0,0.0,0.0,0.0,0.0,0,a3ed7995-451b-44b5-9d13-bd3898319f69,21.0,3.0,12.0,18.0,2.0,301.842,4.0,3.0,1.0,13.0,6.0,1.0,0.0,4.0
6.0,0.0,1.0,0.0,0.0,0.0,0.0,0.0,0.0,0.0,0.0,0.0,0.0,0,08e6141f-7950-4f6b-b667-a1988abb6e9b,16.0,2.0,17.0,11.0,2.0,265.167,4.0,1.0,0.0,5.0,13.0,0.0,0.0,4.0
6.0,0.0,0.0,0.0,0.0,0.0,1.0,0.0,0.0,0.0,0.0,0.0,0.0,0,3c23a4bd-d450-424e-8cbc-4a2b5cf1dc22,20.0,9.0,16.0,17.0,2.0,252.333,3.0,3.0,1.0,13.0,11.0,0.0,0.0,4.0
6.0,0.0,0.0,0.0,0.0,0.0,1.0,0.0,0.0,0.0,0.0,0.0,0.0,0,61119c61-5f9c-4d1a-a340-54cdf55e4a94,24.0,0.0,17.0,19.0,2.0,274.909,3.0,2.0,0.0,9.0,13.0,1.0,0.0,4.0
6.0,0.0,0.0,0.0,0.0,0.0,0.0,0.0,0.0,1.0,0.0,0.0,0.0,0,f882c284-0d45-4bcb-89fb-8c58d5d94065,27.0,5.0,15.0,21.0,2.0,312.458,4.0,3.0,1.0,13.0,11.0,1.0,0.0,4.0
6.0,0.0,0.0,0.0,0.0,0.0,0.0,0.0,0.0,0.0,1.0,0.0,0.0,0,5ab76a07-9a9f-435e-a3a8-3c8388e6c6a2,10.0,2.0,13.0,8.0,2.0,210.429,3.0,2.0,0.0,1.0,13.0,1.0,3.0,1.0
6.0,0.0,1.0,0.0,0.0,0.0,0.0,0.0,0.0,0.0,0.0,0.0,0.0,0,1557da78-10d0-483d-9fc7-00fabd8e3248,7.0,1.0,15.0,4.0,2.0,133.733,3.0,3.0,0.0,2.0,13.0,1.0,3.0,1.0
6.0,0.0,0.0,0.0,0.0,0.0,0.0,0.0,0.0,1.0,0.0,0.0,0.0,0,d33d3526-97b4-4bf4-8aff-36fc68edb59e,15.0,5.0,23.0,13.0,2.0,190.346,2.0,2.0,0.0,12.0,14.0,1.0,2.0,2.0
6.0,0.0,0.0,0.0,0.0,0.0,1.0,0.0,0.0,0.0,0.0,0.0,0.0,0,49b512ac-dd20-4fb0-bbda-6f9da7e0308f,19.0,2.0,15.0,13.0,2.0,310.889,6.0,0.0,1.0,13.0,5.0,1.0,2.0,2.0
6.0,0.0,0.0,0.0,0.0,0.0,1.0,0.0,0.0,0.0,0.0,0.0,0.0,0,7eee5d38-d9a6-4a9c-b7af-389c5d135381,19.0,3.0,15.0,15.0,2.0,247.35,4.0,5.0,2.0,13.0,7.0,1.0,0.0,4.0
6.0,0.0,0.0,0.0,1.0,0.0,0.0,0.0,0.0,0.0,0.0,0.0,0.0,0,45ce9b1a-57aa-45a7-a229-f41327cdd763,13.0,4.0,16.0,9.0,2.0,171.0,4.0,4.0,0.0,9.0,13.0,1.0,1.0,3.0
6.0,0.0,0.0,0.0,0.0,0.0,0.0,0.0,0.0,0.0,0.0,1.0,0.0,0,74a2eef6-f579-4eee-80ab-3d810cdeb140,20.0,3.0,14.0,15.0,2.0,283.65,6.0,3.0,1.0,13.0,7.0,1.0,1.0,3.0
6.0,0.0,0.0,0.0,0.0,0.0,0.0,0.0,0.0,0.0,1.0,0.0,0.0,0,5a6abc0c-ae85-4087-a756-e8a1400353a4,12.0,6.0,16.0,10.0,2.0,202.611,3.0,1.0,0.0,5.0,13.0,0.0,1.0,3.0
6.0,0.0,0.0,0.0,0.0,0.0,0.0,0.0,0.0,1.0,0.0,0.0,0.0,0,36643837-5c25-4293-abdf-32ba9ec4d6ce,23.0,0.0,17.0,16.0,2.0,305.85,7.0,2.0,1.0,13.0,7.0,1.0,1.0,3.0
6.0,0.0,0.0,0.0,0.0,0.0,0.0,0.0,0.0,1.0,0.0,0.0,0.0,0,56e29939-1514-46ed-b2f2-ecf94bd1f172,10.0,2.0,14.0,10.0,2.0,156.556,0.0,5.0,0.0,5.0,13.0,1.0,1.0,3.0
6.0,0.0,0.0,0.0,1.0,0.0,0.0,0.0,0.0,0.0,0.0,0.0,0.0,0,e44eb8ac-7139-460f-bfd5-05af2d2022e3,17.0,3.0,10.0,11.0,2.0,285.0,3.0,5.0,1.0,13.0,3.0,1.0,1.0,3.0
6.0,0.0,1.0,0.0,0.0,0.0,0.0,0.0,0.0,0.0,0.0,0.0,0.0,0,cc3a226b-a9f0-4548-8c77-936f36720f76,20.0,6.0,20.0,17.0,2.0,273.042,6.0,3.0,2.0,13.0,11.0,1.0,1.0,3.0
6.0,0.0,0.0,0.0,0.0,0.0,0.0,0.0,0.0,1.0,0.0,0.0,0.0,0,0b28e51e-b407-4956-95b5-70a7d8bb740c,21.0,13.0,22.0,19.0,1.0,213.167,2.0,0.0,1.0,16.0,14.0,0.0,1.0,3.0
6.0,0.0,0.0,0.0,1.0,0.0,0.0,0.0,0.0,0.0,0.0,0.0,0.0,0,cde881ad-c0d1-4c4f-a404-60b3cdc1cede,15.0,3.0,19.0,11.0,1.0,176.348,3.0,5.0,2.0,13.0,10.0,1.0,1.0,3.0
6.0,0.0,0.0,0.0,0.0,0.0,1.0,0.0,0.0,0.0,0.0,0.0,0.0,0,f8f7d6f6-2b30-4650-8470-dc363dcc3118,19.0,1.0,19.0,19.0,2.0,265.333,6.0,2.0,0.0,8.0,13.0,1.0,1.0,3.0
6.0,0.0,0.0,0.0,0.0,0.0,0.0,0.0,0.0,0.0,1.0,0.0,0.0,0,5f0e857a-fb61-4f58-a7a7-7e76a0fbf4a0,12.0,4.0,18.0,9.0,2.0,182.45,2.0,4.0,0.0,7.0,13.0,0.0,0.0,4.0
6.0,0.0,0.0,0.0,0.0,0.0,0.0,0.0,0.0,0.0,0.0,1.0,0.0,0,8787726d-556c-4699-9442-0ac2b5866cd6,17.0,5.0,17.0,16.0,2.0,239.762,2.0,2.0,0.0,8.0,13.0,0.0,0.0,4.0
6.0,0.0,0.0,0.0,0.0,0.0,1.0,0.0,0.0,0.0,0.0,0.0,0.0,0,e73659f5-2f06-4127-8386-86e4f4288bb8,18.0,7.0,24.0,19.0,2.0,195.5,5.0,10.0,0.0,14.0,16.0,1.0,1.0,3.0
6.0,0.0,0.0,0.0,0.0,0.0,0.0,0.0,0.0,0.0,1.0,0.0,0.0,0,02b3e933-36a4-4ee0-9e16-26b1d95fc021,14.0,3.0,14.0,11.0,2.0,190.05,2.0,4.0,1.0,13.0,7.0,1.0,1.0,3.0
6.0,0.0,0.0,0.0,1.0,0.0,0.0,0.0,0.0,0.0,0.0,0.0,0.0,0,7db6f771-4c22-45a4-9d51-c2f753dd0a0c,16.0,4.0,16.0,15.0,2.0,201.417,4.0,2.0,2.0,13.0,11.0,1.0,1.0,3.0
6.0,0.0,0.0,0.0,0.0,0.0,0.0,0.0,0.0,0.0,0.0,1.0,0.0,0,352a6a18-fec7-4980-93cc-ff894fbb7dbd,16.0,0.0,16.0,13.0,2.0,234.55,1.0,6.0,0.0,7.0,13.0,1.0,1.0,3.0
6.0,0.0,0.0,0.0,0.0,0.0,0.0,1.0,0.0,0.0,0.0,0.0,0.0,0,fdec3aee-1ca1-4567-b0fc-30c778cbacdf,15.0,2.0,13.0,14.0,2.0,241.222,3.0,3.0,1.0,13.0,5.0,1.0,1.0,3.0
6.0,0.0,0.0,0.0,0.0,0.0,0.0,0.0,0.0,0.0,1.0,0.0,0.0,0,92f5b94b-47b0-4e92-9a48-8b73c6cb3ce7,13.0,5.0,19.0,8.0,2.0,157.042,2.0,4.0,0.0,11.0,13.0,1.0,0.0,4.0
6.0,0.0,0.0,0.0,0.0,0.0,0.0,0.0,0.0,0.0,0.0,1.0,0.0,0,153dee31-e575-4f7f-98a7-5c3abddc5615,18.0,4.0,17.0,12.0,2.0,277.895,5.0,3.0,1.0,13.0,6.0,1.0,0.0,4.0
6.0,0.0,0.0,0.0,0.0,0.0,0.0,0.0,0.0,1.0,0.0,0.0,0.0,0,f8065938-e7b2-46c5-b9de-48b148d56093,17.0,1.0,14.0,15.0,2.0,280.833,1.0,3.0,2.0,13.0,5.0,0.0,0.0,4.0
6.0,0.0,0.0,0.0,0.0,0.0,0.0,1.0,0.0,0.0,0.0,0.0,0.0,0,9e2e6bf1-3430-4902-bfbd-0e887185cb00,25.0,4.0,15.0,21.0,2.0,315.591,1.0,0.0,3.0,13.0,9.0,0.0,0.0,4.0
6.0,0.0,0.0,0.0,1.0,0.0,0.0,0.0,0.0,0.0,0.0,0.0,0.0,0,99ec6cf0-4e7f-4f86-a78e-55b518f3b2be,9.0,2.0,14.0,7.0,2.0,203.286,2.0,2.0,0.0,1.0,13.0,0.0,0.0,4.0
6.0,0.0,1.0,0.0,0.0,0.0,0.0,0.0,0.0,0.0,0.0,0.0,0.0,0,54312c0d-903b-4cfe-bee0-4e7e623ffa5a,15.0,8.0,18.0,13.0,2.0,231.167,2.0,1.0,0.0,5.0,13.0,0.0,0.0,4.0
6.0,0.0,1.0,0.0,0.0,0.0,0.0,0.0,0.0,0.0,0.0,0.0,0.0,0,54e707ca-8d95-416b-895d-a1a8b73ed9a6,8.0,2.0,18.0,7.0,2.0,138.95,5.0,5.0,0.0,7.0,13.0,1.0,0.0,4.0
6.0,0.0,0.0,0.0,0.0,0.0,0.0,0.0,0.0,1.0,0.0,0.0,0.0,0,aeb03ad3-a631-43fb-b370-53689bb55b6c,17.0,6.0,18.0,12.0,2.0,249.8,2.0,5.0,1.0,13.0,7.0,1.0,0.0,4.0
4.0,0.0,0.0,0.0,0.0,0.0,1.0,0.0,0.0,0.0,0.0,0.0,0.0,0,2c55e1ab-f6bc-4977-b922-8ea328c17b4b,12.0,6.0,15.0,9.0,3.0,170.591,1.0,0.0,0.0,9.0,13.0,1.0,1.0,3.0
4.0,0.0,0.0,0.0,1.0,0.0,0.0,0.0,0.0,0.0,0.0,0.0,0.0,0,09004179-5baf-474e-95b3-f2e91d438ead,12.0,6.0,12.0,9.0,3.0,184.611,2.0,0.0,1.0,13.0,5.0,0.0,1.0,3.0
4.0,0.0,0.0,0.0,0.0,0.0,1.0,0.0,0.0,0.0,0.0,0.0,0.0,0,4d8036cc-3edc-4d83-8e4b-7afd8dba6f1b,3.0,3.0,13.0,1.0,3.0,86.385,0.0,4.0,0.0,0.0,13.0,0.0,1.0,3.0
4.0,0.0,0.0,0.0,0.0,0.0,0.0,0.0,0.0,0.0,1.0,0.0,0.0,0,138f4118-a314-4096-a3b4-373b76c74fb6,13.0,11.0,23.0,10.0,3.0,178.538,1.0,5.0,1.0,14.0,12.0,0.0,2.0,2.0
4.0,0.0,0.0,0.0,0.0,0.0,0.0,0.0,0.0,0.0,1.0,0.0,0.0,0,6c7a27ac-99f6-4e79-baa6-a7f29d69c6cb,12.0,2.0,7.0,13.0,3.0,204.2,2.0,1.0,2.0,13.0,2.0,0.0,1.0,3.0
4.0,0.0,0.0,0.0,0.0,0.0,0.0,0.0,0.0,1.0,0.0,0.0,0.0,0,d6eba345-8b95-4249-8ef3-210bab1f7b6f,24.0,8.0,13.0,14.0,3.0,264.13,0.0,0.0,1.0,13.0,10.0,1.0,1.0,3.0
4.0,0.0,0.0,0.0,0.0,0.0,0.0,0.0,0.0,0.0,0.0,1.0,0.0,0,0eaaf809-4f36-4de2-8cf2-12ce30d89d9f,15.0,6.0,16.0,11.0,3.0,224.25,3.0,0.0,0.0,7.0,13.0,1.0,1.0,3.0
4.0,0.0,0.0,0.0,0.0,0.0,0.0,1.0,0.0,0.0,0.0,0.0,0.0,0,d2d697c8-d081-4735-8f48-3bd8e73ca91f,26.0,8.0,18.0,12.0,3.0,334.542,5.0,4.0,0.0,11.0,13.0,0.0,0.0,4.0
4.0,0.0,0.0,0.0,0.0,0.0,0.0,0.0,0.0,0.0,1.0,0.0,0.0,0,5df0dd2f-0673-4647-90e2-26ef1af2eb26,14.0,4.0,4.0,10.0,3.0,225.312,1.0,0.0,1.0,13.0,3.0,0.0,0.0,4.0
4.0,0.0,0.0,0.0,0.0,0.0,0.0,0.0,0.0,0.0,1.0,0.0,0.0,0,1e996545-90a9-4724-9d33-4da81fb38daa,15.0,4.0,16.0,10.0,3.0,189.524,0.0,3.0,0.0,8.0,13.0,1.0,0.0,4.0
4.0,0.0,1.0,0.0,0.0,0.0,0.0,0.0,0.0,0.0,0.0,0.0,0.0,0,655a7edc-00fb-4898-97ac-444a8d91a4b0,14.0,5.0,13.0,11.0,3.0,200.6,1.0,3.0,0.0,7.0,13.0,1.0,0.0,4.0
4.0,0.0,1.0,0.0,0.0,0.0,0.0,0.0,0.0,0.0,0.0,0.0,0.0,0,da719d21-9b60-476e-a83e-f8d8566496c9,17.0,6.0,14.0,15.0,3.0,215.783,2.0,3.0,1.0,13.0,10.0,1.0,0.0,4.0
4.0,0.0,1.0,0.0,0.0,0.0,0.0,0.0,0.0,0.0,0.0,0.0,0.0,0,6dff9105-1176-4df2-9950-e849c4e99f36,15.0,5.0,15.0,8.0,3.0,183.304,1.0,4.0,0.0,10.0,13.0,0.0,3.0,1.0
4.0,0.0,0.0,0.0,0.0,0.0,0.0,0.0,0.0,0.0,0.0,1.0,0.0,0,ddd8713c-8075-4cb5-b5df-6c089c98e418,18.0,6.0,21.0,13.0,3.0,202.167,4.0,6.0,0.0,14.0,16.0,0.0,3.0,1.0
4.0,0.0,0.0,0.0,0.0,0.0,0.0,0.0,0.0,0.0,1.0,0.0,0.0,0,b68ff50f-5533-4e42-be02-a6782fa22252,24.0,15.0,13.0,23.0,3.0,340.591,6.0,0.0,1.0,13.0,9.0,0.0,3.0,1.0
4.0,0.0,1.0,0.0,0.0,0.0,0.0,0.0,0.0,0.0,0.0,0.0,0.0,0,f804a62a-b318-415c-bf2e-8b97f716c5d7,22.0,3.0,17.0,12.0,3.0,224.542,2.0,2.0,0.0,11.0,13.0,0.0,1.0,3.0
4.0,0.0,0.0,0.0,0.0,0.0,0.0,0.0,0.0,1.0,0.0,0.0,0.0,0,4035d6c8-f585-4646-a1b5-e75f5432c12c,15.0,7.0,20.0,15.0,3.0,162.192,1.0,0.0,1.0,14.0,12.0,1.0,1.0,3.0
4.0,0.0,0.0,0.0,0.0,0.0,0.0,1.0,0.0,0.0,0.0,0.0,0.0,0,12060635-b6a8-4c36-a09c-4381fc4caa13,14.0,5.0,18.0,7.0,3.0,150.308,2.0,3.0,0.0,12.0,14.0,0.0,1.0,3.0
4.0,0.0,0.0,0.0,0.0,0.0,0.0,0.0,0.0,0.0,0.0,1.0,0.0,0,62b265c1-b62e-4c3b-ab83-7abef4c21289,9.0,10.0,2.0,7.0,3.0,166.462,0.0,0.0,1.0,13.0,0.0,0.0,1.0,3.0
4.0,0.0,0.0,0.0,0.0,0.0,0.0,0.0,0.0,0.0,1.0,0.0,0.0,0,620dc231-61c5-42fa-a9be-f471ffe87cb2,10.0,9.0,10.0,6.0,2.0,164.053,2.0,1.0,2.0,13.0,6.0,1.0,1.0,3.0
4.0,0.0,0.0,0.0,0.0,0.0,0.0,0.0,0.0,0.0,0.0,1.0,0.0,0,9ef96f6c-be10-4048-9f87-7a6cebdbeec7,21.0,8.0,19.0,8.0,3.0,184.767,0.0,2.0,0.0,14.0,16.0,1.0,1.0,3.0
4.0,0.0,0.0,0.0,1.0,0.0,0.0,0.0,0.0,0.0,0.0,0.0,0.0,0,ed800906-2e92-492d-993e-5e61830eed64,22.0,6.0,21.0,12.0,3.0,232.214,1.0,4.0,0.0,14.0,14.0,0.0,1.0,3.0
4.0,0.0,0.0,0.0,0.0,0.0,1.0,0.0,0.0,0.0,0.0,0.0,0.0,0,96729978-d878-490b-a840-7ba14f1366b1,1.0,2.0,5.0,1.0,3.0,40.846,0.0,1.0,0.0,0.0,5.0,0.0,1.0,3.0
4.0,0.0,0.0,0.0,0.0,0.0,0.0,0.0,0.0,0.0,1.0,0.0,0.0,0,f81841a7-01d8-45eb-81fc-edc5c2607a22,17.0,5.0,11.0,14.0,3.0,246.0,2.0,0.0,1.0,13.0,6.0,0.0,1.0,3.0
4.0,0.0,0.0,0.0,0.0,0.0,0.0,0.0,0.0,0.0,0.0,1.0,0.0,0,ee91e2de-32b2-4862-a3ba-551df2806247,21.0,8.0,14.0,10.0,2.0,254.083,0.0,2.0,1.0,13.0,11.0,1.0,1.0,3.0
4.0,0.0,0.0,0.0,0.0,0.0,1.0,0.0,0.0,0.0,0.0,0.0,0.0,0,bc49d6a0-bc6a-4d4c-8145-bde0ad4671d4,12.0,7.0,15.0,7.0,3.0,203.5,4.0,1.0,0.0,5.0,13.0,0.0,1.0,3.0
4.0,0.0,1.0,0.0,0.0,0.0,0.0,0.0,0.0,0.0,0.0,0.0,0.0,0,223f8291-401f-4792-a0c2-769b5c8cbaa9,17.0,2.0,19.0,14.0,3.0,172.536,1.0,1.0,1.0,15.0,13.0,0.0,1.0,3.0
4.0,0.0,0.0,0.0,0.0,0.0,0.0,1.0,0.0,0.0,0.0,0.0,0.0,0,596ada9f-c8b1-408d-ac28-90af5f210bdd,22.0,4.0,21.0,17.0,3.0,236.0,3.0,1.0,0.0,12.0,14.0,0.0,1.0,3.0
4.0,0.0,0.0,0.0,1.0,0.0,0.0,0.0,0.0,0.0,0.0,0.0,0.0,0,15284535-4403-466e-8973-2b373d1c35e1,21.0,4.0,13.0,17.0,3.0,274.762,2.0,0.0,1.0,13.0,8.0,1.0,1.0,3.0
4.0,0.0,0.0,0.0,0.0,0.0,0.0,1.0,0.0,0.0,0.0,0.0,0.0,0,417fd860-c7d3-48a2-8bc5-1489debc9aa6,16.0,7.0,12.0,10.0,3.0,191.636,0.0,0.0,2.0,13.0,9.0,0.0,1.0,3.0
4.0,0.0,0.0,0.0,0.0,0.0,1.0,0.0,0.0,0.0,0.0,0.0,0.0,0,188c13b7-ed9e-485e-99fa-2ea7a67ab9cf,15.0,9.0,14.0,16.0,3.0,186.167,1.0,0.0,1.0,13.0,11.0,1.0,1.0,3.0
4.0,0.0,0.0,0.0,0.0,0.0,0.0,0.0,0.0,0.0,0.0,1.0,0.0,0,7bdecbfa-0ea6-48f3-a5eb-fd86ab7c9d75,15.0,7.0,10.0,12.0,3.0,201.095,1.0,1.0,2.0,13.0,8.0,0.0,1.0,3.0
4.0,0.0,0.0,0.0,0.0,0.0,1.0,0.0,0.0,0.0,0.0,0.0,0.0,0,e42984d4-6f0b-430a-ba66-bc78ddd07739,12.0,5.0,11.0,7.0,3.0,172.316,0.0,0.0,3.0,13.0,6.0,0.0,1.0,3.0
4.0,0.0,0.0,0.0,0.0,0.0,0.0,0.0,0.0,1.0,0.0,0.0,0.0,0,4597707c-6038-4926-9f16-87e95b5ff447,23.0,8.0,19.0,16.0,3.0,207.733,1.0,4.0,0.0,15.0,15.0,1.0,1.0,3.0
4.0,0.0,0.0,0.0,0.0,0.0,0.0,0.0,0.0,1.0,0.0,0.0,0.0,0,7b5c610a-5d2c-4950-a513-fd6f6a0f365b,10.0,5.0,12.0,5.0,3.0,157.778,0.0,2.0,1.0,13.0,5.0,1.0,1.0,3.0
4.0,0.0,0.0,0.0,0.0,0.0,0.0,1.0,0.0,0.0,0.0,0.0,0.0,0,755ebbab-8e79-4f48-807f-9faa983c5e7e,15.0,6.0,19.0,9.0,3.0,156.357,2.0,2.0,1.0,15.0,13.0,1.0,1.0,3.0
4.0,0.0,0.0,0.0,1.0,0.0,0.0,0.0,0.0,0.0,0.0,0.0,0.0,0,6111bbc3-62dd-46d9-93da-7f12ed4a62de,9.0,5.0,17.0,7.0,3.0,140.957,1.0,2.0,0.0,10.0,13.0,0.0,1.0,3.0
4.0,0.0,1.0,0.0,0.0,0.0,0.0,0.0,0.0,0.0,0.0,0.0,0.0,0,53ba45ed-3601-4ee0-ac51-bda1d84910a3,18.0,2.0,12.0,10.0,3.0,214.45,1.0,0.0,1.0,13.0,7.0,0.0,1.0,3.0
4.0,0.0,0.0,0.0,0.0,0.0,1.0,0.0,0.0,0.0,0.0,0.0,0.0,0,2a9e3a5b-0bbc-40fd-99f4-156022767559,20.0,9.0,18.0,13.0,3.0,265.545,1.0,1.0,0.0,9.0,13.0,0.0,1.0,3.0
5.0,0.0,0.0,0.0,0.0,0.0,0.0,1.0,0.0,0.0,0.0,0.0,0.0,0,49945f93-4c31-4165-bedb-bdf600e47930,12.0,13.0,20.0,10.0,1.0,170.083,2.0,3.0,0.0,11.0,13.0,1.0,1.0,3.0
5.0,0.0,0.0,0.0,0.0,0.0,0.0,0.0,0.0,0.0,1.0,0.0,0.0,0,b46dde6d-5c44-4d28-8758-a396ed732538,22.0,3.0,12.0,6.0,1.0,324.222,5.0,2.0,1.0,13.0,5.0,0.0,1.0,3.0
5.0,0.0,0.0,0.0,0.0,0.0,0.0,0.0,0.0,1.0,0.0,0.0,0.0,0,b18c189c-f7d3-4f3f-8e37-e070857fa154,13.0,9.0,11.0,11.0,1.0,182.524,2.0,1.0,2.0,13.0,8.0,1.0,1.0,3.0
5.0,0.0,0.0,0.0,1.0,0.0,0.0,0.0,0.0,0.0,0.0,0.0,0.0,0,89cc53ba-5479-4664-8f98-683e1e897c81,18.0,10.0,11.0,15.0,1.0,209.957,0.0,1.0,3.0,13.0,10.0,0.0,1.0,3.0
4.0,0.0,0.0,0.0,0.0,0.0,0.0,1.0,0.0,0.0,0.0,0.0,0.0,0,e4817069-70c8-47db-a960-6deaffb4c2f7,7.0,6.0,10.0,7.0,3.0,113.167,0.0,0.0,4.0,13.0,5.0,1.0,1.0,3.0
5.0,0.0,1.0,0.0,0.0,0.0,0.0,0.0,0.0,0.0,0.0,0.0,0.0,0,ab8fb01d-d149-400e-bcb7-b2e25c8ee7fd,16.0,8.0,13.0,8.0,3.0,253.95,2.0,0.0,1.0,13.0,7.0,0.0,0.0,4.0
5.0,0.0,1.0,0.0,0.0,0.0,0.0,0.0,0.0,0.0,0.0,0.0,0.0,0,3ece756e-0406-4a6d-bc00-33c3e1289224,18.0,19.0,25.0,12.0,3.0,203.767,2.0,2.0,1.0,15.0,15.0,1.0,0.0,4.0
5.0,0.0,0.0,0.0,1.0,0.0,0.0,0.0,0.0,0.0,0.0,0.0,0.0,0,9b9dbede-46d2-42ae-8067-0db1eeb719b6,16.0,8.0,18.0,13.0,3.0,184.308,2.0,1.0,0.0,12.0,14.0,1.0,0.0,4.0
5.0,0.0,0.0,0.0,0.0,0.0,0.0,0.0,0.0,0.0,1.0,0.0,0.0,0,ac04103b-cf07-4d83-93f7-e0bae38e60d6,13.0,5.0,18.0,5.0,3.0,172.409,2.0,0.0,0.0,9.0,13.0,0.0,0.0,4.0
5.0,0.0,0.0,0.0,0.0,0.0,0.0,1.0,0.0,0.0,0.0,0.0,0.0,0,90203048-f38a-400f-807d-cd01d67ce38b,10.0,2.0,14.0,5.0,3.0,201.533,2.0,0.0,0.0,2.0,13.0,1.0,0.0,4.0
5.0,0.0,0.0,0.0,1.0,0.0,0.0,0.0,0.0,0.0,0.0,0.0,0.0,0,aa6b32a2-d34f-4db2-bf81-e8b52d790155,9.0,6.0,11.0,5.0,3.0,133.211,0.0,0.0,1.0,13.0,6.0,1.0,0.0,4.0
5.0,0.0,0.0,0.0,0.0,0.0,0.0,1.0,0.0,0.0,0.0,0.0,0.0,0,4db2fb03-0734-457d-8952-70cbc6bb3628,14.0,4.0,14.0,8.0,3.0,227.667,1.0,2.0,0.0,5.0,13.0,0.0,0.0,4.0
5.0,0.0,0.0,0.0,0.0,0.0,0.0,0.0,0.0,0.0,0.0,1.0,0.0,0,efe5d470-c22f-4961-86d5-8cca570c47d1,16.0,7.0,18.0,10.0,3.0,193.417,4.0,2.0,0.0,11.0,13.0,0.0,0.0,4.0
5.0,0.0,0.0,0.0,0.0,0.0,1.0,0.0,0.0,0.0,0.0,0.0,0.0,0,a1e5c228-1d29-4d9f-9315-6d67230da22c,18.0,5.0,15.0,11.0,3.0,247.727,2.0,0.0,0.0,9.0,13.0,0.0,0.0,4.0
5.0,0.0,0.0,0.0,1.0,0.0,0.0,0.0,0.0,0.0,0.0,0.0,0.0,0,a32b83a1-3c8a-43a0-a8e3-88f88cf660a6,22.0,7.0,18.0,19.0,3.0,313.391,3.0,0.0,1.0,13.0,10.0,0.0,3.0,1.0
5.0,0.0,0.0,0.0,0.0,0.0,0.0,1.0,0.0,0.0,0.0,0.0,0.0,0,135ea325-f88e-44a2-bfd5-52d90cff3dac,21.0,10.0,17.0,14.0,3.0,297.739,2.0,5.0,2.0,13.0,10.0,1.0,3.0,1.0
5.0,0.0,0.0,0.0,0.0,0.0,0.0,0.0,0.0,1.0,0.0,0.0,0.0,0,853d1892-e78a-45ff-809a-f7c2a5073bcc,17.0,8.0,20.0,13.0,3.0,224.792,6.0,5.0,0.0,11.0,13.0,0.0,2.0,2.0
5.0,0.0,0.0,0.0,0.0,0.0,0.0,1.0,0.0,0.0,0.0,0.0,0.0,0,e1c8d1ea-9056-4f37-8642-c48005f89d6a,18.0,2.0,18.0,17.0,3.0,258.65,3.0,1.0,0.0,7.0,13.0,0.0,2.0,2.0
5.0,0.0,0.0,0.0,0.0,0.0,1.0,0.0,0.0,0.0,0.0,0.0,0.0,0,6daec91e-e4b1-488c-b15b-ec542f274dc4,21.0,7.0,17.0,15.0,3.0,273.417,3.0,2.0,1.0,13.0,11.0,0.0,0.0,4.0
5.0,0.0,0.0,0.0,0.0,0.0,1.0,0.0,0.0,0.0,0.0,0.0,0.0,0,a43296e5-dc21-4dcf-b9dd-a887326b81dd,17.0,3.0,15.0,12.0,3.0,230.15,4.0,1.0,1.0,13.0,7.0,0.0,0.0,4.0
5.0,0.0,0.0,0.0,0.0,0.0,0.0,0.0,0.0,0.0,0.0,1.0,0.0,0,c629ac51-7a73-4d8f-a5b5-373b41cfa7f8,19.0,4.0,15.0,9.0,3.0,334.611,1.0,1.0,0.0,5.0,13.0,1.0,0.0,4.0
5.0,0.0,0.0,0.0,0.0,0.0,1.0,0.0,0.0,0.0,0.0,0.0,0.0,0,c2b4f463-6470-496d-afaf-e250e344fbde,7.0,4.0,7.0,4.0,3.0,135.714,1.0,1.0,1.0,13.0,1.0,1.0,0.0,4.0
6.0,0.0,0.0,0.0,1.0,0.0,0.0,0.0,0.0,0.0,0.0,0.0,0.0,0,5cffd4e0-098c-4a9d-826d-346791abdf9a,19.0,0.0,7.0,15.0,3.0,275.824,0.0,1.0,1.0,13.0,4.0,0.0,0.0,4.0
6.0,0.0,0.0,0.0,0.0,0.0,0.0,0.0,0.0,0.0,1.0,0.0,0.0,0,07a0abb0-ec09-4e5a-b4de-ce90cfd1c831,13.0,6.0,18.0,12.0,3.0,162.038,0.0,0.0,0.0,12.0,14.0,1.0,2.0,2.0
6.0,0.0,0.0,0.0,1.0,0.0,0.0,0.0,0.0,0.0,0.0,0.0,0.0,0,70279999-6745-4eaf-8a8a-d070e8dcf49c,10.0,4.0,10.0,8.0,3.0,170.588,1.0,0.0,1.0,13.0,4.0,0.0,0.0,4.0
6.0,0.0,1.0,0.0,0.0,0.0,0.0,0.0,0.0,0.0,0.0,0.0,0.0,0,0cc82d00-b76f-4c19-8e18-ca73ce24582f,15.0,8.0,15.0,13.0,3.0,225.286,1.0,1.0,0.0,8.0,13.0,1.0,0.0,4.0
6.0,0.0,0.0,0.0,0.0,0.0,0.0,0.0,0.0,1.0,0.0,0.0,0.0,0,4ccb2729-1c3c-4366-beb5-857623bdd9bb,22.0,17.0,12.0,22.0,3.0,298.286,1.0,0.0,1.0,13.0,8.0,0.0,0.0,4.0
6.0,0.0,0.0,0.0,0.0,0.0,0.0,0.0,0.0,1.0,0.0,0.0,0.0,0,5d4e4188-b610-4d2e-8700-dcb301447714,9.0,9.0,13.0,6.0,3.0,143.667,0.0,2.0,0.0,5.0,13.0,0.0,0.0,4.0
6.0,0.0,0.0,0.0,0.0,0.0,0.0,1.0,0.0,0.0,0.0,0.0,0.0,0,63569cff-4c4e-4b1b-a64a-bfc9478c395a,16.0,1.0,15.0,11.0,3.0,187.348,1.0,3.0,1.0,13.0,10.0,1.0,0.0,4.0
6.0,0.0,0.0,0.0,0.0,0.0,0.0,1.0,0.0,0.0,0.0,0.0,0.0,0,bc891482-1682-4659-a686-fda2a77121e0,18.0,1.0,17.0,14.0,3.0,265.15,2.0,2.0,0.0,7.0,13.0,1.0,0.0,4.0
6.0,0.0,0.0,0.0,1.0,0.0,0.0,0.0,0.0,0.0,0.0,0.0,0.0,0,f98b441c-0a8b-4b14-80df-6d5b92626e9a,25.0,9.0,16.0,19.0,3.0,288.708,1.0,1.0,0.0,11.0,13.0,0.0,0.0,4.0
6.0,0.0,0.0,0.0,0.0,0.0,0.0,0.0,0.0,1.0,0.0,0.0,0.0,0,08f5f5dd-bb3f-4dbe-8d3d-977ba0adff3a,16.0,3.0,13.0,14.0,3.0,246.389,6.0,1.0,1.0,13.0,5.0,1.0,0.0,4.0
6.0,0.0,0.0,0.0,0.0,0.0,0.0,0.0,0.0,0.0,0.0,1.0,0.0,0,2a748ea6-3d90-48d3-ae78-d00389b9538e,13.0,11.0,13.0,7.0,3.0,140.375,1.0,1.0,2.0,13.0,11.0,1.0,0.0,4.0
6.0,0.0,0.0,0.0,0.0,0.0,1.0,0.0,0.0,0.0,0.0,0.0,0.0,0,8f1b5e0d-d47b-49f7-90f2-338c09af265b,20.0,4.0,18.0,17.0,3.0,227.75,1.0,0.0,0.0,11.0,13.0,1.0,1.0,3.0
6.0,0.0,1.0,0.0,0.0,0.0,0.0,0.0,0.0,0.0,0.0,0.0,0.0,0,e4f23d53-2376-416d-bf7c-8ce488908b9a,15.0,6.0,14.0,8.0,3.0,175.261,1.0,1.0,0.0,10.0,13.0,0.0,1.0,3.0
6.0,0.0,0.0,0.0,0.0,0.0,0.0,0.0,0.0,0.0,0.0,1.0,0.0,0,e7d9fbdd-e1dd-430a-8d82-628c2ab93805,11.0,7.0,12.0,7.0,3.0,144.556,2.0,0.0,1.0,13.0,5.0,0.0,1.0,3.0
6.0,0.0,0.0,0.0,0.0,0.0,1.0,0.0,0.0,0.0,0.0,0.0,0.0,0,95c87d1a-9f2d-4046-af10-e4ee5ec62910,12.0,2.0,17.0,9.0,3.0,145.826,3.0,4.0,2.0,13.0,10.0,1.0,1.0,3.0
6.0,0.0,0.0,0.0,0.0,0.0,0.0,1.0,0.0,0.0,0.0,0.0,0.0,0,f260cea6-bc76-4283-96d3-48ee259a6f0c,12.0,1.0,8.0,6.0,3.0,199.938,2.0,0.0,3.0,13.0,3.0,1.0,1.0,3.0
6.0,0.0,1.0,0.0,0.0,0.0,0.0,0.0,0.0,0.0,0.0,0.0,0.0,0,a1743e10-e583-43ed-9313-2b227208bd0e,17.0,3.0,15.0,17.0,2.0,211.136,3.0,4.0,1.0,13.0,9.0,1.0,0.0,4.0
6.0,0.0,0.0,0.0,0.0,0.0,1.0,0.0,0.0,0.0,0.0,0.0,0.0,0,01f5f6c2-be68-4d7a-8a8d-809c7c3a8cd7,22.0,7.0,15.0,16.0,2.0,296.364,3.0,1.0,0.0,9.0,13.0,0.0,0.0,4.0
6.0,0.0,0.0,0.0,0.0,0.0,0.0,0.0,0.0,0.0,0.0,1.0,0.0,0,d401c79b-ce10-4546-bfdc-f2328069d39a,12.0,5.0,18.0,7.0,2.0,194.3,3.0,2.0,0.0,7.0,13.0,1.0,0.0,4.0
6.0,0.0,0.0,0.0,0.0,0.0,0.0,0.0,0.0,0.0,0.0,1.0,0.0,0,f6c77222-3a97-4d18-a4de-2b8e65bc8233,23.0,2.0,19.0,20.0,3.0,287.304,6.0,1.0,0.0,10.0,13.0,1.0,1.0,3.0
6.0,0.0,0.0,0.0,0.0,0.0,1.0,0.0,0.0,0.0,0.0,0.0,0.0,0,6617961c-69b6-473f-8478-025bc4535245,18.0,7.0,19.0,15.0,2.0,205.391,1.0,1.0,0.0,10.0,13.0,1.0,0.0,4.0
6.0,0.0,0.0,0.0,1.0,0.0,0.0,0.0,0.0,0.0,0.0,0.0,0.0,0,2d0a42c5-aeeb-4105-bdda-9bd8e862f722,14.0,6.0,17.0,13.0,2.0,162.591,0.0,3.0,0.0,9.0,13.0,1.0,0.0,4.0
6.0,0.0,1.0,0.0,0.0,0.0,0.0,0.0,0.0,0.0,0.0,0.0,0.0,0,a7f8cd2d-60a3-4157-8bf4-cf8f444c5dfb,15.0,3.0,14.0,9.0,2.0,243.444,1.0,1.0,0.0,5.0,13.0,0.0,1.0,3.0
6.0,0.0,0.0,0.0,1.0,0.0,0.0,0.0,0.0,0.0,0.0,0.0,0.0,0,f1b2cbdd-f68c-49d7-b5ef-75daefbf0612,13.0,0.0,17.0,10.0,2.0,164.35,3.0,2.0,0.0,7.0,13.0,0.0,1.0,3.0
6.0,0.0,0.0,0.0,0.0,0.0,1.0,0.0,0.0,0.0,0.0,0.0,0.0,0,320a090c-cd3f-4941-ad97-f17ad9cc8eb7,24.0,1.0,15.0,17.0,2.0,274.917,3.0,2.0,1.0,13.0,11.0,0.0,1.0,3.0
6.0,0.0,1.0,0.0,0.0,0.0,0.0,0.0,0.0,0.0,0.0,0.0,0.0,0,4b09eae0-eed3-4743-8e3f-1a5c66622ebf,4.0,6.0,20.0,3.0,2.0,79.304,1.0,0.0,0.0,10.0,13.0,0.0,0.0,4.0
6.0,0.0,0.0,0.0,0.0,0.0,1.0,0.0,0.0,0.0,0.0,0.0,0.0,0,76db7ff9-2427-46ae-bb32-981119d52e87,15.0,12.0,19.0,11.0,2.0,200.958,2.0,1.0,0.0,11.0,13.0,1.0,0.0,4.0
6.0,0.0,0.0,0.0,0.0,0.0,0.0,0.0,0.0,1.0,0.0,0.0,0.0,0,51b3dff7-fd81-4cdd-bcf8-3a28ada557ab,24.0,7.0,18.0,20.0,2.0,265.962,1.0,0.0,1.0,14.0,12.0,0.0,0.0,4.0
6.0,0.0,0.0,0.0,0.0,0.0,0.0,0.0,0.0,0.0,1.0,0.0,0.0,0,72d48ea6-799e-498d-8bce-c439ac8defac,13.0,8.0,18.0,13.0,1.0,196.952,1.0,3.0,1.0,13.0,8.0,0.0,0.0,4.0
6.0,0.0,1.0,0.0,0.0,0.0,0.0,0.0,0.0,0.0,0.0,0.0,0.0,0,8f3a8aeb-793d-4d51-af40-ea6673c93146,20.0,3.0,17.0,16.0,1.0,225.375,2.0,5.0,2.0,13.0,11.0,0.0,0.0,4.0
6.0,0.0,0.0,0.0,0.0,0.0,0.0,0.0,0.0,0.0,1.0,0.0,0.0,0,6256c689-c758-43b0-8584-aa9d6745258e,24.0,11.0,17.0,18.0,1.0,195.833,0.0,0.0,2.0,15.0,15.0,1.0,0.0,4.0
6.0,0.0,0.0,0.0,0.0,0.0,0.0,0.0,0.0,0.0,0.0,1.0,0.0,0,3940fbc8-3354-4b92-a7db-06bb25a2d0bc,4.0,8.0,16.0,3.0,2.0,69.105,0.0,1.0,0.0,6.0,13.0,0.0,0.0,4.0
6.0,0.0,0.0,0.0,0.0,0.0,0.0,0.0,0.0,0.0,1.0,0.0,0.0,0,4f8c6a1f-964e-48dd-888a-aedd7b71f66b,13.0,10.0,15.0,10.0,2.0,147.577,1.0,0.0,1.0,14.0,12.0,1.0,0.0,4.0
6.0,0.0,0.0,0.0,0.0,0.0,0.0,0.0,0.0,0.0,0.0,1.0,0.0,0,df4d8ce6-3215-4710-a1b8-4a5586e9c723,16.0,4.0,15.0,11.0,2.0,199.542,2.0,2.0,2.0,13.0,11.0,0.0,0.0,4.0
6.0,0.0,0.0,0.0,0.0,0.0,1.0,0.0,0.0,0.0,0.0,0.0,0.0,0,78c0d7ef-15c4-4cef-8679-b78942eafd3b,6.0,2.0,13.0,4.0,2.0,117.765,1.0,5.0,3.0,13.0,4.0,0.0,0.0,4.0
8.0,0.0,0.0,0.0,0.0,0.0,0.0,0.0,0.0,0.0,0.0,1.0,0.0,0,e200e252-5a6c-409f-aa7f-f7bd1c81acbf,24.0,3.0,15.0,18.0,0.0,319.238,6.0,4.0,1.0,13.0,8.0,1.0,0.0,4.0
8.0,0.0,0.0,0.0,0.0,0.0,0.0,1.0,0.0,0.0,0.0,0.0,0.0,0,bd9b828a-14ea-4ce9-af50-4ddd1211597f,21.0,2.0,14.0,19.0,0.0,288.762,4.0,0.0,1.0,13.0,8.0,0.0,0.0,4.0
7.0,0.0,0.0,0.0,0.0,0.0,0.0,0.0,0.0,0.0,1.0,0.0,0.0,0,2c00c11e-859e-4788-a512-73d92dfa01a1,17.0,4.0,13.0,14.0,1.0,232.632,2.0,0.0,1.0,13.0,6.0,1.0,0.0,4.0
5.0,0.0,0.0,0.0,0.0,0.0,0.0,1.0,0.0,0.0,0.0,0.0,0.0,0,db56099c-8a7e-4bb8-a5d9-7df7a73b8066,11.0,2.0,14.0,7.0,2.0,173.167,2.0,4.0,0.0,5.0,13.0,1.0,2.0,2.0
5.0,0.0,0.0,0.0,0.0,0.0,0.0,0.0,0.0,0.0,0.0,1.0,0.0,0,69a933b5-c383-4f33-ac6f-a8560d04c211,18.0,5.0,9.0,15.0,2.0,279.842,4.0,2.0,1.0,13.0,6.0,1.0,2.0,2.0
5.0,0.0,0.0,0.0,0.0,0.0,0.0,0.0,0.0,0.0,1.0,0.0,0.0,0,f641bbff-3640-4ff5-8058-bb1f81922fcb,27.0,4.0,23.0,15.0,2.0,281.357,4.0,0.0,2.0,15.0,13.0,1.0,2.0,2.0
5.0,0.0,0.0,0.0,0.0,0.0,0.0,0.0,0.0,1.0,0.0,0.0,0.0,0,72fad432-23ad-4f04-9ddb-83f28e5d46a3,23.0,8.0,17.0,18.0,2.0,281.565,0.0,1.0,0.0,10.0,13.0,0.0,2.0,2.0
5.0,0.0,0.0,0.0,0.0,0.0,1.0,0.0,0.0,0.0,0.0,0.0,0.0,0,b06012a7-07e5-4f9a-b0e6-c8d32ab2909a,10.0,2.0,16.0,6.0,2.0,139.35,0.0,2.0,0.0,7.0,13.0,0.0,2.0,2.0
